config_id,recipe,size,run_id,seed,selected_step,schedule_label,hf_repo,hf_revision,repo_access,reduction_file,reduction_sha256,reduction_bytes,evidence
Falcon-with-cc-top-orig-10p__150M,Falcon-with-cc-top-orig-10p,150M,Falcon-with-cc-top-orig-10p__150M__seed-2__step-37500,2,37500,default,allenai/DataDecide-Falcon-with-cc-top-orig-10p-150M,step37500-seed-default,refuses_unauthenticated,Falcon-with-cc-top-orig-10p__150M__seed-2__step-37500.npz,ca2a27810aa70c0ef205f72ed9232694d9852fcc9b997c8f849ac1137b7a68ba,134007,"OBSERVED for the hash, the size and the access code; OBSERVED for the branch mapping through rescoring"
Falcon-with-cc-top-orig-10p__150M,Falcon-with-cc-top-orig-10p,150M,Falcon-with-cc-top-orig-10p__150M__seed-14__step-37500,14,37500,auxiliary,allenai/DataDecide-Falcon-with-cc-top-orig-10p-150M,step37500-seed-small-aux-2,refuses_unauthenticated,Falcon-with-cc-top-orig-10p__150M__seed-14__step-37500.npz,165c81a19ad97846e003b97daca80f1d09bda663584ca326511e6fe54efa8119,133994,"OBSERVED for the hash, the size and the access code; OBSERVED for the branch mapping through rescoring"
Falcon-with-cc-top-orig-10p__150M,Falcon-with-cc-top-orig-10p,150M,Falcon-with-cc-top-orig-10p__150M__seed-15__step-37500,15,37500,auxiliary,allenai/DataDecide-Falcon-with-cc-top-orig-10p-150M,step37500-seed-small-aux-3,refuses_unauthenticated,Falcon-with-cc-top-orig-10p__150M__seed-15__step-37500.npz,f92039fd9dbbea7dbe77d492bd92a85e26b3c9108fc18e0918df03ce84527935,133895,"OBSERVED for the hash, the size and the access code; OBSERVED for the branch mapping through rescoring"
Falcon-with-cc-top-orig-10p__1B,Falcon-with-cc-top-orig-10p,1B,Falcon-with-cc-top-orig-10p__1B__seed-2__step-69369,2,69369,default,allenai/DataDecide-Falcon-with-cc-top-orig-10p-1B,step69369-seed-default,refuses_unauthenticated,Falcon-with-cc-top-orig-10p__1B__seed-2__step-69369.npz,9c4c4072cd950731418642ed38ebf2085b836f2b474d1152759eba12771065ea,134221,"OBSERVED for the hash, the size and the access code; OBSERVED for the branch mapping through rescoring"
Falcon-with-cc-top-orig-10p__1B,Falcon-with-cc-top-orig-10p,1B,Falcon-with-cc-top-orig-10p__1B__seed-4__step-69369,4,69369,auxiliary,allenai/DataDecide-Falcon-with-cc-top-orig-10p-1B,step69369-seed-large-aux-2,refuses_unauthenticated,Falcon-with-cc-top-orig-10p__1B__seed-4__step-69369.npz,3cff334659e8d664cbb88dc6c443e4c309c5d8f35e3575ebd82511d745c1bd51,134254,"OBSERVED for the hash, the size and the access code; OBSERVED for the branch mapping through rescoring"
Falcon-with-cc-top-orig-10p__1B,Falcon-with-cc-top-orig-10p,1B,Falcon-with-cc-top-orig-10p__1B__seed-5__step-69369,5,69369,auxiliary,allenai/DataDecide-Falcon-with-cc-top-orig-10p-1B,step69369-seed-large-aux-3,refuses_unauthenticated,Falcon-with-cc-top-orig-10p__1B__seed-5__step-69369.npz,3519480419eb432bcff5a22e3d8835dfee10748cde9204b264f3363e310c98af,134096,"OBSERVED for the hash, the size and the access code; OBSERVED for the branch mapping through rescoring"
Falcon-with-cc-top-orig-10p__300M,Falcon-with-cc-top-orig-10p,300M,Falcon-with-cc-top-orig-10p__300M__seed-2__step-45000,2,45000,default,allenai/DataDecide-Falcon-with-cc-top-orig-10p-300M,step45000-seed-default,refuses_unauthenticated,Falcon-with-cc-top-orig-10p__300M__seed-2__step-45000.npz,3eb31182e62bfa90b7ff5fdd80fa4852a7fcfd83a0b4fec60fe3c94786eeb4e4,134348,"OBSERVED for the hash, the size and the access code; OBSERVED for the branch mapping through rescoring"
Falcon-with-cc-top-orig-10p__300M,Falcon-with-cc-top-orig-10p,300M,Falcon-with-cc-top-orig-10p__300M__seed-14__step-45000,14,45000,auxiliary,allenai/DataDecide-Falcon-with-cc-top-orig-10p-300M,step45000-seed-small-aux-2,refuses_unauthenticated,Falcon-with-cc-top-orig-10p__300M__seed-14__step-45000.npz,c3e293966bce5d4743475de3a3b3d9b73cce721c108e46829a9ef4f7dbda0f1c,134233,"OBSERVED for the hash, the size and the access code; OBSERVED for the branch mapping through rescoring"
Falcon-with-cc-top-orig-10p__300M,Falcon-with-cc-top-orig-10p,300M,Falcon-with-cc-top-orig-10p__300M__seed-15__step-45000,15,45000,auxiliary,allenai/DataDecide-Falcon-with-cc-top-orig-10p-300M,step45000-seed-small-aux-3,refuses_unauthenticated,Falcon-with-cc-top-orig-10p__300M__seed-15__step-45000.npz,345699811bb72e949b4b38ae7197cc39f0d419603e4cfa1d1603d997fea5cc32,134099,"OBSERVED for the hash, the size and the access code; OBSERVED for the branch mapping through rescoring"
Falcon-with-cc-top-orig-10p__530M,Falcon-with-cc-top-orig-10p,530M,Falcon-with-cc-top-orig-10p__530M__seed-2__step-51250,2,51250,default,allenai/DataDecide-Falcon-with-cc-top-orig-10p-530M,step51250-seed-default,refuses_unauthenticated,Falcon-with-cc-top-orig-10p__530M__seed-2__step-51250.npz,a4545f153dbc28858f3682a13bae4edb65a0cd3fdcbf1928491ec974dfe8c5f0,134161,"OBSERVED for the hash, the size and the access code; OBSERVED for the branch mapping through rescoring"
Falcon-with-cc-top-orig-10p__530M,Falcon-with-cc-top-orig-10p,530M,Falcon-with-cc-top-orig-10p__530M__seed-14__step-51250,14,51250,auxiliary,allenai/DataDecide-Falcon-with-cc-top-orig-10p-530M,step51250-seed-small-aux-2,refuses_unauthenticated,Falcon-with-cc-top-orig-10p__530M__seed-14__step-51250.npz,498b8f673c2b4896e2ac708019dd5e1b028f888566052629c731933fe46e0e4f,134162,"OBSERVED for the hash, the size and the access code; OBSERVED for the branch mapping through rescoring"
Falcon-with-cc-top-orig-10p__530M,Falcon-with-cc-top-orig-10p,530M,Falcon-with-cc-top-orig-10p__530M__seed-15__step-51250,15,51250,auxiliary,allenai/DataDecide-Falcon-with-cc-top-orig-10p-530M,step51250-seed-small-aux-3,refuses_unauthenticated,Falcon-with-cc-top-orig-10p__530M__seed-15__step-51250.npz,c76903ccb998bc782a9fcbfaf91fece65393e5d92700708b172a6de3b2fe18f3,134242,"OBSERVED for the hash, the size and the access code; OBSERVED for the branch mapping through rescoring"
Falcon-with-cc-top-orig-10p__750M,Falcon-with-cc-top-orig-10p,750M,Falcon-with-cc-top-orig-10p__750M__seed-2__step-27500,2,27500,default,allenai/DataDecide-Falcon-with-cc-top-orig-10p-750M,step27500-seed-default,refuses_unauthenticated,Falcon-with-cc-top-orig-10p__750M__seed-2__step-27500.npz,f878c60cd58719e016ce86006b4bd9ed4db885185479336c45f13526e4a5cc85,134365,"OBSERVED for the hash, the size and the access code; OBSERVED for the branch mapping through rescoring"
Falcon-with-cc-top-orig-10p__750M,Falcon-with-cc-top-orig-10p,750M,Falcon-with-cc-top-orig-10p__750M__seed-14__step-27500,14,27500,auxiliary,allenai/DataDecide-Falcon-with-cc-top-orig-10p-750M,step27500-seed-small-aux-2,refuses_unauthenticated,Falcon-with-cc-top-orig-10p__750M__seed-14__step-27500.npz,67e4f5d12d4f3ba1ab26dfcc79b1c53bfac3511596be12cb8af0ca2e1bdbd467,134350,"OBSERVED for the hash, the size and the access code; OBSERVED for the branch mapping through rescoring"
Falcon-with-cc-top-orig-10p__750M,Falcon-with-cc-top-orig-10p,750M,Falcon-with-cc-top-orig-10p__750M__seed-15__step-27500,15,27500,auxiliary,allenai/DataDecide-Falcon-with-cc-top-orig-10p-750M,step27500-seed-small-aux-3,refuses_unauthenticated,Falcon-with-cc-top-orig-10p__750M__seed-15__step-27500.npz,f30795f113e33573181e302f0e5f212cb24f7313dad36ff52b1de11711cc1088,134253,"OBSERVED for the hash, the size and the access code; OBSERVED for the branch mapping through rescoring"
Falcon-with-cc-top-tulu-10p__150M,Falcon-with-cc-top-tulu-10p,150M,Falcon-with-cc-top-tulu-10p__150M__seed-2__step-38157,2,38157,default,allenai/DataDecide-Falcon-with-cc-top-tulu-10p-150M,step38157-seed-default,refuses_unauthenticated,Falcon-with-cc-top-tulu-10p__150M__seed-2__step-38157.npz,f653e2d43467cd84c47db09a962a811c3828d7be88bbfe452e1e0d58d82b4fae,133846,"OBSERVED for the hash, the size and the access code; OBSERVED for the branch mapping through rescoring"
Falcon-with-cc-top-tulu-10p__150M,Falcon-with-cc-top-tulu-10p,150M,Falcon-with-cc-top-tulu-10p__150M__seed-14__step-38157,14,38157,auxiliary,allenai/DataDecide-Falcon-with-cc-top-tulu-10p-150M,step38157-seed-small-aux-2,refuses_unauthenticated,Falcon-with-cc-top-tulu-10p__150M__seed-14__step-38157.npz,ac2017e2ed1db4ee75528c54c08e86a6723897a1e021ac9738b53c017d3618dd,133800,"OBSERVED for the hash, the size and the access code; OBSERVED for the branch mapping through rescoring"
Falcon-with-cc-top-tulu-10p__150M,Falcon-with-cc-top-tulu-10p,150M,Falcon-with-cc-top-tulu-10p__150M__seed-15__step-38157,15,38157,auxiliary,allenai/DataDecide-Falcon-with-cc-top-tulu-10p-150M,step38157-seed-small-aux-3,refuses_unauthenticated,Falcon-with-cc-top-tulu-10p__150M__seed-15__step-38157.npz,8f3dab37622deca64e6a6931a1be5fd3826f661a2ef9f5ec8d8eacb2d4c18dac,134006,"OBSERVED for the hash, the size and the access code; OBSERVED for the branch mapping through rescoring"
Falcon-with-cc-top-tulu-10p__1B,Falcon-with-cc-top-tulu-10p,1B,Falcon-with-cc-top-tulu-10p__1B__seed-2__step-69369,2,69369,default,allenai/DataDecide-Falcon-with-cc-top-tulu-10p-1B,step69369-seed-default,refuses_unauthenticated,Falcon-with-cc-top-tulu-10p__1B__seed-2__step-69369.npz,40e3c4aa9ec5b0ddcc883945c665cd1bd5333da947a13437ffe1a8d83323d1da,134091,"OBSERVED for the hash, the size and the access code; OBSERVED for the branch mapping through rescoring"
Falcon-with-cc-top-tulu-10p__1B,Falcon-with-cc-top-tulu-10p,1B,Falcon-with-cc-top-tulu-10p__1B__seed-4__step-69369,4,69369,auxiliary,allenai/DataDecide-Falcon-with-cc-top-tulu-10p-1B,step69369-seed-large-aux-2,refuses_unauthenticated,Falcon-with-cc-top-tulu-10p__1B__seed-4__step-69369.npz,e466b84c391ac7a830364713614054e062b4a692fb9091a3638eef986faa08f6,134071,"OBSERVED for the hash, the size and the access code; OBSERVED for the branch mapping through rescoring"
Falcon-with-cc-top-tulu-10p__1B,Falcon-with-cc-top-tulu-10p,1B,Falcon-with-cc-top-tulu-10p__1B__seed-5__step-69369,5,69369,auxiliary,allenai/DataDecide-Falcon-with-cc-top-tulu-10p-1B,step69369-seed-large-aux-3,refuses_unauthenticated,Falcon-with-cc-top-tulu-10p__1B__seed-5__step-69369.npz,06e62812d7fb6360e453f2b69f8563c98aab9512faad8e273e7deccbf880ee0c,134174,"OBSERVED for the hash, the size and the access code; OBSERVED for the branch mapping through rescoring"
Falcon-with-cc-top-tulu-10p__300M,Falcon-with-cc-top-tulu-10p,300M,Falcon-with-cc-top-tulu-10p__300M__seed-2__step-45000,2,45000,default,allenai/DataDecide-Falcon-with-cc-top-tulu-10p-300M,step45000-seed-default,refuses_unauthenticated,Falcon-with-cc-top-tulu-10p__300M__seed-2__step-45000.npz,12bac0d45e3bab9fc645cbc1930dec2bbc9e690b46fbfe05b467e7512871f0ac,134292,"OBSERVED for the hash, the size and the access code; OBSERVED for the branch mapping through rescoring"
Falcon-with-cc-top-tulu-10p__300M,Falcon-with-cc-top-tulu-10p,300M,Falcon-with-cc-top-tulu-10p__300M__seed-14__step-45000,14,45000,auxiliary,allenai/DataDecide-Falcon-with-cc-top-tulu-10p-300M,step45000-seed-small-aux-2,refuses_unauthenticated,Falcon-with-cc-top-tulu-10p__300M__seed-14__step-45000.npz,e00f273567ba438e4bd35950033136efc5b9ee168a4ec9e590f76ff09083274b,134247,"OBSERVED for the hash, the size and the access code; OBSERVED for the branch mapping through rescoring"
Falcon-with-cc-top-tulu-10p__300M,Falcon-with-cc-top-tulu-10p,300M,Falcon-with-cc-top-tulu-10p__300M__seed-15__step-45000,15,45000,auxiliary,allenai/DataDecide-Falcon-with-cc-top-tulu-10p-300M,step45000-seed-small-aux-3,refuses_unauthenticated,Falcon-with-cc-top-tulu-10p__300M__seed-15__step-45000.npz,fb2c9a426e6c89cd481b824fc492fdf7c56e7a9e2f579204f2554e5504fb532c,134115,"OBSERVED for the hash, the size and the access code; OBSERVED for the branch mapping through rescoring"
Falcon-with-cc-top-tulu-10p__530M,Falcon-with-cc-top-tulu-10p,530M,Falcon-with-cc-top-tulu-10p__530M__seed-2__step-51250,2,51250,default,allenai/DataDecide-Falcon-with-cc-top-tulu-10p-530M,step51250-seed-default,refuses_unauthenticated,Falcon-with-cc-top-tulu-10p__530M__seed-2__step-51250.npz,3022f6d2cd064c329eb3ae2df1e642abd3b4aad2ff002fc916c9be88bdd3ac0a,134207,"OBSERVED for the hash, the size and the access code; OBSERVED for the branch mapping through rescoring"
Falcon-with-cc-top-tulu-10p__530M,Falcon-with-cc-top-tulu-10p,530M,Falcon-with-cc-top-tulu-10p__530M__seed-14__step-51250,14,51250,auxiliary,allenai/DataDecide-Falcon-with-cc-top-tulu-10p-530M,step51250-seed-small-aux-2,refuses_unauthenticated,Falcon-with-cc-top-tulu-10p__530M__seed-14__step-51250.npz,8f6f16311195bbb6a2648e751afa68bb632ecb498ba03b405c005abe9ec4e77d,134073,"OBSERVED for the hash, the size and the access code; OBSERVED for the branch mapping through rescoring"
Falcon-with-cc-top-tulu-10p__530M,Falcon-with-cc-top-tulu-10p,530M,Falcon-with-cc-top-tulu-10p__530M__seed-15__step-51250,15,51250,auxiliary,allenai/DataDecide-Falcon-with-cc-top-tulu-10p-530M,step51250-seed-small-aux-3,refuses_unauthenticated,Falcon-with-cc-top-tulu-10p__530M__seed-15__step-51250.npz,ddf5e60cb59423425368918a20618359d4031c9b13d2e7773cc5f6989efa0846,134409,"OBSERVED for the hash, the size and the access code; OBSERVED for the branch mapping through rescoring"
Falcon-with-cc-top-tulu-10p__750M,Falcon-with-cc-top-tulu-10p,750M,Falcon-with-cc-top-tulu-10p__750M__seed-2__step-27500,2,27500,default,allenai/DataDecide-Falcon-with-cc-top-tulu-10p-750M,step27500-seed-default,refuses_unauthenticated,Falcon-with-cc-top-tulu-10p__750M__seed-2__step-27500.npz,facefc15444c7dd27bb972c5545f166059d26b4c3c2baf63f63708599e94f999,134261,"OBSERVED for the hash, the size and the access code; OBSERVED for the branch mapping through rescoring"
Falcon-with-cc-top-tulu-10p__750M,Falcon-with-cc-top-tulu-10p,750M,Falcon-with-cc-top-tulu-10p__750M__seed-14__step-27500,14,27500,auxiliary,allenai/DataDecide-Falcon-with-cc-top-tulu-10p-750M,step27500-seed-small-aux-2,refuses_unauthenticated,Falcon-with-cc-top-tulu-10p__750M__seed-14__step-27500.npz,a1ed5354713e1df54491299e146074b9375edb0f8ec3dcb7322fd0887f84e41b,134050,"OBSERVED for the hash, the size and the access code; OBSERVED for the branch mapping through rescoring"
Falcon-with-cc-top-tulu-10p__750M,Falcon-with-cc-top-tulu-10p,750M,Falcon-with-cc-top-tulu-10p__750M__seed-15__step-27500,15,27500,auxiliary,allenai/DataDecide-Falcon-with-cc-top-tulu-10p-750M,step27500-seed-small-aux-3,refuses_unauthenticated,Falcon-with-cc-top-tulu-10p__750M__seed-15__step-27500.npz,519a652c8ce721c2e089dd3d23ff14da14f90702abf3263e73864277073682ac,134116,"OBSERVED for the hash, the size and the access code; OBSERVED for the branch mapping through rescoring"
c4__150M,c4,150M,c4__150M__seed-2__step-37500,2,37500,default,allenai/DataDecide-c4-150M,step37500-seed-default,resolves_anonymously,c4__150M__seed-2__step-37500.npz,33d99cc2a4f1211a8da07832fa60d244ebc5d7cd837d288374a9d81400bb16b8,133924,"OBSERVED for the hash, the size and the access code; OBSERVED for the branch mapping through rescoring"
c4__150M,c4,150M,c4__150M__seed-14__step-37500,14,37500,auxiliary,allenai/DataDecide-c4-150M,step37500-seed-small-aux-2,resolves_anonymously,c4__150M__seed-14__step-37500.npz,bc1da15887a622d9ace3f5fb83fbf0e89ec7152fffcdf61d4082656069159e67,133903,"OBSERVED for the hash, the size and the access code; OBSERVED for the branch mapping through rescoring"
c4__150M,c4,150M,c4__150M__seed-15__step-37500,15,37500,auxiliary,allenai/DataDecide-c4-150M,step37500-seed-small-aux-3,resolves_anonymously,c4__150M__seed-15__step-37500.npz,4b5d8726102c3403e7d8aa8a1d4f87e19e8abcbf2e77e09bef41a8730c81a5ae,133916,"OBSERVED for the hash, the size and the access code; OBSERVED for the branch mapping through rescoring"
c4__1B,c4,1B,c4__1B__seed-2__step-69369,2,69369,default,allenai/DataDecide-c4-1B,step69369-seed-default,resolves_anonymously,c4__1B__seed-2__step-69369.npz,d6568ff8fdf5f2e936a038176cf621a38c84f97664fb00365d0bbdf02a6e0f9c,134197,"OBSERVED for the hash, the size and the access code; OBSERVED for the branch mapping through rescoring"
c4__1B,c4,1B,c4__1B__seed-4__step-69369,4,69369,auxiliary,allenai/DataDecide-c4-1B,step69369-seed-large-aux-2,resolves_anonymously,c4__1B__seed-4__step-69369.npz,d05ec0f4de1117a8ad23ff0baf39f2b21cd95ac362347fad15b105676ffd0356,134115,"OBSERVED for the hash, the size and the access code; OBSERVED for the branch mapping through rescoring"
c4__1B,c4,1B,c4__1B__seed-5__step-69369,5,69369,auxiliary,allenai/DataDecide-c4-1B,step69369-seed-large-aux-3,resolves_anonymously,c4__1B__seed-5__step-69369.npz,aa4723e606adf2f6337205049a52c426ab3efb9b337b4b75ea46b7341bf17b29,134093,"OBSERVED for the hash, the size and the access code; OBSERVED for the branch mapping through rescoring"
c4__300M,c4,300M,c4__300M__seed-2__step-45000,2,45000,default,allenai/DataDecide-c4-300M,step45000-seed-default,resolves_anonymously,c4__300M__seed-2__step-45000.npz,66d0db5b06197d96e7e62cedcc5a8d3bbdcce169b6b7389a194a15a2cede7cac,134190,"OBSERVED for the hash, the size and the access code; OBSERVED for the branch mapping through rescoring"
c4__300M,c4,300M,c4__300M__seed-14__step-45000,14,45000,auxiliary,allenai/DataDecide-c4-300M,step45000-seed-small-aux-2,resolves_anonymously,c4__300M__seed-14__step-45000.npz,bb48f76d73170fc53c0c331d8093b6139f5e24aa866c6338fb64725d214494ba,134031,"OBSERVED for the hash, the size and the access code; OBSERVED for the branch mapping through rescoring"
c4__300M,c4,300M,c4__300M__seed-15__step-45000,15,45000,auxiliary,allenai/DataDecide-c4-300M,step45000-seed-small-aux-3,resolves_anonymously,c4__300M__seed-15__step-45000.npz,1a328f66c3f68cdb2cbad7824474b3f16eb606e5f86aacad12487c3f6c4ddb89,134069,"OBSERVED for the hash, the size and the access code; OBSERVED for the branch mapping through rescoring"
c4__530M,c4,530M,c4__530M__seed-2__step-51250,2,51250,default,allenai/DataDecide-c4-530M,step51250-seed-default,resolves_anonymously,c4__530M__seed-2__step-51250.npz,72331b9b346bf11c5dad1212e58f2b955612849906359cd3ca5fc0f088062637,134131,"OBSERVED for the hash, the size and the access code; OBSERVED for the branch mapping through rescoring"
c4__530M,c4,530M,c4__530M__seed-14__step-51250,14,51250,auxiliary,allenai/DataDecide-c4-530M,step51250-seed-small-aux-2,resolves_anonymously,c4__530M__seed-14__step-51250.npz,7fb51a0241971f030ff95c27b5fe595a672d5179af714e4c3d66257e9148db27,134120,"OBSERVED for the hash, the size and the access code; OBSERVED for the branch mapping through rescoring"
c4__530M,c4,530M,c4__530M__seed-15__step-51250,15,51250,auxiliary,allenai/DataDecide-c4-530M,step51250-seed-small-aux-3,resolves_anonymously,c4__530M__seed-15__step-51250.npz,8cd9790ce7aa8d5305b6ede8321fac30b96414cc60d10ed671279488640fc4a3,134211,"OBSERVED for the hash, the size and the access code; OBSERVED for the branch mapping through rescoring"
c4__750M,c4,750M,c4__750M__seed-2__step-27500,2,27500,default,allenai/DataDecide-c4-750M,step27500-seed-default,resolves_anonymously,c4__750M__seed-2__step-27500.npz,72f8e4e9e2d7dd610245c7151297a17556469abb5f7f70e7df65329247eff9c0,134059,"OBSERVED for the hash, the size and the access code; OBSERVED for the branch mapping through rescoring"
c4__750M,c4,750M,c4__750M__seed-14__step-27500,14,27500,auxiliary,allenai/DataDecide-c4-750M,step27500-seed-small-aux-2,resolves_anonymously,c4__750M__seed-14__step-27500.npz,1084646dc5a4741e92a7d3ef8cc00c8e8a727a0ed78c46f975543c1e652e477a,134055,"OBSERVED for the hash, the size and the access code; OBSERVED for the branch mapping through rescoring"
c4__750M,c4,750M,c4__750M__seed-15__step-27500,15,27500,auxiliary,allenai/DataDecide-c4-750M,step27500-seed-small-aux-3,resolves_anonymously,c4__750M__seed-15__step-27500.npz,c75335bd6bc3fe0cc187380cef1d37fb2b69e64376748111494d32a8d83164ac,134040,"OBSERVED for the hash, the size and the access code; OBSERVED for the branch mapping through rescoring"
dclm-baseline__150M,dclm-baseline,150M,dclm-baseline__150M__seed-2__step-37500,2,37500,default,allenai/DataDecide-dclm-baseline-150M,step37500-seed-default,resolves_anonymously,dclm-baseline__150M__seed-2__step-37500.npz,104fa5fb8637727269a5bbb9b428d609b7a8da8373d6cdf1ae9566c9032f7b37,134007,"OBSERVED for the hash, the size and the access code; OBSERVED for the branch mapping through rescoring"
dclm-baseline__150M,dclm-baseline,150M,dclm-baseline__150M__seed-14__step-37500,14,37500,auxiliary,allenai/DataDecide-dclm-baseline-150M,step37500-seed-small-aux-2,resolves_anonymously,dclm-baseline__150M__seed-14__step-37500.npz,f81c9c3cd5ae202b608cc49180f7afdb19f27a7aa9c56b457b0a8d42cb063ad6,133810,"OBSERVED for the hash, the size and the access code; OBSERVED for the branch mapping through rescoring"
dclm-baseline__150M,dclm-baseline,150M,dclm-baseline__150M__seed-15__step-37500,15,37500,auxiliary,allenai/DataDecide-dclm-baseline-150M,step37500-seed-small-aux-3,resolves_anonymously,dclm-baseline__150M__seed-15__step-37500.npz,bb2bf5b3d23f2f50939efca482f354fb6f102c1d3f3fdc7f0bfb19355423a169,134073,"OBSERVED for the hash, the size and the access code; OBSERVED for the branch mapping through rescoring"
dclm-baseline__1B,dclm-baseline,1B,dclm-baseline__1B__seed-2__step-69369,2,69369,default,allenai/DataDecide-dclm-baseline-1B,step69369-seed-default,resolves_anonymously,dclm-baseline__1B__seed-2__step-69369.npz,df0f3958996421d576ad2431426cf786532e5702cdd96cf940fca7e10aca3a0a,133950,"OBSERVED for the hash, the size and the access code; OBSERVED for the branch mapping through rescoring"
dclm-baseline__1B,dclm-baseline,1B,dclm-baseline__1B__seed-4__step-69369,4,69369,auxiliary,allenai/DataDecide-dclm-baseline-1B,step69369-seed-large-aux-2,resolves_anonymously,dclm-baseline__1B__seed-4__step-69369.npz,5c1dfe50ae0ed6b6737248cde9bf09f772d4653ce137329937e89b2c61ac344b,134121,"OBSERVED for the hash, the size and the access code; OBSERVED for the branch mapping through rescoring"
dclm-baseline__1B,dclm-baseline,1B,dclm-baseline__1B__seed-5__step-69369,5,69369,auxiliary,allenai/DataDecide-dclm-baseline-1B,step69369-seed-large-aux-3,resolves_anonymously,dclm-baseline__1B__seed-5__step-69369.npz,34e75ab0736a854ce6ab0eb489bf8509abd987970d782112bb6d6fd478aed180,134124,"OBSERVED for the hash, the size and the access code; OBSERVED for the branch mapping through rescoring"
dclm-baseline__300M,dclm-baseline,300M,dclm-baseline__300M__seed-2__step-45000,2,45000,default,allenai/DataDecide-dclm-baseline-300M,step45000-seed-default,resolves_anonymously,dclm-baseline__300M__seed-2__step-45000.npz,ec2167ec026a9506da6a188ac936305decc5c011aaf6d19bb9adc2f309e53ef0,134176,"OBSERVED for the hash, the size and the access code; OBSERVED for the branch mapping through rescoring"
dclm-baseline__300M,dclm-baseline,300M,dclm-baseline__300M__seed-14__step-45000,14,45000,auxiliary,allenai/DataDecide-dclm-baseline-300M,step45000-seed-small-aux-2,resolves_anonymously,dclm-baseline__300M__seed-14__step-45000.npz,e3bc43d2a541d199fbc20d16d98dca63ac28928979e1a0aab23fa9935c1b1491,134264,"OBSERVED for the hash, the size and the access code; OBSERVED for the branch mapping through rescoring"
dclm-baseline__300M,dclm-baseline,300M,dclm-baseline__300M__seed-15__step-45000,15,45000,auxiliary,allenai/DataDecide-dclm-baseline-300M,step45000-seed-small-aux-3,resolves_anonymously,dclm-baseline__300M__seed-15__step-45000.npz,7e3188d31a2803b8c4e1ba9431248e0db64d5441bee802c8f778c08d2b85a807,134127,"OBSERVED for the hash, the size and the access code; OBSERVED for the branch mapping through rescoring"
dclm-baseline__530M,dclm-baseline,530M,dclm-baseline__530M__seed-2__step-51250,2,51250,default,allenai/DataDecide-dclm-baseline-530M,step51250-seed-default,resolves_anonymously,dclm-baseline__530M__seed-2__step-51250.npz,32c897023aaa14b1e7af9861046e813320bc4df3632e3fdb30092eec4eb487e3,134132,"OBSERVED for the hash, the size and the access code; OBSERVED for the branch mapping through rescoring"
dclm-baseline__530M,dclm-baseline,530M,dclm-baseline__530M__seed-14__step-51250,14,51250,auxiliary,allenai/DataDecide-dclm-baseline-530M,step51250-seed-small-aux-2,resolves_anonymously,dclm-baseline__530M__seed-14__step-51250.npz,a269d1c43a36390e07159bb9e8ff3520a2613ecb59ae67f35c1454e3b6e81ec4,134177,"OBSERVED for the hash, the size and the access code; OBSERVED for the branch mapping through rescoring"
dclm-baseline__530M,dclm-baseline,530M,dclm-baseline__530M__seed-15__step-51250,15,51250,auxiliary,allenai/DataDecide-dclm-baseline-530M,step51250-seed-small-aux-3,resolves_anonymously,dclm-baseline__530M__seed-15__step-51250.npz,9d498bf3755628895c41f8a00593518565966593d5cc59cf03593dc51a8d31f0,134155,"OBSERVED for the hash, the size and the access code; OBSERVED for the branch mapping through rescoring"
dclm-baseline__750M,dclm-baseline,750M,dclm-baseline__750M__seed-2__step-27500,2,27500,default,allenai/DataDecide-dclm-baseline-750M,step27500-seed-default,resolves_anonymously,dclm-baseline__750M__seed-2__step-27500.npz,f1fd47deea52536c367aaae3279240bf25483ab231e63ce60d4f826dcb84eba4,134069,"OBSERVED for the hash, the size and the access code; OBSERVED for the branch mapping through rescoring"
dclm-baseline__750M,dclm-baseline,750M,dclm-baseline__750M__seed-14__step-27500,14,27500,auxiliary,allenai/DataDecide-dclm-baseline-750M,step27500-seed-small-aux-2,resolves_anonymously,dclm-baseline__750M__seed-14__step-27500.npz,0ef320cfc52fe1aeb476d25d05ba23998628c5227a33e9e0dce864a4b79887ec,134072,"OBSERVED for the hash, the size and the access code; OBSERVED for the branch mapping through rescoring"
dclm-baseline__750M,dclm-baseline,750M,dclm-baseline__750M__seed-15__step-27500,15,27500,auxiliary,allenai/DataDecide-dclm-baseline-750M,step27500-seed-small-aux-3,resolves_anonymously,dclm-baseline__750M__seed-15__step-27500.npz,b7c034f10f0259a16fa40fc00777f037dbd5e2a4b2889e38dd8986d9c2c704b5,134231,"OBSERVED for the hash, the size and the access code; OBSERVED for the branch mapping through rescoring"
dclm-baseline-25p-dolma1.7-75p__150M,dclm-baseline-25p-dolma1.7-75p,150M,dclm-baseline-25p-dolma1.7-75p__150M__seed-2__step-37500,2,37500,default,allenai/DataDecide-dclm-baseline-25p-dolma1.7-75p-150M,step37500-seed-default,resolves_anonymously,dclm-baseline-25p-dolma1.7-75p__150M__seed-2__step-37500.npz,e353b53d36cd580d1de06ba0596ae218628b0e06a601730ce7979682f159d288,133788,"OBSERVED for the hash, the size and the access code; OBSERVED for the branch mapping through rescoring"
dclm-baseline-25p-dolma1.7-75p__150M,dclm-baseline-25p-dolma1.7-75p,150M,dclm-baseline-25p-dolma1.7-75p__150M__seed-14__step-37500,14,37500,auxiliary,allenai/DataDecide-dclm-baseline-25p-dolma1.7-75p-150M,step37500-seed-small-aux-2,resolves_anonymously,dclm-baseline-25p-dolma1.7-75p__150M__seed-14__step-37500.npz,0016c4c34221ddb1b4988d546dab9b52a2fc2185eb850cfc3d784ecb3e84f7d5,133903,"OBSERVED for the hash, the size and the access code; OBSERVED for the branch mapping through rescoring"
dclm-baseline-25p-dolma1.7-75p__150M,dclm-baseline-25p-dolma1.7-75p,150M,dclm-baseline-25p-dolma1.7-75p__150M__seed-15__step-37500,15,37500,auxiliary,allenai/DataDecide-dclm-baseline-25p-dolma1.7-75p-150M,step37500-seed-small-aux-3,resolves_anonymously,dclm-baseline-25p-dolma1.7-75p__150M__seed-15__step-37500.npz,60b3e54b9bf4ce3b77ea5e1da6c1d9a59452fd074eb260982368cde42d30db5f,133936,"OBSERVED for the hash, the size and the access code; OBSERVED for the branch mapping through rescoring"
dclm-baseline-25p-dolma1.7-75p__1B,dclm-baseline-25p-dolma1.7-75p,1B,dclm-baseline-25p-dolma1.7-75p__1B__seed-2__step-69369,2,69369,default,allenai/DataDecide-dclm-baseline-25p-dolma1.7-75p-1B,step69369-seed-default,resolves_anonymously,dclm-baseline-25p-dolma1.7-75p__1B__seed-2__step-69369.npz,b2f479487583dd86a4779df5aacc1da2401fd9d9777f3f8eebaee329c4e09aaf,134212,"OBSERVED for the hash, the size and the access code; OBSERVED for the branch mapping through rescoring"
dclm-baseline-25p-dolma1.7-75p__1B,dclm-baseline-25p-dolma1.7-75p,1B,dclm-baseline-25p-dolma1.7-75p__1B__seed-4__step-69369,4,69369,auxiliary,allenai/DataDecide-dclm-baseline-25p-dolma1.7-75p-1B,step69369-seed-large-aux-2,resolves_anonymously,dclm-baseline-25p-dolma1.7-75p__1B__seed-4__step-69369.npz,e4e29b1a507b277f95e3aa89e873e40aad577a3f94d64e4189aae3235033b1ed,134252,"OBSERVED for the hash, the size and the access code; OBSERVED for the branch mapping through rescoring"
dclm-baseline-25p-dolma1.7-75p__1B,dclm-baseline-25p-dolma1.7-75p,1B,dclm-baseline-25p-dolma1.7-75p__1B__seed-5__step-69369,5,69369,auxiliary,allenai/DataDecide-dclm-baseline-25p-dolma1.7-75p-1B,step69369-seed-large-aux-3,resolves_anonymously,dclm-baseline-25p-dolma1.7-75p__1B__seed-5__step-69369.npz,0890ed076ecd8a12b30e16d0bfd7fd6b031710595d3a3bc1e75e2d90d5ac8b87,134209,"OBSERVED for the hash, the size and the access code; OBSERVED for the branch mapping through rescoring"
dclm-baseline-25p-dolma1.7-75p__300M,dclm-baseline-25p-dolma1.7-75p,300M,dclm-baseline-25p-dolma1.7-75p__300M__seed-2__step-45000,2,45000,default,allenai/DataDecide-dclm-baseline-25p-dolma1.7-75p-300M,step45000-seed-default,resolves_anonymously,dclm-baseline-25p-dolma1.7-75p__300M__seed-2__step-45000.npz,1262c8bb321f7bfedecbe0fd08d5451055275182e9b96141a241b3d99c756be5,134135,"OBSERVED for the hash, the size and the access code; OBSERVED for the branch mapping through rescoring"
dclm-baseline-25p-dolma1.7-75p__300M,dclm-baseline-25p-dolma1.7-75p,300M,dclm-baseline-25p-dolma1.7-75p__300M__seed-14__step-45000,14,45000,auxiliary,allenai/DataDecide-dclm-baseline-25p-dolma1.7-75p-300M,step45000-seed-small-aux-2,resolves_anonymously,dclm-baseline-25p-dolma1.7-75p__300M__seed-14__step-45000.npz,1ef6d330d269cddfb378e219b87e9ba5d13d1c8fbeb3d288a21f5dc22eadeb15,134132,"OBSERVED for the hash, the size and the access code; OBSERVED for the branch mapping through rescoring"
dclm-baseline-25p-dolma1.7-75p__300M,dclm-baseline-25p-dolma1.7-75p,300M,dclm-baseline-25p-dolma1.7-75p__300M__seed-15__step-45000,15,45000,auxiliary,allenai/DataDecide-dclm-baseline-25p-dolma1.7-75p-300M,step45000-seed-small-aux-3,resolves_anonymously,dclm-baseline-25p-dolma1.7-75p__300M__seed-15__step-45000.npz,2cdd93c520fe4dd84526e5a17e643dd41f0f13fc95b57cab7d56be35c3dc6f29,134147,"OBSERVED for the hash, the size and the access code; OBSERVED for the branch mapping through rescoring"
dclm-baseline-25p-dolma1.7-75p__530M,dclm-baseline-25p-dolma1.7-75p,530M,dclm-baseline-25p-dolma1.7-75p__530M__seed-2__step-51250,2,51250,default,allenai/DataDecide-dclm-baseline-25p-dolma1.7-75p-530M,step51250-seed-default,resolves_anonymously,dclm-baseline-25p-dolma1.7-75p__530M__seed-2__step-51250.npz,2483186eca3bd79b9710a7f1d36587d0e194f8d39ed8d2335eeec6e8f0d6bf10,134255,"OBSERVED for the hash, the size and the access code; OBSERVED for the branch mapping through rescoring"
dclm-baseline-25p-dolma1.7-75p__530M,dclm-baseline-25p-dolma1.7-75p,530M,dclm-baseline-25p-dolma1.7-75p__530M__seed-14__step-51250,14,51250,auxiliary,allenai/DataDecide-dclm-baseline-25p-dolma1.7-75p-530M,step51250-seed-small-aux-2,resolves_anonymously,dclm-baseline-25p-dolma1.7-75p__530M__seed-14__step-51250.npz,f7aec8c997befcc9c75db32529d68dddaf04bb5ff4df95ad2ba261c5c9e5f621,134137,"OBSERVED for the hash, the size and the access code; OBSERVED for the branch mapping through rescoring"
dclm-baseline-25p-dolma1.7-75p__530M,dclm-baseline-25p-dolma1.7-75p,530M,dclm-baseline-25p-dolma1.7-75p__530M__seed-15__step-51250,15,51250,auxiliary,allenai/DataDecide-dclm-baseline-25p-dolma1.7-75p-530M,step51250-seed-small-aux-3,resolves_anonymously,dclm-baseline-25p-dolma1.7-75p__530M__seed-15__step-51250.npz,1c232c24b92c8078180dfeba5634b8e56cf36305b275862f9e47a9e14270c81b,134121,"OBSERVED for the hash, the size and the access code; OBSERVED for the branch mapping through rescoring"
dclm-baseline-25p-dolma1.7-75p__750M,dclm-baseline-25p-dolma1.7-75p,750M,dclm-baseline-25p-dolma1.7-75p__750M__seed-2__step-27500,2,27500,default,allenai/DataDecide-dclm-baseline-25p-dolma1.7-75p-750M,step27500-seed-default,resolves_anonymously,dclm-baseline-25p-dolma1.7-75p__750M__seed-2__step-27500.npz,b720dbf9c410f608dcfebfa4ffa6da62b26984508437aa64235e2d123334b8e2,134023,"OBSERVED for the hash, the size and the access code; OBSERVED for the branch mapping through rescoring"
dclm-baseline-25p-dolma1.7-75p__750M,dclm-baseline-25p-dolma1.7-75p,750M,dclm-baseline-25p-dolma1.7-75p__750M__seed-14__step-27500,14,27500,auxiliary,allenai/DataDecide-dclm-baseline-25p-dolma1.7-75p-750M,step27500-seed-small-aux-2,resolves_anonymously,dclm-baseline-25p-dolma1.7-75p__750M__seed-14__step-27500.npz,a21939a2f800a71b62bd4a092c0750c9a870f46bd423dbc9dbc963c8d81abf22,134028,"OBSERVED for the hash, the size and the access code; OBSERVED for the branch mapping through rescoring"
dclm-baseline-25p-dolma1.7-75p__750M,dclm-baseline-25p-dolma1.7-75p,750M,dclm-baseline-25p-dolma1.7-75p__750M__seed-15__step-27500,15,27500,auxiliary,allenai/DataDecide-dclm-baseline-25p-dolma1.7-75p-750M,step27500-seed-small-aux-3,resolves_anonymously,dclm-baseline-25p-dolma1.7-75p__750M__seed-15__step-27500.npz,131f1ed39852f15a74fa0afe618e1f0eb2f39ad05e12677fe35148c3018d33e9,134226,"OBSERVED for the hash, the size and the access code; OBSERVED for the branch mapping through rescoring"
dclm-baseline-50p-dolma1.7-50p__150M,dclm-baseline-50p-dolma1.7-50p,150M,dclm-baseline-50p-dolma1.7-50p__150M__seed-2__step-37500,2,37500,default,allenai/DataDecide-dclm-baseline-50p-dolma1.7-50p-150M,step37500-seed-default,resolves_anonymously,dclm-baseline-50p-dolma1.7-50p__150M__seed-2__step-37500.npz,565a0df0324194af0c29e018cb7f788c398864839ac915e60b270fbe647d5f90,133978,"OBSERVED for the hash, the size and the access code; OBSERVED for the branch mapping through rescoring"
dclm-baseline-50p-dolma1.7-50p__150M,dclm-baseline-50p-dolma1.7-50p,150M,dclm-baseline-50p-dolma1.7-50p__150M__seed-14__step-37500,14,37500,auxiliary,allenai/DataDecide-dclm-baseline-50p-dolma1.7-50p-150M,step37500-seed-small-aux-2,resolves_anonymously,dclm-baseline-50p-dolma1.7-50p__150M__seed-14__step-37500.npz,f8dbf33bbd15aac6d9d57dd383c1b823194a176d3fb1794120d17adbe26cfbcc,133827,"OBSERVED for the hash, the size and the access code; OBSERVED for the branch mapping through rescoring"
dclm-baseline-50p-dolma1.7-50p__150M,dclm-baseline-50p-dolma1.7-50p,150M,dclm-baseline-50p-dolma1.7-50p__150M__seed-15__step-37500,15,37500,auxiliary,allenai/DataDecide-dclm-baseline-50p-dolma1.7-50p-150M,step37500-seed-small-aux-3,resolves_anonymously,dclm-baseline-50p-dolma1.7-50p__150M__seed-15__step-37500.npz,5ca881b69d247a2f6c83c0cacef28f301a2a7d70f3e08234e689bb95c60214ce,133867,"OBSERVED for the hash, the size and the access code; OBSERVED for the branch mapping through rescoring"
dclm-baseline-50p-dolma1.7-50p__1B,dclm-baseline-50p-dolma1.7-50p,1B,dclm-baseline-50p-dolma1.7-50p__1B__seed-2__step-69369,2,69369,default,allenai/DataDecide-dclm-baseline-50p-dolma1.7-50p-1B,step69369-seed-default,resolves_anonymously,dclm-baseline-50p-dolma1.7-50p__1B__seed-2__step-69369.npz,df9049d7a4b6183969e3268b2ba0b28b26a9e0b3652a02b6757a216a08182bab,134167,"OBSERVED for the hash, the size and the access code; OBSERVED for the branch mapping through rescoring"
dclm-baseline-50p-dolma1.7-50p__1B,dclm-baseline-50p-dolma1.7-50p,1B,dclm-baseline-50p-dolma1.7-50p__1B__seed-4__step-69369,4,69369,auxiliary,allenai/DataDecide-dclm-baseline-50p-dolma1.7-50p-1B,step69369-seed-large-aux-2,resolves_anonymously,dclm-baseline-50p-dolma1.7-50p__1B__seed-4__step-69369.npz,990bc1bc55f5d1ca2f9744bf29d00047bc6fccf3989cf0939c32f47b56603cc4,134092,"OBSERVED for the hash, the size and the access code; OBSERVED for the branch mapping through rescoring"
dclm-baseline-50p-dolma1.7-50p__1B,dclm-baseline-50p-dolma1.7-50p,1B,dclm-baseline-50p-dolma1.7-50p__1B__seed-5__step-69369,5,69369,auxiliary,allenai/DataDecide-dclm-baseline-50p-dolma1.7-50p-1B,step69369-seed-large-aux-3,resolves_anonymously,dclm-baseline-50p-dolma1.7-50p__1B__seed-5__step-69369.npz,df251508f0d18fe5c8b38e96573d1698549d845175c050d09e143e0c5fa85378,134357,"OBSERVED for the hash, the size and the access code; OBSERVED for the branch mapping through rescoring"
dclm-baseline-50p-dolma1.7-50p__300M,dclm-baseline-50p-dolma1.7-50p,300M,dclm-baseline-50p-dolma1.7-50p__300M__seed-2__step-45000,2,45000,default,allenai/DataDecide-dclm-baseline-50p-dolma1.7-50p-300M,step45000-seed-default,resolves_anonymously,dclm-baseline-50p-dolma1.7-50p__300M__seed-2__step-45000.npz,e9a4b257518271e394bbdd208503037a7ebb512ea3d1eaa135d26f90274cac40,134278,"OBSERVED for the hash, the size and the access code; OBSERVED for the branch mapping through rescoring"
dclm-baseline-50p-dolma1.7-50p__300M,dclm-baseline-50p-dolma1.7-50p,300M,dclm-baseline-50p-dolma1.7-50p__300M__seed-14__step-45000,14,45000,auxiliary,allenai/DataDecide-dclm-baseline-50p-dolma1.7-50p-300M,step45000-seed-small-aux-2,resolves_anonymously,dclm-baseline-50p-dolma1.7-50p__300M__seed-14__step-45000.npz,09285d2e938ef1949ca7084897a1c8bd2a3c18329bc4f692328986246f6fd3f8,134121,"OBSERVED for the hash, the size and the access code; OBSERVED for the branch mapping through rescoring"
dclm-baseline-50p-dolma1.7-50p__300M,dclm-baseline-50p-dolma1.7-50p,300M,dclm-baseline-50p-dolma1.7-50p__300M__seed-15__step-45000,15,45000,auxiliary,allenai/DataDecide-dclm-baseline-50p-dolma1.7-50p-300M,step45000-seed-small-aux-3,resolves_anonymously,dclm-baseline-50p-dolma1.7-50p__300M__seed-15__step-45000.npz,6946ae48502a34460ab20b5802e4af6b33a2dbc580d616097d9845b02f68ebdd,134116,"OBSERVED for the hash, the size and the access code; OBSERVED for the branch mapping through rescoring"
dclm-baseline-50p-dolma1.7-50p__530M,dclm-baseline-50p-dolma1.7-50p,530M,dclm-baseline-50p-dolma1.7-50p__530M__seed-2__step-51250,2,51250,default,allenai/DataDecide-dclm-baseline-50p-dolma1.7-50p-530M,step51250-seed-default,resolves_anonymously,dclm-baseline-50p-dolma1.7-50p__530M__seed-2__step-51250.npz,36dd475d1d32ece530f3f91ec342afe745378b888fa32390405f58f2e53b458a,134248,"OBSERVED for the hash, the size and the access code; OBSERVED for the branch mapping through rescoring"
dclm-baseline-50p-dolma1.7-50p__530M,dclm-baseline-50p-dolma1.7-50p,530M,dclm-baseline-50p-dolma1.7-50p__530M__seed-14__step-51250,14,51250,auxiliary,allenai/DataDecide-dclm-baseline-50p-dolma1.7-50p-530M,step51250-seed-small-aux-2,resolves_anonymously,dclm-baseline-50p-dolma1.7-50p__530M__seed-14__step-51250.npz,d9f3af6e6a988ec4489140c3276d33916be996c33b1a4e853f2661a10fac2cfb,134169,"OBSERVED for the hash, the size and the access code; OBSERVED for the branch mapping through rescoring"
dclm-baseline-50p-dolma1.7-50p__530M,dclm-baseline-50p-dolma1.7-50p,530M,dclm-baseline-50p-dolma1.7-50p__530M__seed-15__step-51250,15,51250,auxiliary,allenai/DataDecide-dclm-baseline-50p-dolma1.7-50p-530M,step51250-seed-small-aux-3,resolves_anonymously,dclm-baseline-50p-dolma1.7-50p__530M__seed-15__step-51250.npz,c189c56449416e9bba7239086e45ebcb2528fe8d5819a71536d946978351252a,134197,"OBSERVED for the hash, the size and the access code; OBSERVED for the branch mapping through rescoring"
dclm-baseline-50p-dolma1.7-50p__750M,dclm-baseline-50p-dolma1.7-50p,750M,dclm-baseline-50p-dolma1.7-50p__750M__seed-2__step-27500,2,27500,default,allenai/DataDecide-dclm-baseline-50p-dolma1.7-50p-750M,step27500-seed-default,resolves_anonymously,dclm-baseline-50p-dolma1.7-50p__750M__seed-2__step-27500.npz,273325f22b8072d957fed4a8b75e87c1076c47d832d7f8385ef3082256aef39c,134146,"OBSERVED for the hash, the size and the access code; OBSERVED for the branch mapping through rescoring"
dclm-baseline-50p-dolma1.7-50p__750M,dclm-baseline-50p-dolma1.7-50p,750M,dclm-baseline-50p-dolma1.7-50p__750M__seed-14__step-27500,14,27500,auxiliary,allenai/DataDecide-dclm-baseline-50p-dolma1.7-50p-750M,step27500-seed-small-aux-2,resolves_anonymously,dclm-baseline-50p-dolma1.7-50p__750M__seed-14__step-27500.npz,5e022613f2cbfe58faa7f7fbbed960fbd65baee276062e95edae269a2618d7d5,134161,"OBSERVED for the hash, the size and the access code; OBSERVED for the branch mapping through rescoring"
dclm-baseline-50p-dolma1.7-50p__750M,dclm-baseline-50p-dolma1.7-50p,750M,dclm-baseline-50p-dolma1.7-50p__750M__seed-15__step-27500,15,27500,auxiliary,allenai/DataDecide-dclm-baseline-50p-dolma1.7-50p-750M,step27500-seed-small-aux-3,resolves_anonymously,dclm-baseline-50p-dolma1.7-50p__750M__seed-15__step-27500.npz,b1c430cb3b73922def8c8d27a95c256b05cb23c1865d41e1ba0ec5ea37078950,134236,"OBSERVED for the hash, the size and the access code; OBSERVED for the branch mapping through rescoring"
dclm-baseline-75p-dolma1.7-25p__150M,dclm-baseline-75p-dolma1.7-25p,150M,dclm-baseline-75p-dolma1.7-25p__150M__seed-2__step-37500,2,37500,default,allenai/DataDecide-dclm-baseline-75p-dolma1.7-25p-150M,step37500-seed-default,resolves_anonymously,dclm-baseline-75p-dolma1.7-25p__150M__seed-2__step-37500.npz,62dc4235bf44eecd51480534c048bbe4ec951f0865382e6767bd40f59f6a78b4,133884,"OBSERVED for the hash, the size and the access code; OBSERVED for the branch mapping through rescoring"
dclm-baseline-75p-dolma1.7-25p__150M,dclm-baseline-75p-dolma1.7-25p,150M,dclm-baseline-75p-dolma1.7-25p__150M__seed-14__step-37500,14,37500,auxiliary,allenai/DataDecide-dclm-baseline-75p-dolma1.7-25p-150M,step37500-seed-small-aux-2,resolves_anonymously,dclm-baseline-75p-dolma1.7-25p__150M__seed-14__step-37500.npz,a63b8d81171773ddd92d52119f387c949d1abda2fc711935794ae93327e8a259,134074,"OBSERVED for the hash, the size and the access code; OBSERVED for the branch mapping through rescoring"
dclm-baseline-75p-dolma1.7-25p__150M,dclm-baseline-75p-dolma1.7-25p,150M,dclm-baseline-75p-dolma1.7-25p__150M__seed-15__step-37500,15,37500,auxiliary,allenai/DataDecide-dclm-baseline-75p-dolma1.7-25p-150M,step37500-seed-small-aux-3,resolves_anonymously,dclm-baseline-75p-dolma1.7-25p__150M__seed-15__step-37500.npz,53ce7852eed667689f4ff6944eca84450666fe67724e750e13cb69603c1e6738,134007,"OBSERVED for the hash, the size and the access code; OBSERVED for the branch mapping through rescoring"
dclm-baseline-75p-dolma1.7-25p__1B,dclm-baseline-75p-dolma1.7-25p,1B,dclm-baseline-75p-dolma1.7-25p__1B__seed-2__step-69369,2,69369,default,allenai/DataDecide-dclm-baseline-75p-dolma1.7-25p-1B,step69369-seed-default,resolves_anonymously,dclm-baseline-75p-dolma1.7-25p__1B__seed-2__step-69369.npz,4298be1af5a4c5a7d2bb770c21499c42fba10efda2a3482cc28c18831bb4fa5d,134232,"OBSERVED for the hash, the size and the access code; OBSERVED for the branch mapping through rescoring"
dclm-baseline-75p-dolma1.7-25p__1B,dclm-baseline-75p-dolma1.7-25p,1B,dclm-baseline-75p-dolma1.7-25p__1B__seed-4__step-69369,4,69369,auxiliary,allenai/DataDecide-dclm-baseline-75p-dolma1.7-25p-1B,step69369-seed-large-aux-2,resolves_anonymously,dclm-baseline-75p-dolma1.7-25p__1B__seed-4__step-69369.npz,2cfd4e5c2c7776e9d6b60077246d83b991e7ca3272810483fecd50ce8df1ba4d,134075,"OBSERVED for the hash, the size and the access code; OBSERVED for the branch mapping through rescoring"
dclm-baseline-75p-dolma1.7-25p__1B,dclm-baseline-75p-dolma1.7-25p,1B,dclm-baseline-75p-dolma1.7-25p__1B__seed-5__step-69369,5,69369,auxiliary,allenai/DataDecide-dclm-baseline-75p-dolma1.7-25p-1B,step69369-seed-large-aux-3,resolves_anonymously,dclm-baseline-75p-dolma1.7-25p__1B__seed-5__step-69369.npz,d17fe4557b654a15f409cc4e0928fd1d0d77013de4efb27e9adf8743e8665e6c,134083,"OBSERVED for the hash, the size and the access code; OBSERVED for the branch mapping through rescoring"
dclm-baseline-75p-dolma1.7-25p__300M,dclm-baseline-75p-dolma1.7-25p,300M,dclm-baseline-75p-dolma1.7-25p__300M__seed-2__step-45000,2,45000,default,allenai/DataDecide-dclm-baseline-75p-dolma1.7-25p-300M,step45000-seed-default,resolves_anonymously,dclm-baseline-75p-dolma1.7-25p__300M__seed-2__step-45000.npz,3e9bcf9f14130bb0f21b8b7ee50b21141ec9847f31ac3650e78eb5165789c8c6,134094,"OBSERVED for the hash, the size and the access code; OBSERVED for the branch mapping through rescoring"
dclm-baseline-75p-dolma1.7-25p__300M,dclm-baseline-75p-dolma1.7-25p,300M,dclm-baseline-75p-dolma1.7-25p__300M__seed-14__step-45000,14,45000,auxiliary,allenai/DataDecide-dclm-baseline-75p-dolma1.7-25p-300M,step45000-seed-small-aux-2,resolves_anonymously,dclm-baseline-75p-dolma1.7-25p__300M__seed-14__step-45000.npz,bf75acedd6e2d3e45c8cf6f73d8a7e4a77694382fab3b41c4fac88c3bd203913,134223,"OBSERVED for the hash, the size and the access code; OBSERVED for the branch mapping through rescoring"
dclm-baseline-75p-dolma1.7-25p__300M,dclm-baseline-75p-dolma1.7-25p,300M,dclm-baseline-75p-dolma1.7-25p__300M__seed-15__step-45000,15,45000,auxiliary,allenai/DataDecide-dclm-baseline-75p-dolma1.7-25p-300M,step45000-seed-small-aux-3,resolves_anonymously,dclm-baseline-75p-dolma1.7-25p__300M__seed-15__step-45000.npz,a61ec189468e0c6c7e7d202c73460076fee0225684eacb49d258aef4c68dea26,134158,"OBSERVED for the hash, the size and the access code; OBSERVED for the branch mapping through rescoring"
dclm-baseline-75p-dolma1.7-25p__530M,dclm-baseline-75p-dolma1.7-25p,530M,dclm-baseline-75p-dolma1.7-25p__530M__seed-2__step-51250,2,51250,default,allenai/DataDecide-dclm-baseline-75p-dolma1.7-25p-530M,step51250-seed-default,resolves_anonymously,dclm-baseline-75p-dolma1.7-25p__530M__seed-2__step-51250.npz,f59e7b7cb53ab280c7b82761a8b1598c7ca2dc10d7b291401574eaa7549edde9,134252,"OBSERVED for the hash, the size and the access code; OBSERVED for the branch mapping through rescoring"
dclm-baseline-75p-dolma1.7-25p__530M,dclm-baseline-75p-dolma1.7-25p,530M,dclm-baseline-75p-dolma1.7-25p__530M__seed-14__step-51250,14,51250,auxiliary,allenai/DataDecide-dclm-baseline-75p-dolma1.7-25p-530M,step51250-seed-small-aux-2,resolves_anonymously,dclm-baseline-75p-dolma1.7-25p__530M__seed-14__step-51250.npz,94a37586d659fcc64b6593b698bf12c860ac4f12ce5df2e2c71009b2861eba1e,134157,"OBSERVED for the hash, the size and the access code; OBSERVED for the branch mapping through rescoring"
dclm-baseline-75p-dolma1.7-25p__530M,dclm-baseline-75p-dolma1.7-25p,530M,dclm-baseline-75p-dolma1.7-25p__530M__seed-15__step-51250,15,51250,auxiliary,allenai/DataDecide-dclm-baseline-75p-dolma1.7-25p-530M,step51250-seed-small-aux-3,resolves_anonymously,dclm-baseline-75p-dolma1.7-25p__530M__seed-15__step-51250.npz,da89a5ee7dd87e9419540ad48419e9bf4bb8f173e21ab27f44ac8a6c600a480a,134318,"OBSERVED for the hash, the size and the access code; OBSERVED for the branch mapping through rescoring"
dclm-baseline-75p-dolma1.7-25p__750M,dclm-baseline-75p-dolma1.7-25p,750M,dclm-baseline-75p-dolma1.7-25p__750M__seed-2__step-11250,2,11250,default,allenai/DataDecide-dclm-baseline-75p-dolma1.7-25p-750M,step11250-seed-default,resolves_anonymously,dclm-baseline-75p-dolma1.7-25p__750M__seed-2__step-11250.npz,77d04f2eaff31e98ec8b0f9952ce3e1b2ed34868a0272033b4536aa7cd093dcb,134076,"OBSERVED for the hash, the size and the access code; OBSERVED for the branch mapping through rescoring"
dclm-baseline-75p-dolma1.7-25p__750M,dclm-baseline-75p-dolma1.7-25p,750M,dclm-baseline-75p-dolma1.7-25p__750M__seed-14__step-11250,14,11250,auxiliary,allenai/DataDecide-dclm-baseline-75p-dolma1.7-25p-750M,step11250-seed-small-aux-2,resolves_anonymously,dclm-baseline-75p-dolma1.7-25p__750M__seed-14__step-11250.npz,cdfc0942e412a6a3ad71904a8ecf90457d8adb51f7ffbded8ffe2bbe4416c700,134126,"OBSERVED for the hash, the size and the access code; OBSERVED for the branch mapping through rescoring"
dclm-baseline-75p-dolma1.7-25p__750M,dclm-baseline-75p-dolma1.7-25p,750M,dclm-baseline-75p-dolma1.7-25p__750M__seed-15__step-11250,15,11250,auxiliary,allenai/DataDecide-dclm-baseline-75p-dolma1.7-25p-750M,step11250-seed-small-aux-3,resolves_anonymously,dclm-baseline-75p-dolma1.7-25p__750M__seed-15__step-11250.npz,1b2969f1c54343889ae721659b878ee56b9880caaa5d101efd41615a9e7c006d,134052,"OBSERVED for the hash, the size and the access code; OBSERVED for the branch mapping through rescoring"
dclm-baseline-top-10p__150M,dclm-baseline-top-10p,150M,dclm-baseline-top-10p__150M__seed-2__step-38157,2,38157,default,allenai/DataDecide-dclm-baseline-top-10p-150M,step38157-seed-default,refuses_unauthenticated,dclm-baseline-top-10p__150M__seed-2__step-38157.npz,f0375bcca1dd5ff0dc21f9602555f752eb675078a5a6481583e257cbdc84425a,133885,"OBSERVED for the hash, the size and the access code; OBSERVED for the branch mapping through rescoring"
dclm-baseline-top-10p__150M,dclm-baseline-top-10p,150M,dclm-baseline-top-10p__150M__seed-14__step-38157,14,38157,auxiliary,allenai/DataDecide-dclm-baseline-top-10p-150M,step38157-seed-small-aux-2,refuses_unauthenticated,dclm-baseline-top-10p__150M__seed-14__step-38157.npz,b8d50801e2b772079aca6e0549e149e8587beb4451a3f514bf8f4bccc568c05a,134007,"OBSERVED for the hash, the size and the access code; OBSERVED for the branch mapping through rescoring"
dclm-baseline-top-10p__150M,dclm-baseline-top-10p,150M,dclm-baseline-top-10p__150M__seed-15__step-38157,15,38157,auxiliary,allenai/DataDecide-dclm-baseline-top-10p-150M,step38157-seed-small-aux-3,refuses_unauthenticated,dclm-baseline-top-10p__150M__seed-15__step-38157.npz,793ee17b5669353ce3d58c07188dcfe62a7593fa6b975fed7f6718428be13e6a,134079,"OBSERVED for the hash, the size and the access code; OBSERVED for the branch mapping through rescoring"
dclm-baseline-top-10p__1B,dclm-baseline-top-10p,1B,dclm-baseline-top-10p__1B__seed-2__step-69369,2,69369,default,allenai/DataDecide-dclm-baseline-top-10p-1B,step69369-seed-default,refuses_unauthenticated,dclm-baseline-top-10p__1B__seed-2__step-69369.npz,fabb43940f278e528112ebe0b1f6cdb0e5f68384e11952a2d8b7e2f8e9c6694f,134088,"OBSERVED for the hash, the size and the access code; OBSERVED for the branch mapping through rescoring"
dclm-baseline-top-10p__1B,dclm-baseline-top-10p,1B,dclm-baseline-top-10p__1B__seed-4__step-69369,4,69369,auxiliary,allenai/DataDecide-dclm-baseline-top-10p-1B,step69369-seed-large-aux-2,refuses_unauthenticated,dclm-baseline-top-10p__1B__seed-4__step-69369.npz,c25d02b56a99f11e9a2b8bb60342e3ad014daf81b5c93f932dcf6cf7410f8f54,134229,"OBSERVED for the hash, the size and the access code; OBSERVED for the branch mapping through rescoring"
dclm-baseline-top-10p__1B,dclm-baseline-top-10p,1B,dclm-baseline-top-10p__1B__seed-5__step-69369,5,69369,auxiliary,allenai/DataDecide-dclm-baseline-top-10p-1B,step69369-seed-large-aux-3,refuses_unauthenticated,dclm-baseline-top-10p__1B__seed-5__step-69369.npz,a0980a5335b19ce7ad21243a721eb6758a8f38ab4032694eb5b811a452dfe54c,134113,"OBSERVED for the hash, the size and the access code; OBSERVED for the branch mapping through rescoring"
dclm-baseline-top-10p__300M,dclm-baseline-top-10p,300M,dclm-baseline-top-10p__300M__seed-2__step-45787,2,45787,default,allenai/DataDecide-dclm-baseline-top-10p-300M,step45787-seed-default,refuses_unauthenticated,dclm-baseline-top-10p__300M__seed-2__step-45787.npz,d754e42b39d33c5503a12e5ae4dd84b3395092523676e437c7b0b2076395e971,134240,"OBSERVED for the hash, the size and the access code; OBSERVED for the branch mapping through rescoring"
dclm-baseline-top-10p__300M,dclm-baseline-top-10p,300M,dclm-baseline-top-10p__300M__seed-14__step-45787,14,45787,auxiliary,allenai/DataDecide-dclm-baseline-top-10p-300M,step45787-seed-small-aux-2,refuses_unauthenticated,dclm-baseline-top-10p__300M__seed-14__step-45787.npz,d55ff7ab5ae0e9f54829d797e5daf166be0dbbbba87c724b4f201c3c9cc5fec9,134187,"OBSERVED for the hash, the size and the access code; OBSERVED for the branch mapping through rescoring"
dclm-baseline-top-10p__300M,dclm-baseline-top-10p,300M,dclm-baseline-top-10p__300M__seed-15__step-45787,15,45787,auxiliary,allenai/DataDecide-dclm-baseline-top-10p-300M,step45787-seed-small-aux-3,refuses_unauthenticated,dclm-baseline-top-10p__300M__seed-15__step-45787.npz,9ce5ba1d0ea7a458c659281fec9d5160b617f8b5a9e056ec60d418199c6192f6,134239,"OBSERVED for the hash, the size and the access code; OBSERVED for the branch mapping through rescoring"
dclm-baseline-top-10p__530M,dclm-baseline-top-10p,530M,dclm-baseline-top-10p__530M__seed-2__step-51250,2,51250,default,allenai/DataDecide-dclm-baseline-top-10p-530M,step51250-seed-default,refuses_unauthenticated,dclm-baseline-top-10p__530M__seed-2__step-51250.npz,dc6e3eda3d18aeef4b1b129bb154e078591fa39746fc1bcf382f48dc57de0076,134267,"OBSERVED for the hash, the size and the access code; OBSERVED for the branch mapping through rescoring"
dclm-baseline-top-10p__530M,dclm-baseline-top-10p,530M,dclm-baseline-top-10p__530M__seed-14__step-51250,14,51250,auxiliary,allenai/DataDecide-dclm-baseline-top-10p-530M,step51250-seed-small-aux-2,refuses_unauthenticated,dclm-baseline-top-10p__530M__seed-14__step-51250.npz,7ae9fd61288ae1efc632e01e67faab401453cb5f1bcb62d37e3838a7061c5401,134289,"OBSERVED for the hash, the size and the access code; OBSERVED for the branch mapping through rescoring"
dclm-baseline-top-10p__530M,dclm-baseline-top-10p,530M,dclm-baseline-top-10p__530M__seed-15__step-51250,15,51250,auxiliary,allenai/DataDecide-dclm-baseline-top-10p-530M,step51250-seed-small-aux-3,refuses_unauthenticated,dclm-baseline-top-10p__530M__seed-15__step-51250.npz,a0cb9f84f4968442cd9115c33059925c739ecc7aa47052fb3c842dfa004667e2,134143,"OBSERVED for the hash, the size and the access code; OBSERVED for the branch mapping through rescoring"
dclm-baseline-top-10p__750M,dclm-baseline-top-10p,750M,dclm-baseline-top-10p__750M__seed-2__step-27500,2,27500,default,allenai/DataDecide-dclm-baseline-top-10p-750M,step27500-seed-default,refuses_unauthenticated,dclm-baseline-top-10p__750M__seed-2__step-27500.npz,e178d45963ef096a33b4c7841634bf88e003d403f627da3391edfddc3e3e96b6,134318,"OBSERVED for the hash, the size and the access code; OBSERVED for the branch mapping through rescoring"
dclm-baseline-top-10p__750M,dclm-baseline-top-10p,750M,dclm-baseline-top-10p__750M__seed-14__step-27500,14,27500,auxiliary,allenai/DataDecide-dclm-baseline-top-10p-750M,step27500-seed-small-aux-2,refuses_unauthenticated,dclm-baseline-top-10p__750M__seed-14__step-27500.npz,f36dc43827d99d3eef7a42f5e7998a5c17feab46e213fd79e1299512c8d39568,134229,"OBSERVED for the hash, the size and the access code; OBSERVED for the branch mapping through rescoring"
dclm-baseline-top-10p__750M,dclm-baseline-top-10p,750M,dclm-baseline-top-10p__750M__seed-15__step-27500,15,27500,auxiliary,allenai/DataDecide-dclm-baseline-top-10p-750M,step27500-seed-small-aux-3,refuses_unauthenticated,dclm-baseline-top-10p__750M__seed-15__step-27500.npz,9a277f32d45cd24db53786eb911594700c97e0db469e8071f11baaf454f3c33b,134264,"OBSERVED for the hash, the size and the access code; OBSERVED for the branch mapping through rescoring"
dclm-baseline-top-20p__150M,dclm-baseline-top-20p,150M,dclm-baseline-top-20p__150M__seed-2__step-38157,2,38157,default,allenai/DataDecide-dclm-baseline-top-20p-150M,step38157-seed-default,refuses_unauthenticated,dclm-baseline-top-20p__150M__seed-2__step-38157.npz,cbad83b23c7e6465bf4b9d65b4648053bd1ebbc31080c8ec0b26ec19f99eebca,133965,"OBSERVED for the hash, the size and the access code; OBSERVED for the branch mapping through rescoring"
dclm-baseline-top-20p__150M,dclm-baseline-top-20p,150M,dclm-baseline-top-20p__150M__seed-14__step-38157,14,38157,auxiliary,allenai/DataDecide-dclm-baseline-top-20p-150M,step38157-seed-small-aux-2,refuses_unauthenticated,dclm-baseline-top-20p__150M__seed-14__step-38157.npz,d48ee6bb516f450ae31843893d1d62e6002d8e036849a4462ad20ef64c9b7adb,133953,"OBSERVED for the hash, the size and the access code; OBSERVED for the branch mapping through rescoring"
dclm-baseline-top-20p__150M,dclm-baseline-top-20p,150M,dclm-baseline-top-20p__150M__seed-15__step-38157,15,38157,auxiliary,allenai/DataDecide-dclm-baseline-top-20p-150M,step38157-seed-small-aux-3,refuses_unauthenticated,dclm-baseline-top-20p__150M__seed-15__step-38157.npz,0f5a8238ef5a16dcb115d975254e3c6d9f19dca0489a815d060f20dc64eef7a2,133954,"OBSERVED for the hash, the size and the access code; OBSERVED for the branch mapping through rescoring"
dclm-baseline-top-20p__1B,dclm-baseline-top-20p,1B,dclm-baseline-top-20p__1B__seed-2__step-69369,2,69369,default,allenai/DataDecide-dclm-baseline-top-20p-1B,step69369-seed-default,refuses_unauthenticated,dclm-baseline-top-20p__1B__seed-2__step-69369.npz,182a37ed16fbd6f974aaf9f6ba5030cfc6d8aaeb3665728214a8997113617e36,134050,"OBSERVED for the hash, the size and the access code; OBSERVED for the branch mapping through rescoring"
dclm-baseline-top-20p__1B,dclm-baseline-top-20p,1B,dclm-baseline-top-20p__1B__seed-4__step-69369,4,69369,auxiliary,allenai/DataDecide-dclm-baseline-top-20p-1B,step69369-seed-large-aux-2,refuses_unauthenticated,dclm-baseline-top-20p__1B__seed-4__step-69369.npz,bab24a75e536d4141b5a181fefc91ca55e10f472aa3ad345359a0d4c9a469d04,134104,"OBSERVED for the hash, the size and the access code; OBSERVED for the branch mapping through rescoring"
dclm-baseline-top-20p__1B,dclm-baseline-top-20p,1B,dclm-baseline-top-20p__1B__seed-5__step-69369,5,69369,auxiliary,allenai/DataDecide-dclm-baseline-top-20p-1B,step69369-seed-large-aux-3,refuses_unauthenticated,dclm-baseline-top-20p__1B__seed-5__step-69369.npz,1e4e0f9d163d3884aa9f326bce8e94bbe89c41de34df55d3852fe2c32c7abc59,134227,"OBSERVED for the hash, the size and the access code; OBSERVED for the branch mapping through rescoring"
dclm-baseline-top-20p__300M,dclm-baseline-top-20p,300M,dclm-baseline-top-20p__300M__seed-2__step-45787,2,45787,default,allenai/DataDecide-dclm-baseline-top-20p-300M,step45787-seed-default,refuses_unauthenticated,dclm-baseline-top-20p__300M__seed-2__step-45787.npz,44e2f36612d446d2edd6380c2023d08eae776cf76b056c523aa9e4c035e105ac,134336,"OBSERVED for the hash, the size and the access code; OBSERVED for the branch mapping through rescoring"
dclm-baseline-top-20p__300M,dclm-baseline-top-20p,300M,dclm-baseline-top-20p__300M__seed-14__step-45787,14,45787,auxiliary,allenai/DataDecide-dclm-baseline-top-20p-300M,step45787-seed-small-aux-2,refuses_unauthenticated,dclm-baseline-top-20p__300M__seed-14__step-45787.npz,038913170a2fd77a77eaf4be5fd4de60e616d5813f3c070a5a8f588ea4811283,134350,"OBSERVED for the hash, the size and the access code; OBSERVED for the branch mapping through rescoring"
dclm-baseline-top-20p__300M,dclm-baseline-top-20p,300M,dclm-baseline-top-20p__300M__seed-15__step-45787,15,45787,auxiliary,allenai/DataDecide-dclm-baseline-top-20p-300M,step45787-seed-small-aux-3,refuses_unauthenticated,dclm-baseline-top-20p__300M__seed-15__step-45787.npz,13db9f94dd8d3a4ea13e59c36a44a6d4e16b1321225f0ebc548bccec43ba0b90,134221,"OBSERVED for the hash, the size and the access code; OBSERVED for the branch mapping through rescoring"
dclm-baseline-top-20p__530M,dclm-baseline-top-20p,530M,dclm-baseline-top-20p__530M__seed-2__step-22500,2,22500,default,allenai/DataDecide-dclm-baseline-top-20p-530M,step22500-seed-default,refuses_unauthenticated,dclm-baseline-top-20p__530M__seed-2__step-22500.npz,f37fd44ed6bbf97be4fb0d17d7693cee85cc2fb9e427d2b6f1f4115d16435ca2,134120,"OBSERVED for the hash, the size and the access code; OBSERVED for the branch mapping through rescoring"
dclm-baseline-top-20p__530M,dclm-baseline-top-20p,530M,dclm-baseline-top-20p__530M__seed-14__step-22500,14,22500,auxiliary,allenai/DataDecide-dclm-baseline-top-20p-530M,step22500-seed-small-aux-2,refuses_unauthenticated,dclm-baseline-top-20p__530M__seed-14__step-22500.npz,85d6e689b240e8c99cfaccf53f5b3dec1c5bfbbefa084446f7709914b326275e,134399,"OBSERVED for the hash, the size and the access code; OBSERVED for the branch mapping through rescoring"
dclm-baseline-top-20p__530M,dclm-baseline-top-20p,530M,dclm-baseline-top-20p__530M__seed-15__step-22500,15,22500,auxiliary,allenai/DataDecide-dclm-baseline-top-20p-530M,step22500-seed-small-aux-3,refuses_unauthenticated,dclm-baseline-top-20p__530M__seed-15__step-22500.npz,003b6b32d9d7e91e0cfe7b7534e0590cf85ecd29d1b0ae71ec11dbfa751eefd5,134279,"OBSERVED for the hash, the size and the access code; OBSERVED for the branch mapping through rescoring"
dclm-baseline-top-20p__750M,dclm-baseline-top-20p,750M,dclm-baseline-top-20p__750M__seed-2__step-16250,2,16250,default,allenai/DataDecide-dclm-baseline-top-20p-750M,step16250-seed-default,refuses_unauthenticated,dclm-baseline-top-20p__750M__seed-2__step-16250.npz,c80c7743a52c7f674ee084d2a7858a1320b75bed95d0c04e9720a62346fac628,134222,"OBSERVED for the hash, the size and the access code; OBSERVED for the branch mapping through rescoring"
dclm-baseline-top-20p__750M,dclm-baseline-top-20p,750M,dclm-baseline-top-20p__750M__seed-14__step-16250,14,16250,auxiliary,allenai/DataDecide-dclm-baseline-top-20p-750M,step16250-seed-small-aux-2,refuses_unauthenticated,dclm-baseline-top-20p__750M__seed-14__step-16250.npz,92cc9e5cf8415101743dbda2ad26a216892a0e6f897be8bd5cbefc5b7a00fb17,134287,"OBSERVED for the hash, the size and the access code; OBSERVED for the branch mapping through rescoring"
dclm-baseline-top-20p__750M,dclm-baseline-top-20p,750M,dclm-baseline-top-20p__750M__seed-15__step-16250,15,16250,auxiliary,allenai/DataDecide-dclm-baseline-top-20p-750M,step16250-seed-small-aux-3,refuses_unauthenticated,dclm-baseline-top-20p__750M__seed-15__step-16250.npz,dcbc70e3407216ce47ed9972ff69040559f1209f133a4735b6e7760ea7b9f126,134102,"OBSERVED for the hash, the size and the access code; OBSERVED for the branch mapping through rescoring"
dclm-baseline-top-fw-10p__150M,dclm-baseline-top-fw-10p,150M,dclm-baseline-top-fw-10p__150M__seed-2__step-38157,2,38157,default,allenai/DataDecide-dclm-baseline-top-fw-10p-150M,step38157-seed-default,refuses_unauthenticated,dclm-baseline-top-fw-10p__150M__seed-2__step-38157.npz,53a3a540d74252b5da238fa48cefbccf98a638e066a0f88b831c0542c970c4ed,133997,"OBSERVED for the hash, the size and the access code; OBSERVED for the branch mapping through rescoring"
dclm-baseline-top-fw-10p__150M,dclm-baseline-top-fw-10p,150M,dclm-baseline-top-fw-10p__150M__seed-14__step-38157,14,38157,auxiliary,allenai/DataDecide-dclm-baseline-top-fw-10p-150M,step38157-seed-small-aux-2,refuses_unauthenticated,dclm-baseline-top-fw-10p__150M__seed-14__step-38157.npz,b7e75225e8684e6347115ac9889ba21f3da41b86bcf16ceec151626e452f6eac,134098,"OBSERVED for the hash, the size and the access code; OBSERVED for the branch mapping through rescoring"
dclm-baseline-top-fw-10p__150M,dclm-baseline-top-fw-10p,150M,dclm-baseline-top-fw-10p__150M__seed-15__step-38157,15,38157,auxiliary,allenai/DataDecide-dclm-baseline-top-fw-10p-150M,step38157-seed-small-aux-3,refuses_unauthenticated,dclm-baseline-top-fw-10p__150M__seed-15__step-38157.npz,5c8ce6137cfa538d124cbb14b22d95bf1abe86c7271363ab917e95fa79d4f653,134028,"OBSERVED for the hash, the size and the access code; OBSERVED for the branch mapping through rescoring"
dclm-baseline-top-fw-10p__1B,dclm-baseline-top-fw-10p,1B,dclm-baseline-top-fw-10p__1B__seed-2__step-69369,2,69369,default,allenai/DataDecide-dclm-baseline-top-fw-10p-1B,step69369-seed-default,refuses_unauthenticated,dclm-baseline-top-fw-10p__1B__seed-2__step-69369.npz,8e5a6b76eefcf9d707d4ac6c0f0841f88eb29bb4c9486e1ce2d218827333dd20,134207,"OBSERVED for the hash, the size and the access code; OBSERVED for the branch mapping through rescoring"
dclm-baseline-top-fw-10p__1B,dclm-baseline-top-fw-10p,1B,dclm-baseline-top-fw-10p__1B__seed-4__step-69369,4,69369,auxiliary,allenai/DataDecide-dclm-baseline-top-fw-10p-1B,step69369-seed-large-aux-2,refuses_unauthenticated,dclm-baseline-top-fw-10p__1B__seed-4__step-69369.npz,585e2f54ee80028515c8459e62cbeddabab28740d0df8be4c2429488230061e7,134294,"OBSERVED for the hash, the size and the access code; OBSERVED for the branch mapping through rescoring"
dclm-baseline-top-fw-10p__1B,dclm-baseline-top-fw-10p,1B,dclm-baseline-top-fw-10p__1B__seed-5__step-69369,5,69369,auxiliary,allenai/DataDecide-dclm-baseline-top-fw-10p-1B,step69369-seed-large-aux-3,refuses_unauthenticated,dclm-baseline-top-fw-10p__1B__seed-5__step-69369.npz,cfc270ba72897dc342a88775efeb1f493960406a10102229c7397c80cff84cea,134211,"OBSERVED for the hash, the size and the access code; OBSERVED for the branch mapping through rescoring"
dclm-baseline-top-fw-10p__300M,dclm-baseline-top-fw-10p,300M,dclm-baseline-top-fw-10p__300M__seed-2__step-45787,2,45787,default,allenai/DataDecide-dclm-baseline-top-fw-10p-300M,step45787-seed-default,refuses_unauthenticated,dclm-baseline-top-fw-10p__300M__seed-2__step-45787.npz,47dc06cd50505b68a943e847e4d543f219d5b733ad23bb1dfad9d543bef2ba68,134140,"OBSERVED for the hash, the size and the access code; OBSERVED for the branch mapping through rescoring"
dclm-baseline-top-fw-10p__300M,dclm-baseline-top-fw-10p,300M,dclm-baseline-top-fw-10p__300M__seed-14__step-45787,14,45787,auxiliary,allenai/DataDecide-dclm-baseline-top-fw-10p-300M,step45787-seed-small-aux-2,refuses_unauthenticated,dclm-baseline-top-fw-10p__300M__seed-14__step-45787.npz,1a07f32bb549f3c4ecf5e95a0da97b62cf6c9179ac28bd34cd8179c0799b0d6a,134099,"OBSERVED for the hash, the size and the access code; OBSERVED for the branch mapping through rescoring"
dclm-baseline-top-fw-10p__300M,dclm-baseline-top-fw-10p,300M,dclm-baseline-top-fw-10p__300M__seed-15__step-45787,15,45787,auxiliary,allenai/DataDecide-dclm-baseline-top-fw-10p-300M,step45787-seed-small-aux-3,refuses_unauthenticated,dclm-baseline-top-fw-10p__300M__seed-15__step-45787.npz,aceb14b0b40efcb847de1ec53575b2a86b5998981655d74a4133baa59c48284c,134303,"OBSERVED for the hash, the size and the access code; OBSERVED for the branch mapping through rescoring"
dclm-baseline-top-fw-10p__530M,dclm-baseline-top-fw-10p,530M,dclm-baseline-top-fw-10p__530M__seed-2__step-51250,2,51250,default,allenai/DataDecide-dclm-baseline-top-fw-10p-530M,step51250-seed-default,refuses_unauthenticated,dclm-baseline-top-fw-10p__530M__seed-2__step-51250.npz,77654b8d88e222a6e2d5c6a495a1955c1cdda0f4de815d44f5b24ce4bab65801,134240,"OBSERVED for the hash, the size and the access code; OBSERVED for the branch mapping through rescoring"
dclm-baseline-top-fw-10p__530M,dclm-baseline-top-fw-10p,530M,dclm-baseline-top-fw-10p__530M__seed-14__step-51250,14,51250,auxiliary,allenai/DataDecide-dclm-baseline-top-fw-10p-530M,step51250-seed-small-aux-2,refuses_unauthenticated,dclm-baseline-top-fw-10p__530M__seed-14__step-51250.npz,b4437ba0ef44ee557b1734f847786d75ac5df233096b62658393c4a63cc2753e,134361,"OBSERVED for the hash, the size and the access code; OBSERVED for the branch mapping through rescoring"
dclm-baseline-top-fw-10p__530M,dclm-baseline-top-fw-10p,530M,dclm-baseline-top-fw-10p__530M__seed-15__step-51250,15,51250,auxiliary,allenai/DataDecide-dclm-baseline-top-fw-10p-530M,step51250-seed-small-aux-3,refuses_unauthenticated,dclm-baseline-top-fw-10p__530M__seed-15__step-51250.npz,b67c1452ba434cd1f1e0ab8f35cb2239e41965d6647b46bb9921d4a563b71402,134185,"OBSERVED for the hash, the size and the access code; OBSERVED for the branch mapping through rescoring"
dclm-baseline-top-fw-10p__750M,dclm-baseline-top-fw-10p,750M,dclm-baseline-top-fw-10p__750M__seed-2__step-27500,2,27500,default,allenai/DataDecide-dclm-baseline-top-fw-10p-750M,step27500-seed-default,refuses_unauthenticated,dclm-baseline-top-fw-10p__750M__seed-2__step-27500.npz,0cf6ec5d4b2dbf4dc28194c2af7a644be7a35634533784c68e0e598510f627b2,134177,"OBSERVED for the hash, the size and the access code; OBSERVED for the branch mapping through rescoring"
dclm-baseline-top-fw-10p__750M,dclm-baseline-top-fw-10p,750M,dclm-baseline-top-fw-10p__750M__seed-14__step-27500,14,27500,auxiliary,allenai/DataDecide-dclm-baseline-top-fw-10p-750M,step27500-seed-small-aux-2,refuses_unauthenticated,dclm-baseline-top-fw-10p__750M__seed-14__step-27500.npz,d6d9603c80c0918e1f13cbb216d934c3e0cc414012d5e05fb0bf8f9e776ebf1f,134298,"OBSERVED for the hash, the size and the access code; OBSERVED for the branch mapping through rescoring"
dclm-baseline-top-fw-10p__750M,dclm-baseline-top-fw-10p,750M,dclm-baseline-top-fw-10p__750M__seed-15__step-27500,15,27500,auxiliary,allenai/DataDecide-dclm-baseline-top-fw-10p-750M,step27500-seed-small-aux-3,refuses_unauthenticated,dclm-baseline-top-fw-10p__750M__seed-15__step-27500.npz,8befc3655b652c3d32e5ce06452d7a11ec96dba4a8738a98660aba9e78034841,134210,"OBSERVED for the hash, the size and the access code; OBSERVED for the branch mapping through rescoring"
dclm-baseline-top-fw-3p__150M,dclm-baseline-top-fw-3p,150M,dclm-baseline-top-fw-3p__150M__seed-2__step-38157,2,38157,default,allenai/DataDecide-dclm-baseline-top-fw-3p-150M,step38157-seed-default,refuses_unauthenticated,dclm-baseline-top-fw-3p__150M__seed-2__step-38157.npz,f1d028d5031c4f2630aad95f34ca56d1460013fc3636ffc2149a2f4c89b268d1,134039,"OBSERVED for the hash, the size and the access code; OBSERVED for the branch mapping through rescoring"
dclm-baseline-top-fw-3p__150M,dclm-baseline-top-fw-3p,150M,dclm-baseline-top-fw-3p__150M__seed-14__step-38157,14,38157,auxiliary,allenai/DataDecide-dclm-baseline-top-fw-3p-150M,step38157-seed-small-aux-2,refuses_unauthenticated,dclm-baseline-top-fw-3p__150M__seed-14__step-38157.npz,e3180d0fe7d9b762455e9f5bbd2745660c34c4cee6f7cf74d790ba9a7d37c001,134003,"OBSERVED for the hash, the size and the access code; OBSERVED for the branch mapping through rescoring"
dclm-baseline-top-fw-3p__150M,dclm-baseline-top-fw-3p,150M,dclm-baseline-top-fw-3p__150M__seed-15__step-38157,15,38157,auxiliary,allenai/DataDecide-dclm-baseline-top-fw-3p-150M,step38157-seed-small-aux-3,refuses_unauthenticated,dclm-baseline-top-fw-3p__150M__seed-15__step-38157.npz,7da0a2f73dacefb67703cbd4b5c5035299211ba6d25b82f3ab009f872b1ca53f,133959,"OBSERVED for the hash, the size and the access code; OBSERVED for the branch mapping through rescoring"
dclm-baseline-top-fw-3p__1B,dclm-baseline-top-fw-3p,1B,dclm-baseline-top-fw-3p__1B__seed-2__step-69369,2,69369,default,allenai/DataDecide-dclm-baseline-top-fw-3p-1B,step69369-seed-default,refuses_unauthenticated,dclm-baseline-top-fw-3p__1B__seed-2__step-69369.npz,e2ee0a9c859e6077bed2208a778f8d749e965b16ac42c349e231f5931efdd64f,134268,"OBSERVED for the hash, the size and the access code; OBSERVED for the branch mapping through rescoring"
dclm-baseline-top-fw-3p__1B,dclm-baseline-top-fw-3p,1B,dclm-baseline-top-fw-3p__1B__seed-4__step-69369,4,69369,auxiliary,allenai/DataDecide-dclm-baseline-top-fw-3p-1B,step69369-seed-large-aux-2,refuses_unauthenticated,dclm-baseline-top-fw-3p__1B__seed-4__step-69369.npz,6d765ff3fe0c483ba9ef2f984b0876b68db061bac4abe8fd9b2efcca23e5eecb,134155,"OBSERVED for the hash, the size and the access code; OBSERVED for the branch mapping through rescoring"
dclm-baseline-top-fw-3p__1B,dclm-baseline-top-fw-3p,1B,dclm-baseline-top-fw-3p__1B__seed-5__step-69369,5,69369,auxiliary,allenai/DataDecide-dclm-baseline-top-fw-3p-1B,step69369-seed-large-aux-3,refuses_unauthenticated,dclm-baseline-top-fw-3p__1B__seed-5__step-69369.npz,75771fdb71e4c2e1a8bea503c4885244838fb0b738b45e3043c1bf17077ae1bb,134331,"OBSERVED for the hash, the size and the access code; OBSERVED for the branch mapping through rescoring"
dclm-baseline-top-fw-3p__300M,dclm-baseline-top-fw-3p,300M,dclm-baseline-top-fw-3p__300M__seed-2__step-45787,2,45787,default,allenai/DataDecide-dclm-baseline-top-fw-3p-300M,step45787-seed-default,refuses_unauthenticated,dclm-baseline-top-fw-3p__300M__seed-2__step-45787.npz,b9e2d59ffaa1308b789f078786c533f3ab50598108bbc261e243941555b94024,134297,"OBSERVED for the hash, the size and the access code; OBSERVED for the branch mapping through rescoring"
dclm-baseline-top-fw-3p__300M,dclm-baseline-top-fw-3p,300M,dclm-baseline-top-fw-3p__300M__seed-14__step-45787,14,45787,auxiliary,allenai/DataDecide-dclm-baseline-top-fw-3p-300M,step45787-seed-small-aux-2,refuses_unauthenticated,dclm-baseline-top-fw-3p__300M__seed-14__step-45787.npz,7165003dded999eb39405ae7b371ea42b51563cc49f051d4bd7ce25406c5207d,134046,"OBSERVED for the hash, the size and the access code; OBSERVED for the branch mapping through rescoring"
dclm-baseline-top-fw-3p__300M,dclm-baseline-top-fw-3p,300M,dclm-baseline-top-fw-3p__300M__seed-15__step-45787,15,45787,auxiliary,allenai/DataDecide-dclm-baseline-top-fw-3p-300M,step45787-seed-small-aux-3,refuses_unauthenticated,dclm-baseline-top-fw-3p__300M__seed-15__step-45787.npz,1b508b0865e85658049c8076b4dd8d34a528acf6605b6517a99a650fc0562317,134230,"OBSERVED for the hash, the size and the access code; OBSERVED for the branch mapping through rescoring"
dclm-baseline-top-fw-3p__530M,dclm-baseline-top-fw-3p,530M,dclm-baseline-top-fw-3p__530M__seed-2__step-51250,2,51250,default,allenai/DataDecide-dclm-baseline-top-fw-3p-530M,step51250-seed-default,refuses_unauthenticated,dclm-baseline-top-fw-3p__530M__seed-2__step-51250.npz,be0ec9fa37af32b0ef93610a95ba33069d98e128daf9d80ae2fc3940f42b4e81,134331,"OBSERVED for the hash, the size and the access code; OBSERVED for the branch mapping through rescoring"
dclm-baseline-top-fw-3p__530M,dclm-baseline-top-fw-3p,530M,dclm-baseline-top-fw-3p__530M__seed-14__step-51250,14,51250,auxiliary,allenai/DataDecide-dclm-baseline-top-fw-3p-530M,step51250-seed-small-aux-2,refuses_unauthenticated,dclm-baseline-top-fw-3p__530M__seed-14__step-51250.npz,131fb4b5fafb6450c5dde69069dfa8e54ddb63be7f2d566136593b96e87e7f78,134184,"OBSERVED for the hash, the size and the access code; OBSERVED for the branch mapping through rescoring"
dclm-baseline-top-fw-3p__530M,dclm-baseline-top-fw-3p,530M,dclm-baseline-top-fw-3p__530M__seed-15__step-51250,15,51250,auxiliary,allenai/DataDecide-dclm-baseline-top-fw-3p-530M,step51250-seed-small-aux-3,refuses_unauthenticated,dclm-baseline-top-fw-3p__530M__seed-15__step-51250.npz,981b4161a5166020291c09980d5ab8b409be7d1caea847860b1b70142a585ca7,134117,"OBSERVED for the hash, the size and the access code; OBSERVED for the branch mapping through rescoring"
dclm-baseline-top-fw-3p__750M,dclm-baseline-top-fw-3p,750M,dclm-baseline-top-fw-3p__750M__seed-2__step-27500,2,27500,default,allenai/DataDecide-dclm-baseline-top-fw-3p-750M,step27500-seed-default,refuses_unauthenticated,dclm-baseline-top-fw-3p__750M__seed-2__step-27500.npz,7ad7444a60ff0cddec6dd9dfcc9e2c19fcb8a29cc2f2cd8729e3ecb5951dd30a,134176,"OBSERVED for the hash, the size and the access code; OBSERVED for the branch mapping through rescoring"
dclm-baseline-top-fw-3p__750M,dclm-baseline-top-fw-3p,750M,dclm-baseline-top-fw-3p__750M__seed-14__step-27500,14,27500,auxiliary,allenai/DataDecide-dclm-baseline-top-fw-3p-750M,step27500-seed-small-aux-2,refuses_unauthenticated,dclm-baseline-top-fw-3p__750M__seed-14__step-27500.npz,7f0401ae0d677a3e2365082b8c65a88734f8372d1689add621d24206a9c95de1,134151,"OBSERVED for the hash, the size and the access code; OBSERVED for the branch mapping through rescoring"
dclm-baseline-top-fw-3p__750M,dclm-baseline-top-fw-3p,750M,dclm-baseline-top-fw-3p__750M__seed-15__step-27500,15,27500,auxiliary,allenai/DataDecide-dclm-baseline-top-fw-3p-750M,step27500-seed-small-aux-3,refuses_unauthenticated,dclm-baseline-top-fw-3p__750M__seed-15__step-27500.npz,e2fca59c76e64a9623396af380d9d5850a34b465b420fa2f902aa209130c146b,134257,"OBSERVED for the hash, the size and the access code; OBSERVED for the branch mapping through rescoring"
dclm-baseline-top-fw2-7p__150M,dclm-baseline-top-fw2-7p,150M,dclm-baseline-top-fw2-7p__150M__seed-2__step-38157,2,38157,default,allenai/DataDecide-dclm-baseline-top-fw2-7p-150M,step38157-seed-default,refuses_unauthenticated,dclm-baseline-top-fw2-7p__150M__seed-2__step-38157.npz,199d983627c25c301224076925715c473de49c0354ecfe9a69a65353a95a5f51,133856,"OBSERVED for the hash, the size and the access code; OBSERVED for the branch mapping through rescoring"
dclm-baseline-top-fw2-7p__150M,dclm-baseline-top-fw2-7p,150M,dclm-baseline-top-fw2-7p__150M__seed-14__step-38157,14,38157,auxiliary,allenai/DataDecide-dclm-baseline-top-fw2-7p-150M,step38157-seed-small-aux-2,refuses_unauthenticated,dclm-baseline-top-fw2-7p__150M__seed-14__step-38157.npz,2b5f37b6c2418070a250f4169e2933152381af4d5673c6d8fbefec35ab2846da,134061,"OBSERVED for the hash, the size and the access code; OBSERVED for the branch mapping through rescoring"
dclm-baseline-top-fw2-7p__150M,dclm-baseline-top-fw2-7p,150M,dclm-baseline-top-fw2-7p__150M__seed-15__step-38157,15,38157,auxiliary,allenai/DataDecide-dclm-baseline-top-fw2-7p-150M,step38157-seed-small-aux-3,refuses_unauthenticated,dclm-baseline-top-fw2-7p__150M__seed-15__step-38157.npz,c9464b5a83a2a8bdd01232b955251bba0eb9c2cfc81c88cf699439a5f374e958,133979,"OBSERVED for the hash, the size and the access code; OBSERVED for the branch mapping through rescoring"
dclm-baseline-top-fw2-7p__1B,dclm-baseline-top-fw2-7p,1B,dclm-baseline-top-fw2-7p__1B__seed-2__step-69369,2,69369,default,allenai/DataDecide-dclm-baseline-top-fw2-7p-1B,step69369-seed-default,refuses_unauthenticated,dclm-baseline-top-fw2-7p__1B__seed-2__step-69369.npz,91894569544a79a92cc20d90775957a352acc7d723cddc111c7c73d09e0e3df9,134106,"OBSERVED for the hash, the size and the access code; OBSERVED for the branch mapping through rescoring"
dclm-baseline-top-fw2-7p__1B,dclm-baseline-top-fw2-7p,1B,dclm-baseline-top-fw2-7p__1B__seed-4__step-69369,4,69369,auxiliary,allenai/DataDecide-dclm-baseline-top-fw2-7p-1B,step69369-seed-large-aux-2,refuses_unauthenticated,dclm-baseline-top-fw2-7p__1B__seed-4__step-69369.npz,5945d8e48a82b9ef71cba811a3d607ec9aa9ebd179979c1eefef8a811e20a951,134290,"OBSERVED for the hash, the size and the access code; OBSERVED for the branch mapping through rescoring"
dclm-baseline-top-fw2-7p__1B,dclm-baseline-top-fw2-7p,1B,dclm-baseline-top-fw2-7p__1B__seed-5__step-69369,5,69369,auxiliary,allenai/DataDecide-dclm-baseline-top-fw2-7p-1B,step69369-seed-large-aux-3,refuses_unauthenticated,dclm-baseline-top-fw2-7p__1B__seed-5__step-69369.npz,8cd20edb5b0af0a037425eed631eadea16747f4b6421668952cedb1d858250e9,134115,"OBSERVED for the hash, the size and the access code; OBSERVED for the branch mapping through rescoring"
dclm-baseline-top-fw2-7p__300M,dclm-baseline-top-fw2-7p,300M,dclm-baseline-top-fw2-7p__300M__seed-2__step-45787,2,45787,default,allenai/DataDecide-dclm-baseline-top-fw2-7p-300M,step45787-seed-default,refuses_unauthenticated,dclm-baseline-top-fw2-7p__300M__seed-2__step-45787.npz,deec51852a19b1895be8eec23b147fb3a585946c45a04d482baf07d0977b947a,134132,"OBSERVED for the hash, the size and the access code; OBSERVED for the branch mapping through rescoring"
dclm-baseline-top-fw2-7p__300M,dclm-baseline-top-fw2-7p,300M,dclm-baseline-top-fw2-7p__300M__seed-14__step-45787,14,45787,auxiliary,allenai/DataDecide-dclm-baseline-top-fw2-7p-300M,step45787-seed-small-aux-2,refuses_unauthenticated,dclm-baseline-top-fw2-7p__300M__seed-14__step-45787.npz,a77cd793ae5a22a82146ac9dcc6df1f97b63944e6914d8aa44c3bbb7fa75cc5f,134241,"OBSERVED for the hash, the size and the access code; OBSERVED for the branch mapping through rescoring"
dclm-baseline-top-fw2-7p__300M,dclm-baseline-top-fw2-7p,300M,dclm-baseline-top-fw2-7p__300M__seed-15__step-45787,15,45787,auxiliary,allenai/DataDecide-dclm-baseline-top-fw2-7p-300M,step45787-seed-small-aux-3,refuses_unauthenticated,dclm-baseline-top-fw2-7p__300M__seed-15__step-45787.npz,78f1f396446b088fd56e73cc683e20e289e40a97e234075a4b4071daf09c6f98,134267,"OBSERVED for the hash, the size and the access code; OBSERVED for the branch mapping through rescoring"
dclm-baseline-top-fw2-7p__530M,dclm-baseline-top-fw2-7p,530M,dclm-baseline-top-fw2-7p__530M__seed-2__step-51250,2,51250,default,allenai/DataDecide-dclm-baseline-top-fw2-7p-530M,step51250-seed-default,refuses_unauthenticated,dclm-baseline-top-fw2-7p__530M__seed-2__step-51250.npz,837b673543cc7a1b776461b606e2fa8a9fd32e250382932d6c68a07bb41fa891,134350,"OBSERVED for the hash, the size and the access code; OBSERVED for the branch mapping through rescoring"
dclm-baseline-top-fw2-7p__530M,dclm-baseline-top-fw2-7p,530M,dclm-baseline-top-fw2-7p__530M__seed-14__step-51250,14,51250,auxiliary,allenai/DataDecide-dclm-baseline-top-fw2-7p-530M,step51250-seed-small-aux-2,refuses_unauthenticated,dclm-baseline-top-fw2-7p__530M__seed-14__step-51250.npz,d24a7d2e6a78a82268b2d4176d47814b1fbf8a70129ba3a399ae92e9927f5517,134285,"OBSERVED for the hash, the size and the access code; OBSERVED for the branch mapping through rescoring"
dclm-baseline-top-fw2-7p__530M,dclm-baseline-top-fw2-7p,530M,dclm-baseline-top-fw2-7p__530M__seed-15__step-51250,15,51250,auxiliary,allenai/DataDecide-dclm-baseline-top-fw2-7p-530M,step51250-seed-small-aux-3,refuses_unauthenticated,dclm-baseline-top-fw2-7p__530M__seed-15__step-51250.npz,573f72c5dbdfd61037dcb8c9b2eb5d20a11db2cd8cc6fc6f035cc486271e6e62,134255,"OBSERVED for the hash, the size and the access code; OBSERVED for the branch mapping through rescoring"
dclm-baseline-top-fw2-7p__750M,dclm-baseline-top-fw2-7p,750M,dclm-baseline-top-fw2-7p__750M__seed-2__step-27500,2,27500,default,allenai/DataDecide-dclm-baseline-top-fw2-7p-750M,step27500-seed-default,refuses_unauthenticated,dclm-baseline-top-fw2-7p__750M__seed-2__step-27500.npz,8bab067a847811075a55e5b6dee3b3240a8a32bd9f328cfe8dfef6c148e05bbd,134323,"OBSERVED for the hash, the size and the access code; OBSERVED for the branch mapping through rescoring"
dclm-baseline-top-fw2-7p__750M,dclm-baseline-top-fw2-7p,750M,dclm-baseline-top-fw2-7p__750M__seed-14__step-27500,14,27500,auxiliary,allenai/DataDecide-dclm-baseline-top-fw2-7p-750M,step27500-seed-small-aux-2,refuses_unauthenticated,dclm-baseline-top-fw2-7p__750M__seed-14__step-27500.npz,c9e906ece134b82a00a611785fb94ff616e5d1e79a668921e4b85274b3e3db86,134199,"OBSERVED for the hash, the size and the access code; OBSERVED for the branch mapping through rescoring"
dclm-baseline-top-fw2-7p__750M,dclm-baseline-top-fw2-7p,750M,dclm-baseline-top-fw2-7p__750M__seed-15__step-27500,15,27500,auxiliary,allenai/DataDecide-dclm-baseline-top-fw2-7p-750M,step27500-seed-small-aux-3,refuses_unauthenticated,dclm-baseline-top-fw2-7p__750M__seed-15__step-27500.npz,60114db6fbae484709080f69995f06dd7685c1a345c3f827fe5a5831fe41461d,134204,"OBSERVED for the hash, the size and the access code; OBSERVED for the branch mapping through rescoring"
dclm-baseline-top-fw3-7p__150M,dclm-baseline-top-fw3-7p,150M,dclm-baseline-top-fw3-7p__150M__seed-2__step-38157,2,38157,default,allenai/DataDecide-dclm-baseline-top-fw3-7p-150M,step38157-seed-default,refuses_unauthenticated,dclm-baseline-top-fw3-7p__150M__seed-2__step-38157.npz,5a81ac28528fb014427c8a2aeb2a928c36be42f5d4725b796ee5eb6d729ab9d1,134096,"OBSERVED for the hash, the size and the access code; OBSERVED for the branch mapping through rescoring"
dclm-baseline-top-fw3-7p__150M,dclm-baseline-top-fw3-7p,150M,dclm-baseline-top-fw3-7p__150M__seed-14__step-38157,14,38157,auxiliary,allenai/DataDecide-dclm-baseline-top-fw3-7p-150M,step38157-seed-small-aux-2,refuses_unauthenticated,dclm-baseline-top-fw3-7p__150M__seed-14__step-38157.npz,456f3c169d69e22d7abf65965ff8815c5aa0fba95c6b8955e569c152ab216a56,133996,"OBSERVED for the hash, the size and the access code; OBSERVED for the branch mapping through rescoring"
dclm-baseline-top-fw3-7p__150M,dclm-baseline-top-fw3-7p,150M,dclm-baseline-top-fw3-7p__150M__seed-15__step-38157,15,38157,auxiliary,allenai/DataDecide-dclm-baseline-top-fw3-7p-150M,step38157-seed-small-aux-3,refuses_unauthenticated,dclm-baseline-top-fw3-7p__150M__seed-15__step-38157.npz,0f4c8787a626842f06d916591d98b81a0527b7a0ffe5858385a2c0a8b8633a57,134005,"OBSERVED for the hash, the size and the access code; OBSERVED for the branch mapping through rescoring"
dclm-baseline-top-fw3-7p__1B,dclm-baseline-top-fw3-7p,1B,dclm-baseline-top-fw3-7p__1B__seed-2__step-69369,2,69369,default,allenai/DataDecide-dclm-baseline-top-fw3-7p-1B,step69369-seed-default,refuses_unauthenticated,dclm-baseline-top-fw3-7p__1B__seed-2__step-69369.npz,1c922fd5ffbef332de5c56d57a173595f1d457261a43e797407b38dbed30840e,134205,"OBSERVED for the hash, the size and the access code; OBSERVED for the branch mapping through rescoring"
dclm-baseline-top-fw3-7p__1B,dclm-baseline-top-fw3-7p,1B,dclm-baseline-top-fw3-7p__1B__seed-4__step-69369,4,69369,auxiliary,allenai/DataDecide-dclm-baseline-top-fw3-7p-1B,step69369-seed-large-aux-2,refuses_unauthenticated,dclm-baseline-top-fw3-7p__1B__seed-4__step-69369.npz,039bada70a75c7f2309a6559758938a919100ea7f49d72a11084880b58af4f9a,134252,"OBSERVED for the hash, the size and the access code; OBSERVED for the branch mapping through rescoring"
dclm-baseline-top-fw3-7p__1B,dclm-baseline-top-fw3-7p,1B,dclm-baseline-top-fw3-7p__1B__seed-5__step-69369,5,69369,auxiliary,allenai/DataDecide-dclm-baseline-top-fw3-7p-1B,step69369-seed-large-aux-3,refuses_unauthenticated,dclm-baseline-top-fw3-7p__1B__seed-5__step-69369.npz,0613b7892b8fbf331872e4adb0b9f15db8f8bc51114989d0335a560e9cad4281,134286,"OBSERVED for the hash, the size and the access code; OBSERVED for the branch mapping through rescoring"
dclm-baseline-top-fw3-7p__300M,dclm-baseline-top-fw3-7p,300M,dclm-baseline-top-fw3-7p__300M__seed-2__step-45787,2,45787,default,allenai/DataDecide-dclm-baseline-top-fw3-7p-300M,step45787-seed-default,refuses_unauthenticated,dclm-baseline-top-fw3-7p__300M__seed-2__step-45787.npz,4c6bd91c730a938e12de4a903c5d637c05465718dc2f42ab0b4717363c149cb1,134198,"OBSERVED for the hash, the size and the access code; OBSERVED for the branch mapping through rescoring"
dclm-baseline-top-fw3-7p__300M,dclm-baseline-top-fw3-7p,300M,dclm-baseline-top-fw3-7p__300M__seed-14__step-45787,14,45787,auxiliary,allenai/DataDecide-dclm-baseline-top-fw3-7p-300M,step45787-seed-small-aux-2,refuses_unauthenticated,dclm-baseline-top-fw3-7p__300M__seed-14__step-45787.npz,8e42246e3d46a0e9bd8b75e780f93a200d64387eaf1240d045b53b79065ea094,134316,"OBSERVED for the hash, the size and the access code; OBSERVED for the branch mapping through rescoring"
dclm-baseline-top-fw3-7p__300M,dclm-baseline-top-fw3-7p,300M,dclm-baseline-top-fw3-7p__300M__seed-15__step-45787,15,45787,auxiliary,allenai/DataDecide-dclm-baseline-top-fw3-7p-300M,step45787-seed-small-aux-3,refuses_unauthenticated,dclm-baseline-top-fw3-7p__300M__seed-15__step-45787.npz,4dacfcb3bc54e662e419ff7bb29b41a34f33e4b59611ac5108508a0cd4c9afc1,134185,"OBSERVED for the hash, the size and the access code; OBSERVED for the branch mapping through rescoring"
dclm-baseline-top-fw3-7p__530M,dclm-baseline-top-fw3-7p,530M,dclm-baseline-top-fw3-7p__530M__seed-2__step-51250,2,51250,default,allenai/DataDecide-dclm-baseline-top-fw3-7p-530M,step51250-seed-default,refuses_unauthenticated,dclm-baseline-top-fw3-7p__530M__seed-2__step-51250.npz,2f3a164886a6a9a9d26935690d5e7b812982a6d55107a117e0e88a3c44c5d234,134197,"OBSERVED for the hash, the size and the access code; OBSERVED for the branch mapping through rescoring"
dclm-baseline-top-fw3-7p__530M,dclm-baseline-top-fw3-7p,530M,dclm-baseline-top-fw3-7p__530M__seed-14__step-51250,14,51250,auxiliary,allenai/DataDecide-dclm-baseline-top-fw3-7p-530M,step51250-seed-small-aux-2,refuses_unauthenticated,dclm-baseline-top-fw3-7p__530M__seed-14__step-51250.npz,a8adddd48de8d00df1efa810e787f00f8048271518515c02203baf2457789169,134359,"OBSERVED for the hash, the size and the access code; OBSERVED for the branch mapping through rescoring"
dclm-baseline-top-fw3-7p__530M,dclm-baseline-top-fw3-7p,530M,dclm-baseline-top-fw3-7p__530M__seed-15__step-51250,15,51250,auxiliary,allenai/DataDecide-dclm-baseline-top-fw3-7p-530M,step51250-seed-small-aux-3,refuses_unauthenticated,dclm-baseline-top-fw3-7p__530M__seed-15__step-51250.npz,8a1f4a43806fb9ae3356f843e4a0b615351e0e8168eacff33f4559fe41b397f7,134162,"OBSERVED for the hash, the size and the access code; OBSERVED for the branch mapping through rescoring"
dclm-baseline-top-fw3-7p__750M,dclm-baseline-top-fw3-7p,750M,dclm-baseline-top-fw3-7p__750M__seed-2__step-27500,2,27500,default,allenai/DataDecide-dclm-baseline-top-fw3-7p-750M,step27500-seed-default,refuses_unauthenticated,dclm-baseline-top-fw3-7p__750M__seed-2__step-27500.npz,53af76f7dc052697e9f57352718320a01bd67a2a92f413e240b9395368b38e04,134428,"OBSERVED for the hash, the size and the access code; OBSERVED for the branch mapping through rescoring"
dclm-baseline-top-fw3-7p__750M,dclm-baseline-top-fw3-7p,750M,dclm-baseline-top-fw3-7p__750M__seed-14__step-27500,14,27500,auxiliary,allenai/DataDecide-dclm-baseline-top-fw3-7p-750M,step27500-seed-small-aux-2,refuses_unauthenticated,dclm-baseline-top-fw3-7p__750M__seed-14__step-27500.npz,dbd430016153fb288a40345206859198ab303969cce94c0655e14dde728056d1,134191,"OBSERVED for the hash, the size and the access code; OBSERVED for the branch mapping through rescoring"
dclm-baseline-top-fw3-7p__750M,dclm-baseline-top-fw3-7p,750M,dclm-baseline-top-fw3-7p__750M__seed-15__step-27500,15,27500,auxiliary,allenai/DataDecide-dclm-baseline-top-fw3-7p-750M,step27500-seed-small-aux-3,refuses_unauthenticated,dclm-baseline-top-fw3-7p__750M__seed-15__step-27500.npz,a95996a32ca78ee0dd35eebbf287607ee5df176230aaee2adccc63af1952c302,134330,"OBSERVED for the hash, the size and the access code; OBSERVED for the branch mapping through rescoring"
dolma1.6++__150M,dolma1.6++,150M,dolma1.6++__150M__seed-2__step-37500,2,37500,default,allenai/DataDecide-dolma1.6++-150M,step37500-seed-default,invalid_repo_id,dolma1.6++__150M__seed-2__step-37500.npz,3e313540cbdd21c6459da14c5a3aeb0da727456538a3d23c8594cad0af496ed8,133895,"OBSERVED for the hash, the size and the access code; OBSERVED for the branch mapping through rescoring"
dolma1.6++__150M,dolma1.6++,150M,dolma1.6++__150M__seed-14__step-37500,14,37500,auxiliary,allenai/DataDecide-dolma1.6++-150M,step37500-seed-small-aux-2,invalid_repo_id,dolma1.6++__150M__seed-14__step-37500.npz,a655b7374ddf990dd6ece32c20294a41620ece4e77bc72733658124a6300ac25,133721,"OBSERVED for the hash, the size and the access code; OBSERVED for the branch mapping through rescoring"
dolma1.6++__150M,dolma1.6++,150M,dolma1.6++__150M__seed-15__step-37500,15,37500,auxiliary,allenai/DataDecide-dolma1.6++-150M,step37500-seed-small-aux-3,invalid_repo_id,dolma1.6++__150M__seed-15__step-37500.npz,e903104cbca75889906f22803d2b75671d723cf62b11732855e8642688e11da3,133746,"OBSERVED for the hash, the size and the access code; OBSERVED for the branch mapping through rescoring"
dolma1.6++__1B,dolma1.6++,1B,dolma1.6++__1B__seed-2__step-69369,2,69369,default,allenai/DataDecide-dolma1.6++-1B,step69369-seed-default,invalid_repo_id,dolma1.6++__1B__seed-2__step-69369.npz,21d5bf2deb443dd8213c53e24f91ddc533369e12318cac92c3b47be95cf9340d,134157,"OBSERVED for the hash, the size and the access code; OBSERVED for the branch mapping through rescoring"
dolma1.6++__1B,dolma1.6++,1B,dolma1.6++__1B__seed-4__step-69369,4,69369,auxiliary,allenai/DataDecide-dolma1.6++-1B,step69369-seed-large-aux-2,invalid_repo_id,dolma1.6++__1B__seed-4__step-69369.npz,db1ba57e67f9606c01e0d6b325c82f7fe3f7f263a6c76c0e7925451212871bc2,134230,"OBSERVED for the hash, the size and the access code; OBSERVED for the branch mapping through rescoring"
dolma1.6++__1B,dolma1.6++,1B,dolma1.6++__1B__seed-5__step-69369,5,69369,auxiliary,allenai/DataDecide-dolma1.6++-1B,step69369-seed-large-aux-3,invalid_repo_id,dolma1.6++__1B__seed-5__step-69369.npz,9e346116616cce9b7fcfa74302ed1dbc5bd4dc0ea1c0b020542d259a23cb272b,133998,"OBSERVED for the hash, the size and the access code; OBSERVED for the branch mapping through rescoring"
dolma1.6++__300M,dolma1.6++,300M,dolma1.6++__300M__seed-2__step-45000,2,45000,default,allenai/DataDecide-dolma1.6++-300M,step45000-seed-default,invalid_repo_id,dolma1.6++__300M__seed-2__step-45000.npz,74da8769da87083b6280c06f009064bf072ba12353e612d512e90b5cd2503225,133838,"OBSERVED for the hash, the size and the access code; OBSERVED for the branch mapping through rescoring"
dolma1.6++__300M,dolma1.6++,300M,dolma1.6++__300M__seed-14__step-45000,14,45000,auxiliary,allenai/DataDecide-dolma1.6++-300M,step45000-seed-small-aux-2,invalid_repo_id,dolma1.6++__300M__seed-14__step-45000.npz,ef86084cfe35c60dc527ffb4d0db18dc660ea73f73b088976fc9b99e1bc87b94,134204,"OBSERVED for the hash, the size and the access code; OBSERVED for the branch mapping through rescoring"
dolma1.6++__300M,dolma1.6++,300M,dolma1.6++__300M__seed-15__step-45000,15,45000,auxiliary,allenai/DataDecide-dolma1.6++-300M,step45000-seed-small-aux-3,invalid_repo_id,dolma1.6++__300M__seed-15__step-45000.npz,952b83c9b0dfb8cce8caa21e3141db02bc5b9702194c14fa2be21de20ebb7b3e,134228,"OBSERVED for the hash, the size and the access code; OBSERVED for the branch mapping through rescoring"
dolma1.6++__530M,dolma1.6++,530M,dolma1.6++__530M__seed-2__step-51250,2,51250,default,allenai/DataDecide-dolma1.6++-530M,step51250-seed-default,invalid_repo_id,dolma1.6++__530M__seed-2__step-51250.npz,237ee6f59d62f85740e1c3517518d700f18952dab5663f909bb13d5c5c73fb2b,134323,"OBSERVED for the hash, the size and the access code; OBSERVED for the branch mapping through rescoring"
dolma1.6++__530M,dolma1.6++,530M,dolma1.6++__530M__seed-14__step-51250,14,51250,auxiliary,allenai/DataDecide-dolma1.6++-530M,step51250-seed-small-aux-2,invalid_repo_id,dolma1.6++__530M__seed-14__step-51250.npz,9713c01f47d2f63df29ab1d87d85a2d282d36a48cf21e9129e19dd45e1634a3d,134251,"OBSERVED for the hash, the size and the access code; OBSERVED for the branch mapping through rescoring"
dolma1.6++__530M,dolma1.6++,530M,dolma1.6++__530M__seed-15__step-51250,15,51250,auxiliary,allenai/DataDecide-dolma1.6++-530M,step51250-seed-small-aux-3,invalid_repo_id,dolma1.6++__530M__seed-15__step-51250.npz,49175609e868ca109ad00ca56e1f38454e50e2ef825e6c9376d20aeeff8367ae,134166,"OBSERVED for the hash, the size and the access code; OBSERVED for the branch mapping through rescoring"
dolma1.6++__750M,dolma1.6++,750M,dolma1.6++__750M__seed-2__step-27500,2,27500,default,allenai/DataDecide-dolma1.6++-750M,step27500-seed-default,invalid_repo_id,dolma1.6++__750M__seed-2__step-27500.npz,e2c176236bd5a39086e56a47a6849b7a7854bd439ea9cce5e48c5cc3c1f9cada,134298,"OBSERVED for the hash, the size and the access code; OBSERVED for the branch mapping through rescoring"
dolma1.6++__750M,dolma1.6++,750M,dolma1.6++__750M__seed-14__step-27500,14,27500,auxiliary,allenai/DataDecide-dolma1.6++-750M,step27500-seed-small-aux-2,invalid_repo_id,dolma1.6++__750M__seed-14__step-27500.npz,0f92510cdeec5051adc3e6f5fc81d51c64a8f956c129d33300d32e14fff63c99,134160,"OBSERVED for the hash, the size and the access code; OBSERVED for the branch mapping through rescoring"
dolma1.6++__750M,dolma1.6++,750M,dolma1.6++__750M__seed-15__step-27500,15,27500,auxiliary,allenai/DataDecide-dolma1.6++-750M,step27500-seed-small-aux-3,invalid_repo_id,dolma1.6++__750M__seed-15__step-27500.npz,6168feebc8ab27bf0a058c3f979619f068aa119d70a9a7c21f2c72409aa11858,134117,"OBSERVED for the hash, the size and the access code; OBSERVED for the branch mapping through rescoring"
dolma1.7__150M,dolma1.7,150M,dolma1.7__150M__seed-2__step-37500,2,37500,default,allenai/DataDecide-dolma1.7-150M,step37500-seed-default,refuses_unauthenticated,dolma1.7__150M__seed-2__step-37500.npz,aef8023bbf26007a4921c2869bd4887b6af6cac00c2ddcf8a25f2dfc8987609d,133852,"OBSERVED for the hash, the size and the access code; OBSERVED for the branch mapping through rescoring"
dolma1.7__150M,dolma1.7,150M,dolma1.7__150M__seed-14__step-37500,14,37500,auxiliary,allenai/DataDecide-dolma1.7-150M,step37500-seed-small-aux-2,refuses_unauthenticated,dolma1.7__150M__seed-14__step-37500.npz,2712ef906e727c11b0b6dd4db7529c76b412f73fa7c5dc21d8ea74ac459f6643,133961,"OBSERVED for the hash, the size and the access code; OBSERVED for the branch mapping through rescoring"
dolma1.7__150M,dolma1.7,150M,dolma1.7__150M__seed-15__step-37500,15,37500,auxiliary,allenai/DataDecide-dolma1.7-150M,step37500-seed-small-aux-3,refuses_unauthenticated,dolma1.7__150M__seed-15__step-37500.npz,98ea957cf0cf318361139f026ac2bc13fbf3cf431edbe322682eeb4cb7942258,133971,"OBSERVED for the hash, the size and the access code; OBSERVED for the branch mapping through rescoring"
dolma1.7__1B,dolma1.7,1B,dolma1.7__1B__seed-2__step-69369,2,69369,default,allenai/DataDecide-dolma1.7-1B,step69369-seed-default,refuses_unauthenticated,dolma1.7__1B__seed-2__step-69369.npz,0b38d4b8ad30482904ae247c3e5d8176f9fe1ac32d7635d9cd57a008f801ad40,134209,"OBSERVED for the hash, the size and the access code; OBSERVED for the branch mapping through rescoring"
dolma1.7__1B,dolma1.7,1B,dolma1.7__1B__seed-4__step-69369,4,69369,auxiliary,allenai/DataDecide-dolma1.7-1B,step69369-seed-large-aux-2,refuses_unauthenticated,dolma1.7__1B__seed-4__step-69369.npz,b44b9095827cb00544958479e93fe9f4b0e0b4aa0d9099c9d2d15b2f1b4eb99d,134080,"OBSERVED for the hash, the size and the access code; OBSERVED for the branch mapping through rescoring"
dolma1.7__1B,dolma1.7,1B,dolma1.7__1B__seed-5__step-69369,5,69369,auxiliary,allenai/DataDecide-dolma1.7-1B,step69369-seed-large-aux-3,refuses_unauthenticated,dolma1.7__1B__seed-5__step-69369.npz,d4a778b6765d9c83448dcb355d764d3d77ab458542d25081ae401adb0b54e6cd,134199,"OBSERVED for the hash, the size and the access code; OBSERVED for the branch mapping through rescoring"
dolma1.7__300M,dolma1.7,300M,dolma1.7__300M__seed-2__step-45000,2,45000,default,allenai/DataDecide-dolma1.7-300M,step45000-seed-default,refuses_unauthenticated,dolma1.7__300M__seed-2__step-45000.npz,00171e145b38902cfbb5890c25d0429f47f52c4cd1def04d459aaed3a46c3df3,134326,"OBSERVED for the hash, the size and the access code; OBSERVED for the branch mapping through rescoring"
dolma1.7__300M,dolma1.7,300M,dolma1.7__300M__seed-14__step-45000,14,45000,auxiliary,allenai/DataDecide-dolma1.7-300M,step45000-seed-small-aux-2,refuses_unauthenticated,dolma1.7__300M__seed-14__step-45000.npz,b1c79b40b626350f9756e8e5d1c50968df43ffdf381f30279b02b681cca3e523,134196,"OBSERVED for the hash, the size and the access code; OBSERVED for the branch mapping through rescoring"
dolma1.7__300M,dolma1.7,300M,dolma1.7__300M__seed-15__step-45000,15,45000,auxiliary,allenai/DataDecide-dolma1.7-300M,step45000-seed-small-aux-3,refuses_unauthenticated,dolma1.7__300M__seed-15__step-45000.npz,7928ca000963016318174a8fc1ee7ac8ff83c3de46c0f7da9ff414cd7b3f191a,133963,"OBSERVED for the hash, the size and the access code; OBSERVED for the branch mapping through rescoring"
dolma1.7__530M,dolma1.7,530M,dolma1.7__530M__seed-2__step-51250,2,51250,default,allenai/DataDecide-dolma1.7-530M,step51250-seed-default,refuses_unauthenticated,dolma1.7__530M__seed-2__step-51250.npz,422196955812eade2738065d911b4bc263f7cc0ea478a4ad6d179e7790bdc675,134263,"OBSERVED for the hash, the size and the access code; OBSERVED for the branch mapping through rescoring"
dolma1.7__530M,dolma1.7,530M,dolma1.7__530M__seed-14__step-51250,14,51250,auxiliary,allenai/DataDecide-dolma1.7-530M,step51250-seed-small-aux-2,refuses_unauthenticated,dolma1.7__530M__seed-14__step-51250.npz,8944f8aaab82eb7f5f1de6255bdbf1665416abe27f5598fb25850e068367b330,134225,"OBSERVED for the hash, the size and the access code; OBSERVED for the branch mapping through rescoring"
dolma1.7__530M,dolma1.7,530M,dolma1.7__530M__seed-15__step-51250,15,51250,auxiliary,allenai/DataDecide-dolma1.7-530M,step51250-seed-small-aux-3,refuses_unauthenticated,dolma1.7__530M__seed-15__step-51250.npz,753574f62a192bc4f959fcc0304eb9d8494f324ad88ea4bc17a6572c97f74dca,134064,"OBSERVED for the hash, the size and the access code; OBSERVED for the branch mapping through rescoring"
dolma1.7__750M,dolma1.7,750M,dolma1.7__750M__seed-2__step-27500,2,27500,default,allenai/DataDecide-dolma1.7-750M,step27500-seed-default,refuses_unauthenticated,dolma1.7__750M__seed-2__step-27500.npz,252ee5f90fe2112a1786910b2311131d6f0f88a01f723740164ac739b80a166f,134014,"OBSERVED for the hash, the size and the access code; OBSERVED for the branch mapping through rescoring"
dolma1.7__750M,dolma1.7,750M,dolma1.7__750M__seed-14__step-27500,14,27500,auxiliary,allenai/DataDecide-dolma1.7-750M,step27500-seed-small-aux-2,refuses_unauthenticated,dolma1.7__750M__seed-14__step-27500.npz,ff1ebc58596480ce954dd9c178ac839c90b9627581045c48d16d00397fe5d663,134086,"OBSERVED for the hash, the size and the access code; OBSERVED for the branch mapping through rescoring"
dolma1.7__750M,dolma1.7,750M,dolma1.7__750M__seed-15__step-27500,15,27500,auxiliary,allenai/DataDecide-dolma1.7-750M,step27500-seed-small-aux-3,refuses_unauthenticated,dolma1.7__750M__seed-15__step-27500.npz,b19f10690113bb0e0dee525387ec55c78d5545b3b395b813f1a46a4d8e61898d,134083,"OBSERVED for the hash, the size and the access code; OBSERVED for the branch mapping through rescoring"
dolma1.7-no-code__150M,dolma1.7-no-code,150M,dolma1.7-no-code__150M__seed-2__step-37500,2,37500,default,allenai/DataDecide-dolma1.7-no-code-150M,step37500-seed-default,refuses_unauthenticated,dolma1.7-no-code__150M__seed-2__step-37500.npz,8a5f2eb941b7dbeb199cbe2885291b00293f7346a6b95456132bf251a6bec887,133720,"OBSERVED for the hash, the size and the access code; OBSERVED for the branch mapping through rescoring"
dolma1.7-no-code__150M,dolma1.7-no-code,150M,dolma1.7-no-code__150M__seed-14__step-37500,14,37500,auxiliary,allenai/DataDecide-dolma1.7-no-code-150M,step37500-seed-small-aux-2,refuses_unauthenticated,dolma1.7-no-code__150M__seed-14__step-37500.npz,778edae71472921f461282ba21fc48502c31964313c55f7beed8854bb42e8ea3,134085,"OBSERVED for the hash, the size and the access code; OBSERVED for the branch mapping through rescoring"
dolma1.7-no-code__150M,dolma1.7-no-code,150M,dolma1.7-no-code__150M__seed-15__step-37500,15,37500,auxiliary,allenai/DataDecide-dolma1.7-no-code-150M,step37500-seed-small-aux-3,refuses_unauthenticated,dolma1.7-no-code__150M__seed-15__step-37500.npz,e34e5015ff6fa731bcf9390bf5713167454e42734d9ab6c5762392bc5c4a6f58,134023,"OBSERVED for the hash, the size and the access code; OBSERVED for the branch mapping through rescoring"
dolma1.7-no-code__1B,dolma1.7-no-code,1B,dolma1.7-no-code__1B__seed-2__step-69369,2,69369,default,allenai/DataDecide-dolma1.7-no-code-1B,step69369-seed-default,refuses_unauthenticated,dolma1.7-no-code__1B__seed-2__step-69369.npz,539e282cee4da67895840d68e816078106d5cc6fb01330ded318f814caadee6b,134195,"OBSERVED for the hash, the size and the access code; OBSERVED for the branch mapping through rescoring"
dolma1.7-no-code__1B,dolma1.7-no-code,1B,dolma1.7-no-code__1B__seed-4__step-69369,4,69369,auxiliary,allenai/DataDecide-dolma1.7-no-code-1B,step69369-seed-large-aux-2,refuses_unauthenticated,dolma1.7-no-code__1B__seed-4__step-69369.npz,5f803574edc5b171222aeb6e32c88b31830c21401b432e14fa43670687ad3978,134174,"OBSERVED for the hash, the size and the access code; OBSERVED for the branch mapping through rescoring"
dolma1.7-no-code__1B,dolma1.7-no-code,1B,dolma1.7-no-code__1B__seed-5__step-69369,5,69369,auxiliary,allenai/DataDecide-dolma1.7-no-code-1B,step69369-seed-large-aux-3,refuses_unauthenticated,dolma1.7-no-code__1B__seed-5__step-69369.npz,9f3c78a9fb8471b6e214b691351ce29b169cceb0dbd19a358d7b3edaaaf6a1f3,134179,"OBSERVED for the hash, the size and the access code; OBSERVED for the branch mapping through rescoring"
dolma1.7-no-code__300M,dolma1.7-no-code,300M,dolma1.7-no-code__300M__seed-2__step-45000,2,45000,default,allenai/DataDecide-dolma1.7-no-code-300M,step45000-seed-default,refuses_unauthenticated,dolma1.7-no-code__300M__seed-2__step-45000.npz,7b38f7b444cb37d2755284810046319bc62d34a0faa71dcfa325a15a3a94e0b3,133964,"OBSERVED for the hash, the size and the access code; OBSERVED for the branch mapping through rescoring"
dolma1.7-no-code__300M,dolma1.7-no-code,300M,dolma1.7-no-code__300M__seed-14__step-45000,14,45000,auxiliary,allenai/DataDecide-dolma1.7-no-code-300M,step45000-seed-small-aux-2,refuses_unauthenticated,dolma1.7-no-code__300M__seed-14__step-45000.npz,ebea8a1cab1928636c118aef47abd83e0402b990f4db20cdf82f94c2dc5dddeb,134201,"OBSERVED for the hash, the size and the access code; OBSERVED for the branch mapping through rescoring"
dolma1.7-no-code__300M,dolma1.7-no-code,300M,dolma1.7-no-code__300M__seed-15__step-45000,15,45000,auxiliary,allenai/DataDecide-dolma1.7-no-code-300M,step45000-seed-small-aux-3,refuses_unauthenticated,dolma1.7-no-code__300M__seed-15__step-45000.npz,6c0b1ba9e317cf1c6444dc570b1d7d67f6f5a62626f93d8db94059d0dc083791,134223,"OBSERVED for the hash, the size and the access code; OBSERVED for the branch mapping through rescoring"
dolma1.7-no-code__530M,dolma1.7-no-code,530M,dolma1.7-no-code__530M__seed-2__step-51250,2,51250,default,allenai/DataDecide-dolma1.7-no-code-530M,step51250-seed-default,refuses_unauthenticated,dolma1.7-no-code__530M__seed-2__step-51250.npz,030b195fe9325997b8d49506431185a0e2e7f039fc3cc309211877d625f10b70,134258,"OBSERVED for the hash, the size and the access code; OBSERVED for the branch mapping through rescoring"
dolma1.7-no-code__530M,dolma1.7-no-code,530M,dolma1.7-no-code__530M__seed-14__step-51250,14,51250,auxiliary,allenai/DataDecide-dolma1.7-no-code-530M,step51250-seed-small-aux-2,refuses_unauthenticated,dolma1.7-no-code__530M__seed-14__step-51250.npz,763aa3dc6a83d0c17ae2186dda8f450c4018b7ace066af26c726ebbf51ff6bc0,134147,"OBSERVED for the hash, the size and the access code; OBSERVED for the branch mapping through rescoring"
dolma1.7-no-code__530M,dolma1.7-no-code,530M,dolma1.7-no-code__530M__seed-15__step-51250,15,51250,auxiliary,allenai/DataDecide-dolma1.7-no-code-530M,step51250-seed-small-aux-3,refuses_unauthenticated,dolma1.7-no-code__530M__seed-15__step-51250.npz,c59f7eb8fa7a49b10e777a21088e53fee298fc9e4bd71aaf4e5df21884308c29,134165,"OBSERVED for the hash, the size and the access code; OBSERVED for the branch mapping through rescoring"
dolma1.7-no-code__750M,dolma1.7-no-code,750M,dolma1.7-no-code__750M__seed-2__step-27500,2,27500,default,allenai/DataDecide-dolma1.7-no-code-750M,step27500-seed-default,refuses_unauthenticated,dolma1.7-no-code__750M__seed-2__step-27500.npz,b94bbf9561b13d80ddb48a4c02be79c57504902690826bbe1dcf642eda5bb5b8,134274,"OBSERVED for the hash, the size and the access code; OBSERVED for the branch mapping through rescoring"
dolma1.7-no-code__750M,dolma1.7-no-code,750M,dolma1.7-no-code__750M__seed-14__step-27500,14,27500,auxiliary,allenai/DataDecide-dolma1.7-no-code-750M,step27500-seed-small-aux-2,refuses_unauthenticated,dolma1.7-no-code__750M__seed-14__step-27500.npz,bab4a45ec2cc85fea2f7a38ba220b17218f69ffdb12f3704bcee11c166b09934,134308,"OBSERVED for the hash, the size and the access code; OBSERVED for the branch mapping through rescoring"
dolma1.7-no-code__750M,dolma1.7-no-code,750M,dolma1.7-no-code__750M__seed-15__step-27500,15,27500,auxiliary,allenai/DataDecide-dolma1.7-no-code-750M,step27500-seed-small-aux-3,refuses_unauthenticated,dolma1.7-no-code__750M__seed-15__step-27500.npz,e0362c2ad341bd775fd0aa566c52d4bf3bac700622713fd82d682bd559c542bf,134337,"OBSERVED for the hash, the size and the access code; OBSERVED for the branch mapping through rescoring"
dolma1.7-no-flan__150M,dolma1.7-no-flan,150M,dolma1.7-no-flan__150M__seed-2__step-37500,2,37500,default,allenai/DataDecide-dolma1.7-no-flan-150M,step37500-seed-default,refuses_unauthenticated,dolma1.7-no-flan__150M__seed-2__step-37500.npz,db84d4a6466f169599e3be89808d5a488e481a356b93b71459e0795c57a59fd5,133840,"OBSERVED for the hash, the size and the access code; OBSERVED for the branch mapping through rescoring"
dolma1.7-no-flan__150M,dolma1.7-no-flan,150M,dolma1.7-no-flan__150M__seed-14__step-37500,14,37500,auxiliary,allenai/DataDecide-dolma1.7-no-flan-150M,step37500-seed-small-aux-2,refuses_unauthenticated,dolma1.7-no-flan__150M__seed-14__step-37500.npz,88f8b817ce6f88b89482a7200d41cb71d7c8957367699b1d26e95bd761c6bf3a,133814,"OBSERVED for the hash, the size and the access code; OBSERVED for the branch mapping through rescoring"
dolma1.7-no-flan__150M,dolma1.7-no-flan,150M,dolma1.7-no-flan__150M__seed-15__step-37500,15,37500,auxiliary,allenai/DataDecide-dolma1.7-no-flan-150M,step37500-seed-small-aux-3,refuses_unauthenticated,dolma1.7-no-flan__150M__seed-15__step-37500.npz,a84133bdac629944a632c50a1f9a50e3ebce881705cb7af203db35073273e48e,133884,"OBSERVED for the hash, the size and the access code; OBSERVED for the branch mapping through rescoring"
dolma1.7-no-flan__1B,dolma1.7-no-flan,1B,dolma1.7-no-flan__1B__seed-2__step-69369,2,69369,default,allenai/DataDecide-dolma1.7-no-flan-1B,step69369-seed-default,refuses_unauthenticated,dolma1.7-no-flan__1B__seed-2__step-69369.npz,536f50128446859e91a15dfbd62aa6d13c1d3a299c54aaced8fb9e5a9bea920e,134219,"OBSERVED for the hash, the size and the access code; OBSERVED for the branch mapping through rescoring"
dolma1.7-no-flan__1B,dolma1.7-no-flan,1B,dolma1.7-no-flan__1B__seed-4__step-69369,4,69369,auxiliary,allenai/DataDecide-dolma1.7-no-flan-1B,step69369-seed-large-aux-2,refuses_unauthenticated,dolma1.7-no-flan__1B__seed-4__step-69369.npz,e68402e2edd97fb5fefcb25d7b6965c378e23a2b969bc04fd4fa5d9d53ad21c7,134285,"OBSERVED for the hash, the size and the access code; OBSERVED for the branch mapping through rescoring"
dolma1.7-no-flan__1B,dolma1.7-no-flan,1B,dolma1.7-no-flan__1B__seed-5__step-69369,5,69369,auxiliary,allenai/DataDecide-dolma1.7-no-flan-1B,step69369-seed-large-aux-3,refuses_unauthenticated,dolma1.7-no-flan__1B__seed-5__step-69369.npz,d2fdf77baa21d3d8f757a39cbc4435bb557a52c05b38656a84051efdeb1ce545,134201,"OBSERVED for the hash, the size and the access code; OBSERVED for the branch mapping through rescoring"
dolma1.7-no-flan__300M,dolma1.7-no-flan,300M,dolma1.7-no-flan__300M__seed-2__step-45000,2,45000,default,allenai/DataDecide-dolma1.7-no-flan-300M,step45000-seed-default,refuses_unauthenticated,dolma1.7-no-flan__300M__seed-2__step-45000.npz,0028e872a6c3f477140d3577b7a3ea64d7cc255f936b07074d886e14eb315842,133978,"OBSERVED for the hash, the size and the access code; OBSERVED for the branch mapping through rescoring"
dolma1.7-no-flan__300M,dolma1.7-no-flan,300M,dolma1.7-no-flan__300M__seed-14__step-45000,14,45000,auxiliary,allenai/DataDecide-dolma1.7-no-flan-300M,step45000-seed-small-aux-2,refuses_unauthenticated,dolma1.7-no-flan__300M__seed-14__step-45000.npz,0af3dc275124e7c6366d8d4eaa722385ff6013342487f6ea91701fe8b686720d,134083,"OBSERVED for the hash, the size and the access code; OBSERVED for the branch mapping through rescoring"
dolma1.7-no-flan__300M,dolma1.7-no-flan,300M,dolma1.7-no-flan__300M__seed-15__step-45000,15,45000,auxiliary,allenai/DataDecide-dolma1.7-no-flan-300M,step45000-seed-small-aux-3,refuses_unauthenticated,dolma1.7-no-flan__300M__seed-15__step-45000.npz,4c71d351c535c075b59bc83e6062359fa9385a051ec2411078163421d7dab632,134183,"OBSERVED for the hash, the size and the access code; OBSERVED for the branch mapping through rescoring"
dolma1.7-no-flan__530M,dolma1.7-no-flan,530M,dolma1.7-no-flan__530M__seed-2__step-51250,2,51250,default,allenai/DataDecide-dolma1.7-no-flan-530M,step51250-seed-default,refuses_unauthenticated,dolma1.7-no-flan__530M__seed-2__step-51250.npz,c3be9e6516376940870f33ab517a7bce363ab24bdba82d1ef0f6ea565a8d37cc,134254,"OBSERVED for the hash, the size and the access code; OBSERVED for the branch mapping through rescoring"
dolma1.7-no-flan__530M,dolma1.7-no-flan,530M,dolma1.7-no-flan__530M__seed-14__step-51250,14,51250,auxiliary,allenai/DataDecide-dolma1.7-no-flan-530M,step51250-seed-small-aux-2,refuses_unauthenticated,dolma1.7-no-flan__530M__seed-14__step-51250.npz,7829171e9ea7aa7426fdbfabf95c25918d3b4f0c8db6e09b9afed9029c1b9f68,134223,"OBSERVED for the hash, the size and the access code; OBSERVED for the branch mapping through rescoring"
dolma1.7-no-flan__530M,dolma1.7-no-flan,530M,dolma1.7-no-flan__530M__seed-15__step-51250,15,51250,auxiliary,allenai/DataDecide-dolma1.7-no-flan-530M,step51250-seed-small-aux-3,refuses_unauthenticated,dolma1.7-no-flan__530M__seed-15__step-51250.npz,d4683b29eb58f7d4c6046f3cbd4d111fb697f9e053962fdca2243a55d6ce71e5,134215,"OBSERVED for the hash, the size and the access code; OBSERVED for the branch mapping through rescoring"
dolma1.7-no-flan__750M,dolma1.7-no-flan,750M,dolma1.7-no-flan__750M__seed-2__step-27500,2,27500,default,allenai/DataDecide-dolma1.7-no-flan-750M,step27500-seed-default,refuses_unauthenticated,dolma1.7-no-flan__750M__seed-2__step-27500.npz,cf6fc77d43593e5dfcc34eefcc3cc48b35dcb928997f0cd2f391339b27fdfa93,134091,"OBSERVED for the hash, the size and the access code; OBSERVED for the branch mapping through rescoring"
dolma1.7-no-flan__750M,dolma1.7-no-flan,750M,dolma1.7-no-flan__750M__seed-14__step-27500,14,27500,auxiliary,allenai/DataDecide-dolma1.7-no-flan-750M,step27500-seed-small-aux-2,refuses_unauthenticated,dolma1.7-no-flan__750M__seed-14__step-27500.npz,0b70cc88c78431ca592f61e25e360e0fa82cd0e1a5883a373abe7ead568ec9bd,134278,"OBSERVED for the hash, the size and the access code; OBSERVED for the branch mapping through rescoring"
dolma1.7-no-flan__750M,dolma1.7-no-flan,750M,dolma1.7-no-flan__750M__seed-15__step-27500,15,27500,auxiliary,allenai/DataDecide-dolma1.7-no-flan-750M,step27500-seed-small-aux-3,refuses_unauthenticated,dolma1.7-no-flan__750M__seed-15__step-27500.npz,8d5ea6830c81bc7747530360cddc19a15e01626ebd1a394ceb6b452b3b599c21,134199,"OBSERVED for the hash, the size and the access code; OBSERVED for the branch mapping through rescoring"
dolma1.7-no-math-no-code__150M,dolma1.7-no-math-no-code,150M,dolma1.7-no-math-no-code__150M__seed-2__step-37500,2,37500,default,allenai/DataDecide-dolma1.7-no-math-no-code-150M,step37500-seed-default,refuses_unauthenticated,dolma1.7-no-math-no-code__150M__seed-2__step-37500.npz,ad74bd8c1052f61f69b06a14b09a1042d003dd2fd8d5618ec3402d05d03a8240,134021,"OBSERVED for the hash, the size and the access code; OBSERVED for the branch mapping through rescoring"
dolma1.7-no-math-no-code__150M,dolma1.7-no-math-no-code,150M,dolma1.7-no-math-no-code__150M__seed-14__step-37500,14,37500,auxiliary,allenai/DataDecide-dolma1.7-no-math-no-code-150M,step37500-seed-small-aux-2,refuses_unauthenticated,dolma1.7-no-math-no-code__150M__seed-14__step-37500.npz,a8f010b8ab95085801c61821414a67b0856c207c0db2e2e2ee46529d77bb2eac,133976,"OBSERVED for the hash, the size and the access code; OBSERVED for the branch mapping through rescoring"
dolma1.7-no-math-no-code__150M,dolma1.7-no-math-no-code,150M,dolma1.7-no-math-no-code__150M__seed-15__step-37500,15,37500,auxiliary,allenai/DataDecide-dolma1.7-no-math-no-code-150M,step37500-seed-small-aux-3,refuses_unauthenticated,dolma1.7-no-math-no-code__150M__seed-15__step-37500.npz,631e6e135236a17c4294f842fa73724d564a6b4b8a07036c624bcd57298caf70,133835,"OBSERVED for the hash, the size and the access code; OBSERVED for the branch mapping through rescoring"
dolma1.7-no-math-no-code__1B,dolma1.7-no-math-no-code,1B,dolma1.7-no-math-no-code__1B__seed-2__step-57500,2,57500,default,allenai/DataDecide-dolma1.7-no-math-no-code-1B,step57500-seed-default,refuses_unauthenticated,dolma1.7-no-math-no-code__1B__seed-2__step-57500.npz,99adc91e0e849eccb517e55172ace05cb0247dbf1f689dea4fc5cb6fdbdaf054,134248,"OBSERVED for the hash, the size and the access code; OBSERVED for the branch mapping through rescoring"
dolma1.7-no-math-no-code__1B,dolma1.7-no-math-no-code,1B,dolma1.7-no-math-no-code__1B__seed-4__step-57500,4,57500,auxiliary,allenai/DataDecide-dolma1.7-no-math-no-code-1B,step57500-seed-large-aux-2,refuses_unauthenticated,dolma1.7-no-math-no-code__1B__seed-4__step-57500.npz,a31377a14accd80c0676b6d265d95c7ffe22e88bcbe16cc11aebbdb0dc968979,134254,"OBSERVED for the hash, the size and the access code; OBSERVED for the branch mapping through rescoring"
dolma1.7-no-math-no-code__1B,dolma1.7-no-math-no-code,1B,dolma1.7-no-math-no-code__1B__seed-5__step-57500,5,57500,auxiliary,allenai/DataDecide-dolma1.7-no-math-no-code-1B,step57500-seed-large-aux-3,refuses_unauthenticated,dolma1.7-no-math-no-code__1B__seed-5__step-57500.npz,57ee2c82567ca54b98e7adc2003a8bfebeea7befdcfa4bc1a0abd0e13d28e2ab,134136,"OBSERVED for the hash, the size and the access code; OBSERVED for the branch mapping through rescoring"
dolma1.7-no-math-no-code__300M,dolma1.7-no-math-no-code,300M,dolma1.7-no-math-no-code__300M__seed-2__step-45000,2,45000,default,allenai/DataDecide-dolma1.7-no-math-no-code-300M,step45000-seed-default,refuses_unauthenticated,dolma1.7-no-math-no-code__300M__seed-2__step-45000.npz,7a27752115fb519b5529985bf7141e33ecb23769e9d5f27ad36184ae35ca67f6,134284,"OBSERVED for the hash, the size and the access code; OBSERVED for the branch mapping through rescoring"
dolma1.7-no-math-no-code__300M,dolma1.7-no-math-no-code,300M,dolma1.7-no-math-no-code__300M__seed-14__step-45000,14,45000,auxiliary,allenai/DataDecide-dolma1.7-no-math-no-code-300M,step45000-seed-small-aux-2,refuses_unauthenticated,dolma1.7-no-math-no-code__300M__seed-14__step-45000.npz,880f6a7409550eef822952782bd4433f8221be2da03d5c01456a462694b4d913,134212,"OBSERVED for the hash, the size and the access code; OBSERVED for the branch mapping through rescoring"
dolma1.7-no-math-no-code__300M,dolma1.7-no-math-no-code,300M,dolma1.7-no-math-no-code__300M__seed-15__step-45000,15,45000,auxiliary,allenai/DataDecide-dolma1.7-no-math-no-code-300M,step45000-seed-small-aux-3,refuses_unauthenticated,dolma1.7-no-math-no-code__300M__seed-15__step-45000.npz,bf64798730d84e0c3d7043e4cded2c41c8e61599878a7a5113cada6c047ba5c8,134086,"OBSERVED for the hash, the size and the access code; OBSERVED for the branch mapping through rescoring"
dolma1.7-no-math-no-code__530M,dolma1.7-no-math-no-code,530M,dolma1.7-no-math-no-code__530M__seed-2__step-51250,2,51250,default,allenai/DataDecide-dolma1.7-no-math-no-code-530M,step51250-seed-default,refuses_unauthenticated,dolma1.7-no-math-no-code__530M__seed-2__step-51250.npz,f2aa35a56f1e90864df614cdf770d6f2d300c0a6631f31c64800bc93a956475c,134242,"OBSERVED for the hash, the size and the access code; OBSERVED for the branch mapping through rescoring"
dolma1.7-no-math-no-code__530M,dolma1.7-no-math-no-code,530M,dolma1.7-no-math-no-code__530M__seed-14__step-51250,14,51250,auxiliary,allenai/DataDecide-dolma1.7-no-math-no-code-530M,step51250-seed-small-aux-2,refuses_unauthenticated,dolma1.7-no-math-no-code__530M__seed-14__step-51250.npz,d57f59964f44a20c800e6fe7953a01f232ea5cd5eeb3b502d174f163f4c21265,134160,"OBSERVED for the hash, the size and the access code; OBSERVED for the branch mapping through rescoring"
dolma1.7-no-math-no-code__530M,dolma1.7-no-math-no-code,530M,dolma1.7-no-math-no-code__530M__seed-15__step-51250,15,51250,auxiliary,allenai/DataDecide-dolma1.7-no-math-no-code-530M,step51250-seed-small-aux-3,refuses_unauthenticated,dolma1.7-no-math-no-code__530M__seed-15__step-51250.npz,5c710ba8fbc22dd5df6dbcc4b5a731d6e6b56dd7fdb7d214ea33fe34ab22bf93,134348,"OBSERVED for the hash, the size and the access code; OBSERVED for the branch mapping through rescoring"
dolma1.7-no-math-no-code__750M,dolma1.7-no-math-no-code,750M,dolma1.7-no-math-no-code__750M__seed-2__step-27500,2,27500,default,allenai/DataDecide-dolma1.7-no-math-no-code-750M,step27500-seed-default,refuses_unauthenticated,dolma1.7-no-math-no-code__750M__seed-2__step-27500.npz,427f3c0769d377ee739e6b2eda78539125548924bfd75bb33b11d778af28abe2,133983,"OBSERVED for the hash, the size and the access code; OBSERVED for the branch mapping through rescoring"
dolma1.7-no-math-no-code__750M,dolma1.7-no-math-no-code,750M,dolma1.7-no-math-no-code__750M__seed-14__step-27500,14,27500,auxiliary,allenai/DataDecide-dolma1.7-no-math-no-code-750M,step27500-seed-small-aux-2,refuses_unauthenticated,dolma1.7-no-math-no-code__750M__seed-14__step-27500.npz,34e922b92374722d9285cdc65f390a029824850cbdf711e3b3828eecec3398fd,134260,"OBSERVED for the hash, the size and the access code; OBSERVED for the branch mapping through rescoring"
dolma1.7-no-math-no-code__750M,dolma1.7-no-math-no-code,750M,dolma1.7-no-math-no-code__750M__seed-15__step-27500,15,27500,auxiliary,allenai/DataDecide-dolma1.7-no-math-no-code-750M,step27500-seed-small-aux-3,refuses_unauthenticated,dolma1.7-no-math-no-code__750M__seed-15__step-27500.npz,cdda95ae9731bd5aaa673fb3e8896b4d33613008397d336e13f1b5044ec5b1cc,134040,"OBSERVED for the hash, the size and the access code; OBSERVED for the branch mapping through rescoring"
dolma1.7-no-reddit__150M,dolma1.7-no-reddit,150M,dolma1.7-no-reddit__150M__seed-2__step-37500,2,37500,default,allenai/DataDecide-dolma1.7-no-reddit-150M,step37500-seed-default,refuses_unauthenticated,dolma1.7-no-reddit__150M__seed-2__step-37500.npz,b0a743312a3659b9f4e7609119845f3447c0dd31df54eba28d59d5b97a1ac727,133857,"OBSERVED for the hash, the size and the access code; OBSERVED for the branch mapping through rescoring"
dolma1.7-no-reddit__150M,dolma1.7-no-reddit,150M,dolma1.7-no-reddit__150M__seed-14__step-37500,14,37500,auxiliary,allenai/DataDecide-dolma1.7-no-reddit-150M,step37500-seed-small-aux-2,refuses_unauthenticated,dolma1.7-no-reddit__150M__seed-14__step-37500.npz,d278c4c5baad3e4f9cc941c241022959c1c727ac139e44a47737370949b02cff,133802,"OBSERVED for the hash, the size and the access code; OBSERVED for the branch mapping through rescoring"
dolma1.7-no-reddit__150M,dolma1.7-no-reddit,150M,dolma1.7-no-reddit__150M__seed-15__step-37500,15,37500,auxiliary,allenai/DataDecide-dolma1.7-no-reddit-150M,step37500-seed-small-aux-3,refuses_unauthenticated,dolma1.7-no-reddit__150M__seed-15__step-37500.npz,8cd10fa3e8c694146de4638d5e72b876a33be0434a1c44d021e26ac8a1c46fdd,133735,"OBSERVED for the hash, the size and the access code; OBSERVED for the branch mapping through rescoring"
dolma1.7-no-reddit__1B,dolma1.7-no-reddit,1B,dolma1.7-no-reddit__1B__seed-2__step-69369,2,69369,default,allenai/DataDecide-dolma1.7-no-reddit-1B,step69369-seed-default,refuses_unauthenticated,dolma1.7-no-reddit__1B__seed-2__step-69369.npz,c6b915b0bf6c5fbac7cf104feb8610bf49f5241bf2afce8ab90ad4a468bc6110,134161,"OBSERVED for the hash, the size and the access code; OBSERVED for the branch mapping through rescoring"
dolma1.7-no-reddit__1B,dolma1.7-no-reddit,1B,dolma1.7-no-reddit__1B__seed-4__step-69369,4,69369,auxiliary,allenai/DataDecide-dolma1.7-no-reddit-1B,step69369-seed-large-aux-2,refuses_unauthenticated,dolma1.7-no-reddit__1B__seed-4__step-69369.npz,9bb876668fb08d2f0f5ff4ae7915ea07b7a70cee363b95d400ca21fe9163106e,134306,"OBSERVED for the hash, the size and the access code; OBSERVED for the branch mapping through rescoring"
dolma1.7-no-reddit__1B,dolma1.7-no-reddit,1B,dolma1.7-no-reddit__1B__seed-5__step-69369,5,69369,auxiliary,allenai/DataDecide-dolma1.7-no-reddit-1B,step69369-seed-large-aux-3,refuses_unauthenticated,dolma1.7-no-reddit__1B__seed-5__step-69369.npz,247b30373e22e12808eff7fc4d7ee8fb5b7778cc7d7ad8c769012ad17a76ecf8,134082,"OBSERVED for the hash, the size and the access code; OBSERVED for the branch mapping through rescoring"
dolma1.7-no-reddit__300M,dolma1.7-no-reddit,300M,dolma1.7-no-reddit__300M__seed-2__step-45000,2,45000,default,allenai/DataDecide-dolma1.7-no-reddit-300M,step45000-seed-default,refuses_unauthenticated,dolma1.7-no-reddit__300M__seed-2__step-45000.npz,7f071220628164b8725bf9e608b0fcb0911167e59f1f1c4960075bfb1363e81d,134076,"OBSERVED for the hash, the size and the access code; OBSERVED for the branch mapping through rescoring"
dolma1.7-no-reddit__300M,dolma1.7-no-reddit,300M,dolma1.7-no-reddit__300M__seed-14__step-45000,14,45000,auxiliary,allenai/DataDecide-dolma1.7-no-reddit-300M,step45000-seed-small-aux-2,refuses_unauthenticated,dolma1.7-no-reddit__300M__seed-14__step-45000.npz,49acc65f43e0263260526a08e40a056de481d2535ecc651d67ee1acb6f8e47c9,134274,"OBSERVED for the hash, the size and the access code; OBSERVED for the branch mapping through rescoring"
dolma1.7-no-reddit__300M,dolma1.7-no-reddit,300M,dolma1.7-no-reddit__300M__seed-15__step-45000,15,45000,auxiliary,allenai/DataDecide-dolma1.7-no-reddit-300M,step45000-seed-small-aux-3,refuses_unauthenticated,dolma1.7-no-reddit__300M__seed-15__step-45000.npz,ca5d35e53c692a75b1997cd27a0daec95ee1ade5a6bf92159408ce4c50aa2aba,134152,"OBSERVED for the hash, the size and the access code; OBSERVED for the branch mapping through rescoring"
dolma1.7-no-reddit__530M,dolma1.7-no-reddit,530M,dolma1.7-no-reddit__530M__seed-2__step-51250,2,51250,default,allenai/DataDecide-dolma1.7-no-reddit-530M,step51250-seed-default,refuses_unauthenticated,dolma1.7-no-reddit__530M__seed-2__step-51250.npz,43d5dabc1ce1abdd1ce9606fc6430701d443979dcb5a1d8163ecff905cd52f19,134090,"OBSERVED for the hash, the size and the access code; OBSERVED for the branch mapping through rescoring"
dolma1.7-no-reddit__530M,dolma1.7-no-reddit,530M,dolma1.7-no-reddit__530M__seed-14__step-51250,14,51250,auxiliary,allenai/DataDecide-dolma1.7-no-reddit-530M,step51250-seed-small-aux-2,refuses_unauthenticated,dolma1.7-no-reddit__530M__seed-14__step-51250.npz,461d94860f7992a2120f5f29d257bd936feecf1d8d560b8bc5ad1202fe97b912,134212,"OBSERVED for the hash, the size and the access code; OBSERVED for the branch mapping through rescoring"
dolma1.7-no-reddit__530M,dolma1.7-no-reddit,530M,dolma1.7-no-reddit__530M__seed-15__step-51250,15,51250,auxiliary,allenai/DataDecide-dolma1.7-no-reddit-530M,step51250-seed-small-aux-3,refuses_unauthenticated,dolma1.7-no-reddit__530M__seed-15__step-51250.npz,081fc85e7617fae7ab170c3f91aeefe335d34076737450be6408b5b4c075c8b7,134109,"OBSERVED for the hash, the size and the access code; OBSERVED for the branch mapping through rescoring"
dolma1.7-no-reddit__750M,dolma1.7-no-reddit,750M,dolma1.7-no-reddit__750M__seed-2__step-27500,2,27500,default,allenai/DataDecide-dolma1.7-no-reddit-750M,step27500-seed-default,refuses_unauthenticated,dolma1.7-no-reddit__750M__seed-2__step-27500.npz,99a17a6fe9d0756d89e52d3afdfdb566ef49d4c7ba14f7ba9b5f72d5eff9433c,134017,"OBSERVED for the hash, the size and the access code; OBSERVED for the branch mapping through rescoring"
dolma1.7-no-reddit__750M,dolma1.7-no-reddit,750M,dolma1.7-no-reddit__750M__seed-14__step-27500,14,27500,auxiliary,allenai/DataDecide-dolma1.7-no-reddit-750M,step27500-seed-small-aux-2,refuses_unauthenticated,dolma1.7-no-reddit__750M__seed-14__step-27500.npz,5227f85e2859a91edfdf82d295f844d83cf07e0d697b5004afaf70d96f45a307,134048,"OBSERVED for the hash, the size and the access code; OBSERVED for the branch mapping through rescoring"
dolma1.7-no-reddit__750M,dolma1.7-no-reddit,750M,dolma1.7-no-reddit__750M__seed-15__step-27500,15,27500,auxiliary,allenai/DataDecide-dolma1.7-no-reddit-750M,step27500-seed-small-aux-3,refuses_unauthenticated,dolma1.7-no-reddit__750M__seed-15__step-27500.npz,35c32a4e79f35806e728387b12e78a01c679aac8dff6765098dd09b55a57561a,133997,"OBSERVED for the hash, the size and the access code; OBSERVED for the branch mapping through rescoring"
falcon__150M,falcon,150M,falcon__150M__seed-2__step-37500,2,37500,default,allenai/DataDecide-falcon-150M,step37500-seed-default,resolves_anonymously,falcon__150M__seed-2__step-37500.npz,6223bd100ad29d89df51daa4ec81e3a026698bb944543ed0c34f791903636cd1,133872,"OBSERVED for the hash, the size and the access code; OBSERVED for the branch mapping through rescoring"
falcon__150M,falcon,150M,falcon__150M__seed-14__step-37500,14,37500,auxiliary,allenai/DataDecide-falcon-150M,step37500-seed-small-aux-2,resolves_anonymously,falcon__150M__seed-14__step-37500.npz,ef487ead45fd725acdc1b01596c8fa86f364a5f787f9bd2b5463e2a4ce776d10,133930,"OBSERVED for the hash, the size and the access code; OBSERVED for the branch mapping through rescoring"
falcon__150M,falcon,150M,falcon__150M__seed-15__step-37500,15,37500,auxiliary,allenai/DataDecide-falcon-150M,step37500-seed-small-aux-3,resolves_anonymously,falcon__150M__seed-15__step-37500.npz,23a4a9c966d17e553c336e5862231509ad64b54a3eb0b5949512aaa16e21cd75,133845,"OBSERVED for the hash, the size and the access code; OBSERVED for the branch mapping through rescoring"
falcon__1B,falcon,1B,falcon__1B__seed-2__step-69369,2,69369,default,allenai/DataDecide-falcon-1B,step69369-seed-default,resolves_anonymously,falcon__1B__seed-2__step-69369.npz,4a57fcdad72ac162423bebab6586648f5827e779e57241bf34dfc733ad55138c,134040,"OBSERVED for the hash, the size and the access code; OBSERVED for the branch mapping through rescoring"
falcon__1B,falcon,1B,falcon__1B__seed-4__step-69369,4,69369,auxiliary,allenai/DataDecide-falcon-1B,step69369-seed-large-aux-2,resolves_anonymously,falcon__1B__seed-4__step-69369.npz,9ca2320bdd3f73b01da6ff30cdd09b64c68f37fce7288b330004fc4683912d1e,134085,"OBSERVED for the hash, the size and the access code; OBSERVED for the branch mapping through rescoring"
falcon__1B,falcon,1B,falcon__1B__seed-5__step-69369,5,69369,auxiliary,allenai/DataDecide-falcon-1B,step69369-seed-large-aux-3,resolves_anonymously,falcon__1B__seed-5__step-69369.npz,dfa49ace64105538abdb731bfcde6961c94f7851009aa85d3f8f6e221b6e109c,134179,"OBSERVED for the hash, the size and the access code; OBSERVED for the branch mapping through rescoring"
falcon__300M,falcon,300M,falcon__300M__seed-2__step-45000,2,45000,default,allenai/DataDecide-falcon-300M,step45000-seed-default,resolves_anonymously,falcon__300M__seed-2__step-45000.npz,c325c7d469016538149b4dcd2ebaf37afe9b882cae17e5027e2511dbbe8a1887,134182,"OBSERVED for the hash, the size and the access code; OBSERVED for the branch mapping through rescoring"
falcon__300M,falcon,300M,falcon__300M__seed-14__step-45000,14,45000,auxiliary,allenai/DataDecide-falcon-300M,step45000-seed-small-aux-2,resolves_anonymously,falcon__300M__seed-14__step-45000.npz,76c23c1b3aaebbbc1f371a2beea58973c403d3f69aa9bd44ee7d21996595d8f9,133941,"OBSERVED for the hash, the size and the access code; OBSERVED for the branch mapping through rescoring"
falcon__300M,falcon,300M,falcon__300M__seed-15__step-45000,15,45000,auxiliary,allenai/DataDecide-falcon-300M,step45000-seed-small-aux-3,resolves_anonymously,falcon__300M__seed-15__step-45000.npz,d12db2c219637032b2e16fad4d6bdff8a9f0bb2b23bea7ed357220dd9983b5e5,134165,"OBSERVED for the hash, the size and the access code; OBSERVED for the branch mapping through rescoring"
falcon__530M,falcon,530M,falcon__530M__seed-2__step-51250,2,51250,default,allenai/DataDecide-falcon-530M,step51250-seed-default,resolves_anonymously,falcon__530M__seed-2__step-51250.npz,1372ffb69146ae02f287c517780733f63abe26bacc649d542b0284438270fae1,134222,"OBSERVED for the hash, the size and the access code; OBSERVED for the branch mapping through rescoring"
falcon__530M,falcon,530M,falcon__530M__seed-14__step-51250,14,51250,auxiliary,allenai/DataDecide-falcon-530M,step51250-seed-small-aux-2,resolves_anonymously,falcon__530M__seed-14__step-51250.npz,fb6b56a18f4c5eaab7b570ae6409fea216fe25db2a61b1344ee486947b54ce4a,134340,"OBSERVED for the hash, the size and the access code; OBSERVED for the branch mapping through rescoring"
falcon__530M,falcon,530M,falcon__530M__seed-15__step-51250,15,51250,auxiliary,allenai/DataDecide-falcon-530M,step51250-seed-small-aux-3,resolves_anonymously,falcon__530M__seed-15__step-51250.npz,c170ca904aaeb8c655e6eec97520ed03ba9e4459f2bbd194ea28053f7942e326,134054,"OBSERVED for the hash, the size and the access code; OBSERVED for the branch mapping through rescoring"
falcon__750M,falcon,750M,falcon__750M__seed-2__step-26250,2,26250,default,allenai/DataDecide-falcon-750M,step26250-seed-default,resolves_anonymously,falcon__750M__seed-2__step-26250.npz,5feabc78ef8bfbce5fbca9ff68b3350ce1533e3133cee4c5dba90bf226eb2bee,134171,"OBSERVED for the hash, the size and the access code; OBSERVED for the branch mapping through rescoring"
falcon__750M,falcon,750M,falcon__750M__seed-14__step-26250,14,26250,auxiliary,allenai/DataDecide-falcon-750M,step26250-seed-small-aux-2,resolves_anonymously,falcon__750M__seed-14__step-26250.npz,0b9cee0b51070a51100a1866a06d4be5dd5cdb0832822cb8dd5cadd4a6826c86,134198,"OBSERVED for the hash, the size and the access code; OBSERVED for the branch mapping through rescoring"
falcon__750M,falcon,750M,falcon__750M__seed-15__step-26250,15,26250,auxiliary,allenai/DataDecide-falcon-750M,step26250-seed-small-aux-3,resolves_anonymously,falcon__750M__seed-15__step-26250.npz,f2578f6f3c92995eb9c0fe90dc57a91c7e4b120d815c5548b3da082ea472bce3,134184,"OBSERVED for the hash, the size and the access code; OBSERVED for the branch mapping through rescoring"
falcon-with-cc__150M,falcon-with-cc,150M,falcon-with-cc__150M__seed-2__step-37500,2,37500,default,allenai/DataDecide-falcon-with-cc-150M,step37500-seed-default,refuses_unauthenticated,falcon-with-cc__150M__seed-2__step-37500.npz,327438d2792d0a1053b5791a017d08a4494babaa3f91841af5185c24d668c5fd,133878,"OBSERVED for the hash, the size and the access code; OBSERVED for the branch mapping through rescoring"
falcon-with-cc__150M,falcon-with-cc,150M,falcon-with-cc__150M__seed-14__step-37500,14,37500,auxiliary,allenai/DataDecide-falcon-with-cc-150M,step37500-seed-small-aux-2,refuses_unauthenticated,falcon-with-cc__150M__seed-14__step-37500.npz,9c4a7aed4cb55cc3c7e286b949a2ecd138e32a1264dcc3c8542d566604debeed,133868,"OBSERVED for the hash, the size and the access code; OBSERVED for the branch mapping through rescoring"
falcon-with-cc__150M,falcon-with-cc,150M,falcon-with-cc__150M__seed-15__step-37500,15,37500,auxiliary,allenai/DataDecide-falcon-with-cc-150M,step37500-seed-small-aux-3,refuses_unauthenticated,falcon-with-cc__150M__seed-15__step-37500.npz,1e4bebf6d4acb148d500fc98310657c85c99cb322b6f85be70fdec80a3b78923,133848,"OBSERVED for the hash, the size and the access code; OBSERVED for the branch mapping through rescoring"
falcon-with-cc__1B,falcon-with-cc,1B,falcon-with-cc__1B__seed-2__step-69369,2,69369,default,allenai/DataDecide-falcon-with-cc-1B,step69369-seed-default,refuses_unauthenticated,falcon-with-cc__1B__seed-2__step-69369.npz,74c391e2b0cae1719b9070257a7057929611a73cf2fb001c1d77e4aa0bd06875,133967,"OBSERVED for the hash, the size and the access code; OBSERVED for the branch mapping through rescoring"
falcon-with-cc__1B,falcon-with-cc,1B,falcon-with-cc__1B__seed-4__step-69369,4,69369,auxiliary,allenai/DataDecide-falcon-with-cc-1B,step69369-seed-large-aux-2,refuses_unauthenticated,falcon-with-cc__1B__seed-4__step-69369.npz,49a894d37ce23ac5ad8584128432662d8d646d19db00c0a93f8a98fdce4925f5,134085,"OBSERVED for the hash, the size and the access code; OBSERVED for the branch mapping through rescoring"
falcon-with-cc__1B,falcon-with-cc,1B,falcon-with-cc__1B__seed-5__step-69369,5,69369,auxiliary,allenai/DataDecide-falcon-with-cc-1B,step69369-seed-large-aux-3,refuses_unauthenticated,falcon-with-cc__1B__seed-5__step-69369.npz,ec9c86e625749b2470a14b8b1d9b44cfd14e496ef9825f488ec669a868d0280c,134147,"OBSERVED for the hash, the size and the access code; OBSERVED for the branch mapping through rescoring"
falcon-with-cc__300M,falcon-with-cc,300M,falcon-with-cc__300M__seed-2__step-45787,2,45787,default,allenai/DataDecide-falcon-with-cc-300M,step45787-seed-default,refuses_unauthenticated,falcon-with-cc__300M__seed-2__step-45787.npz,076304ab1edc48b33b79cc553778612771cbc19b541bcd2707814ecb61f6e5f6,134105,"OBSERVED for the hash, the size and the access code; OBSERVED for the branch mapping through rescoring"
falcon-with-cc__300M,falcon-with-cc,300M,falcon-with-cc__300M__seed-14__step-45787,14,45787,auxiliary,allenai/DataDecide-falcon-with-cc-300M,step45787-seed-small-aux-2,refuses_unauthenticated,falcon-with-cc__300M__seed-14__step-45787.npz,680b79d782e45bffb25c438700826dd73413b5adbc47a19943742a1ac746ac2f,134225,"OBSERVED for the hash, the size and the access code; OBSERVED for the branch mapping through rescoring"
falcon-with-cc__300M,falcon-with-cc,300M,falcon-with-cc__300M__seed-15__step-45787,15,45787,auxiliary,allenai/DataDecide-falcon-with-cc-300M,step45787-seed-small-aux-3,refuses_unauthenticated,falcon-with-cc__300M__seed-15__step-45787.npz,a8719397f05ac2a377e34b51ae878b4899d224714b335f47b100caf1aaac76eb,134127,"OBSERVED for the hash, the size and the access code; OBSERVED for the branch mapping through rescoring"
falcon-with-cc__530M,falcon-with-cc,530M,falcon-with-cc__530M__seed-2__step-51250,2,51250,default,allenai/DataDecide-falcon-with-cc-530M,step51250-seed-default,refuses_unauthenticated,falcon-with-cc__530M__seed-2__step-51250.npz,2f5d3b8fa80063816c87794a86871feb014fe9c770a1b7d8331085c625f8449a,134313,"OBSERVED for the hash, the size and the access code; OBSERVED for the branch mapping through rescoring"
falcon-with-cc__530M,falcon-with-cc,530M,falcon-with-cc__530M__seed-14__step-51250,14,51250,auxiliary,allenai/DataDecide-falcon-with-cc-530M,step51250-seed-small-aux-2,refuses_unauthenticated,falcon-with-cc__530M__seed-14__step-51250.npz,c5d4172fdcb4a80e48f20f429114b1a03bcef8fcd8074bb8e94f42751da7db14,134177,"OBSERVED for the hash, the size and the access code; OBSERVED for the branch mapping through rescoring"
falcon-with-cc__530M,falcon-with-cc,530M,falcon-with-cc__530M__seed-15__step-51250,15,51250,auxiliary,allenai/DataDecide-falcon-with-cc-530M,step51250-seed-small-aux-3,refuses_unauthenticated,falcon-with-cc__530M__seed-15__step-51250.npz,7474db7f2b76407016c650c4495b89ce0afb4e314b46567f348fca9a47384700,134176,"OBSERVED for the hash, the size and the access code; OBSERVED for the branch mapping through rescoring"
falcon-with-cc__750M,falcon-with-cc,750M,falcon-with-cc__750M__seed-2__step-27500,2,27500,default,allenai/DataDecide-falcon-with-cc-750M,step27500-seed-default,refuses_unauthenticated,falcon-with-cc__750M__seed-2__step-27500.npz,e75feb5fdff7f3d16d19a3cd027134623cedfa5700b9bed3a0fd75ba43d890af,134242,"OBSERVED for the hash, the size and the access code; OBSERVED for the branch mapping through rescoring"
falcon-with-cc__750M,falcon-with-cc,750M,falcon-with-cc__750M__seed-14__step-27500,14,27500,auxiliary,allenai/DataDecide-falcon-with-cc-750M,step27500-seed-small-aux-2,refuses_unauthenticated,falcon-with-cc__750M__seed-14__step-27500.npz,cb5637a7c3d2dc6d8614528edac53d5a4601dca4b6d371178056b5bf83861fe5,134032,"OBSERVED for the hash, the size and the access code; OBSERVED for the branch mapping through rescoring"
falcon-with-cc__750M,falcon-with-cc,750M,falcon-with-cc__750M__seed-15__step-27500,15,27500,auxiliary,allenai/DataDecide-falcon-with-cc-750M,step27500-seed-small-aux-3,refuses_unauthenticated,falcon-with-cc__750M__seed-15__step-27500.npz,af2732200a614eff4306710b0c2b03a543ff6ac6b30f42c1b9efec9be9052de1,134124,"OBSERVED for the hash, the size and the access code; OBSERVED for the branch mapping through rescoring"
falcon-with-cc-top-10p__150M,falcon-with-cc-top-10p,150M,falcon-with-cc-top-10p__150M__seed-2__step-37500,2,37500,default,allenai/DataDecide-falcon-with-cc-top-10p-150M,step37500-seed-default,refuses_unauthenticated,falcon-with-cc-top-10p__150M__seed-2__step-37500.npz,3eab7684bff052e4d0fd03962ba3ac4f06ac266dcee57c41c506313542764718,134010,"OBSERVED for the hash, the size and the access code; OBSERVED for the branch mapping through rescoring"
falcon-with-cc-top-10p__150M,falcon-with-cc-top-10p,150M,falcon-with-cc-top-10p__150M__seed-14__step-37500,14,37500,auxiliary,allenai/DataDecide-falcon-with-cc-top-10p-150M,step37500-seed-small-aux-2,refuses_unauthenticated,falcon-with-cc-top-10p__150M__seed-14__step-37500.npz,3c31ab8fb689a7f6972a636bc6f7fbf6a6c21d19106ece9fe7e439dd71c66ed0,134069,"OBSERVED for the hash, the size and the access code; OBSERVED for the branch mapping through rescoring"
falcon-with-cc-top-10p__150M,falcon-with-cc-top-10p,150M,falcon-with-cc-top-10p__150M__seed-15__step-37500,15,37500,auxiliary,allenai/DataDecide-falcon-with-cc-top-10p-150M,step37500-seed-small-aux-3,refuses_unauthenticated,falcon-with-cc-top-10p__150M__seed-15__step-37500.npz,fc5d8a02c30967c74d6e012be7add2dec5bd849a3a2d692a4b931edec6245e3d,134012,"OBSERVED for the hash, the size and the access code; OBSERVED for the branch mapping through rescoring"
falcon-with-cc-top-10p__1B,falcon-with-cc-top-10p,1B,falcon-with-cc-top-10p__1B__seed-2__step-69369,2,69369,default,allenai/DataDecide-falcon-with-cc-top-10p-1B,step69369-seed-default,refuses_unauthenticated,falcon-with-cc-top-10p__1B__seed-2__step-69369.npz,e823fb9174cdd061a053d26e210ea720bec82e0130c33bdd4a5f023a13378fed,134130,"OBSERVED for the hash, the size and the access code; OBSERVED for the branch mapping through rescoring"
falcon-with-cc-top-10p__1B,falcon-with-cc-top-10p,1B,falcon-with-cc-top-10p__1B__seed-4__step-69369,4,69369,auxiliary,allenai/DataDecide-falcon-with-cc-top-10p-1B,step69369-seed-large-aux-2,refuses_unauthenticated,falcon-with-cc-top-10p__1B__seed-4__step-69369.npz,77dabb4160f0d331f72757a2be91adaa28d1b210714e0675388aca883a1989dd,134099,"OBSERVED for the hash, the size and the access code; OBSERVED for the branch mapping through rescoring"
falcon-with-cc-top-10p__1B,falcon-with-cc-top-10p,1B,falcon-with-cc-top-10p__1B__seed-5__step-69369,5,69369,auxiliary,allenai/DataDecide-falcon-with-cc-top-10p-1B,step69369-seed-large-aux-3,refuses_unauthenticated,falcon-with-cc-top-10p__1B__seed-5__step-69369.npz,e7da3ac01d3f37b72e21bd0f9cd8e991754049d2585f1c44948436f6af5185b2,134147,"OBSERVED for the hash, the size and the access code; OBSERVED for the branch mapping through rescoring"
falcon-with-cc-top-10p__300M,falcon-with-cc-top-10p,300M,falcon-with-cc-top-10p__300M__seed-2__step-45000,2,45000,default,allenai/DataDecide-falcon-with-cc-top-10p-300M,step45000-seed-default,refuses_unauthenticated,falcon-with-cc-top-10p__300M__seed-2__step-45000.npz,e21a84fd70c12db4a4bddb6d4d9bd7957f7f30d85753ef38c7c2e47f560caf22,134131,"OBSERVED for the hash, the size and the access code; OBSERVED for the branch mapping through rescoring"
falcon-with-cc-top-10p__300M,falcon-with-cc-top-10p,300M,falcon-with-cc-top-10p__300M__seed-14__step-45000,14,45000,auxiliary,allenai/DataDecide-falcon-with-cc-top-10p-300M,step45000-seed-small-aux-2,refuses_unauthenticated,falcon-with-cc-top-10p__300M__seed-14__step-45000.npz,f705e10e5c55671fddc2076f3c1e7369261c700fffe800e8f787d4cbf844dd5e,134147,"OBSERVED for the hash, the size and the access code; OBSERVED for the branch mapping through rescoring"
falcon-with-cc-top-10p__300M,falcon-with-cc-top-10p,300M,falcon-with-cc-top-10p__300M__seed-15__step-45000,15,45000,auxiliary,allenai/DataDecide-falcon-with-cc-top-10p-300M,step45000-seed-small-aux-3,refuses_unauthenticated,falcon-with-cc-top-10p__300M__seed-15__step-45000.npz,b3725aae3658e335402b23647dbc28c235a65c70a043870ab94e30bbd8ba33c9,134042,"OBSERVED for the hash, the size and the access code; OBSERVED for the branch mapping through rescoring"
falcon-with-cc-top-10p__530M,falcon-with-cc-top-10p,530M,falcon-with-cc-top-10p__530M__seed-2__step-51250,2,51250,default,allenai/DataDecide-falcon-with-cc-top-10p-530M,step51250-seed-default,refuses_unauthenticated,falcon-with-cc-top-10p__530M__seed-2__step-51250.npz,e141da7ed2e8376c0911dfadbb4501a0f5408a156239c42ef9db31a38e9257a9,134186,"OBSERVED for the hash, the size and the access code; OBSERVED for the branch mapping through rescoring"
falcon-with-cc-top-10p__530M,falcon-with-cc-top-10p,530M,falcon-with-cc-top-10p__530M__seed-14__step-51250,14,51250,auxiliary,allenai/DataDecide-falcon-with-cc-top-10p-530M,step51250-seed-small-aux-2,refuses_unauthenticated,falcon-with-cc-top-10p__530M__seed-14__step-51250.npz,cff8f0d5deaf505d88b42ec5550f0dbc13b408f7f189ebb6a2f3a791cbf0e219,134147,"OBSERVED for the hash, the size and the access code; OBSERVED for the branch mapping through rescoring"
falcon-with-cc-top-10p__530M,falcon-with-cc-top-10p,530M,falcon-with-cc-top-10p__530M__seed-15__step-51250,15,51250,auxiliary,allenai/DataDecide-falcon-with-cc-top-10p-530M,step51250-seed-small-aux-3,refuses_unauthenticated,falcon-with-cc-top-10p__530M__seed-15__step-51250.npz,d5224576adf87bfb2ee706913e37d5e598b7fd422dab3be23bf181fe84edc207,134208,"OBSERVED for the hash, the size and the access code; OBSERVED for the branch mapping through rescoring"
falcon-with-cc-top-10p__750M,falcon-with-cc-top-10p,750M,falcon-with-cc-top-10p__750M__seed-2__step-27500,2,27500,default,allenai/DataDecide-falcon-with-cc-top-10p-750M,step27500-seed-default,refuses_unauthenticated,falcon-with-cc-top-10p__750M__seed-2__step-27500.npz,d6ccfd6588c329eeabd67ec466215bdf824071cc009c04e0c1eea2b4e3583fb4,134306,"OBSERVED for the hash, the size and the access code; OBSERVED for the branch mapping through rescoring"
falcon-with-cc-top-10p__750M,falcon-with-cc-top-10p,750M,falcon-with-cc-top-10p__750M__seed-14__step-27500,14,27500,auxiliary,allenai/DataDecide-falcon-with-cc-top-10p-750M,step27500-seed-small-aux-2,refuses_unauthenticated,falcon-with-cc-top-10p__750M__seed-14__step-27500.npz,4b232946f4a89efa024b21532685de418c5830733da8dc1d206d1c30d16e70d3,134022,"OBSERVED for the hash, the size and the access code; OBSERVED for the branch mapping through rescoring"
falcon-with-cc-top-10p__750M,falcon-with-cc-top-10p,750M,falcon-with-cc-top-10p__750M__seed-15__step-27500,15,27500,auxiliary,allenai/DataDecide-falcon-with-cc-top-10p-750M,step27500-seed-small-aux-3,refuses_unauthenticated,falcon-with-cc-top-10p__750M__seed-15__step-27500.npz,8b6fc8ba95f1011ae0815dcbfee8d3bd54408625c726c9bead32b2f767de0c22,134117,"OBSERVED for the hash, the size and the access code; OBSERVED for the branch mapping through rescoring"
falcon-with-cc-top-20p__150M,falcon-with-cc-top-20p,150M,falcon-with-cc-top-20p__150M__seed-2__step-37500,2,37500,default,allenai/DataDecide-falcon-with-cc-top-20p-150M,step37500-seed-default,refuses_unauthenticated,falcon-with-cc-top-20p__150M__seed-2__step-37500.npz,50ecc80c8af2494d8155d512c7d06d8e90cf43b38ee214be1088c93c73e41036,133938,"OBSERVED for the hash, the size and the access code; OBSERVED for the branch mapping through rescoring"
falcon-with-cc-top-20p__150M,falcon-with-cc-top-20p,150M,falcon-with-cc-top-20p__150M__seed-14__step-37500,14,37500,auxiliary,allenai/DataDecide-falcon-with-cc-top-20p-150M,step37500-seed-small-aux-2,refuses_unauthenticated,falcon-with-cc-top-20p__150M__seed-14__step-37500.npz,e2be26ef8938c599b6c14fa6e0402bf9facb00a8b3b0edf3ff69390769ebb816,133890,"OBSERVED for the hash, the size and the access code; OBSERVED for the branch mapping through rescoring"
falcon-with-cc-top-20p__150M,falcon-with-cc-top-20p,150M,falcon-with-cc-top-20p__150M__seed-15__step-37500,15,37500,auxiliary,allenai/DataDecide-falcon-with-cc-top-20p-150M,step37500-seed-small-aux-3,refuses_unauthenticated,falcon-with-cc-top-20p__150M__seed-15__step-37500.npz,06246ac3ef17d7f3edccb1aa581a258f074330f1cc482cb756dc1730093f89a1,134010,"OBSERVED for the hash, the size and the access code; OBSERVED for the branch mapping through rescoring"
falcon-with-cc-top-20p__1B,falcon-with-cc-top-20p,1B,falcon-with-cc-top-20p__1B__seed-2__step-69369,2,69369,default,allenai/DataDecide-falcon-with-cc-top-20p-1B,step69369-seed-default,refuses_unauthenticated,falcon-with-cc-top-20p__1B__seed-2__step-69369.npz,1d932f80bb1df7a94ffdc1f26871986c4969b66ab61ca72e85014125e7d968ef,134103,"OBSERVED for the hash, the size and the access code; OBSERVED for the branch mapping through rescoring"
falcon-with-cc-top-20p__1B,falcon-with-cc-top-20p,1B,falcon-with-cc-top-20p__1B__seed-4__step-69369,4,69369,auxiliary,allenai/DataDecide-falcon-with-cc-top-20p-1B,step69369-seed-large-aux-2,refuses_unauthenticated,falcon-with-cc-top-20p__1B__seed-4__step-69369.npz,04f60de4c3055bf3a784d3d10cf4658f71708e4f4361c21c5914223bfbc071f0,133980,"OBSERVED for the hash, the size and the access code; OBSERVED for the branch mapping through rescoring"
falcon-with-cc-top-20p__1B,falcon-with-cc-top-20p,1B,falcon-with-cc-top-20p__1B__seed-5__step-69369,5,69369,auxiliary,allenai/DataDecide-falcon-with-cc-top-20p-1B,step69369-seed-large-aux-3,refuses_unauthenticated,falcon-with-cc-top-20p__1B__seed-5__step-69369.npz,1f998843d3a0ce4daac60aca1413dd7f707afc624f19b9f6e7ee70c956a9ccc1,134009,"OBSERVED for the hash, the size and the access code; OBSERVED for the branch mapping through rescoring"
falcon-with-cc-top-20p__300M,falcon-with-cc-top-20p,300M,falcon-with-cc-top-20p__300M__seed-2__step-45000,2,45000,default,allenai/DataDecide-falcon-with-cc-top-20p-300M,step45000-seed-default,refuses_unauthenticated,falcon-with-cc-top-20p__300M__seed-2__step-45000.npz,c853fd85be6b68f3490cf09d949d91a2a27ec602dab9de1b952e17733635d2de,134047,"OBSERVED for the hash, the size and the access code; OBSERVED for the branch mapping through rescoring"
falcon-with-cc-top-20p__300M,falcon-with-cc-top-20p,300M,falcon-with-cc-top-20p__300M__seed-14__step-45000,14,45000,auxiliary,allenai/DataDecide-falcon-with-cc-top-20p-300M,step45000-seed-small-aux-2,refuses_unauthenticated,falcon-with-cc-top-20p__300M__seed-14__step-45000.npz,bb14c478b95279cd1a6f520d72068380b7a40503325bbb88f6ceb8472fa74d49,134076,"OBSERVED for the hash, the size and the access code; OBSERVED for the branch mapping through rescoring"
falcon-with-cc-top-20p__300M,falcon-with-cc-top-20p,300M,falcon-with-cc-top-20p__300M__seed-15__step-45000,15,45000,auxiliary,allenai/DataDecide-falcon-with-cc-top-20p-300M,step45000-seed-small-aux-3,refuses_unauthenticated,falcon-with-cc-top-20p__300M__seed-15__step-45000.npz,94b10b8f533db30f5ec4643a53ae2042063e4c75f3d594829017c1d5dee39129,134200,"OBSERVED for the hash, the size and the access code; OBSERVED for the branch mapping through rescoring"
falcon-with-cc-top-20p__530M,falcon-with-cc-top-20p,530M,falcon-with-cc-top-20p__530M__seed-2__step-51250,2,51250,default,allenai/DataDecide-falcon-with-cc-top-20p-530M,step51250-seed-default,refuses_unauthenticated,falcon-with-cc-top-20p__530M__seed-2__step-51250.npz,ca2207e1210d60e819f10182d74659b201db20fb988d78729ae5564e07a0e840,134255,"OBSERVED for the hash, the size and the access code; OBSERVED for the branch mapping through rescoring"
falcon-with-cc-top-20p__530M,falcon-with-cc-top-20p,530M,falcon-with-cc-top-20p__530M__seed-14__step-51250,14,51250,auxiliary,allenai/DataDecide-falcon-with-cc-top-20p-530M,step51250-seed-small-aux-2,refuses_unauthenticated,falcon-with-cc-top-20p__530M__seed-14__step-51250.npz,67ac174ce98749b426085bb09428378010e538224c4342ee024fd200a434ef61,134149,"OBSERVED for the hash, the size and the access code; OBSERVED for the branch mapping through rescoring"
falcon-with-cc-top-20p__530M,falcon-with-cc-top-20p,530M,falcon-with-cc-top-20p__530M__seed-15__step-51250,15,51250,auxiliary,allenai/DataDecide-falcon-with-cc-top-20p-530M,step51250-seed-small-aux-3,refuses_unauthenticated,falcon-with-cc-top-20p__530M__seed-15__step-51250.npz,0fa7c1819d48d426e48d9c3ba1c8f07c234977ff5efa7dc0f5d72b8a2b8af3b2,134122,"OBSERVED for the hash, the size and the access code; OBSERVED for the branch mapping through rescoring"
falcon-with-cc-top-20p__750M,falcon-with-cc-top-20p,750M,falcon-with-cc-top-20p__750M__seed-2__step-27500,2,27500,default,allenai/DataDecide-falcon-with-cc-top-20p-750M,step27500-seed-default,refuses_unauthenticated,falcon-with-cc-top-20p__750M__seed-2__step-27500.npz,b123b0d6c585dae5c4d8a6c62d234b7df736ebfa6b5e7718131726acb8a2e6bb,134170,"OBSERVED for the hash, the size and the access code; OBSERVED for the branch mapping through rescoring"
falcon-with-cc-top-20p__750M,falcon-with-cc-top-20p,750M,falcon-with-cc-top-20p__750M__seed-14__step-27500,14,27500,auxiliary,allenai/DataDecide-falcon-with-cc-top-20p-750M,step27500-seed-small-aux-2,refuses_unauthenticated,falcon-with-cc-top-20p__750M__seed-14__step-27500.npz,78adb32293ae881f90132e578d8825be343f851fd60f8c645f3f34d0ca2d56e1,134346,"OBSERVED for the hash, the size and the access code; OBSERVED for the branch mapping through rescoring"
falcon-with-cc-top-20p__750M,falcon-with-cc-top-20p,750M,falcon-with-cc-top-20p__750M__seed-15__step-27500,15,27500,auxiliary,allenai/DataDecide-falcon-with-cc-top-20p-750M,step27500-seed-small-aux-3,refuses_unauthenticated,falcon-with-cc-top-20p__750M__seed-15__step-27500.npz,2bfe3e7035e7bb278101b97ca9d0466d36eb77bbe27d69e2ac5aadde3be0f57e,134373,"OBSERVED for the hash, the size and the access code; OBSERVED for the branch mapping through rescoring"
fineweb-edu__150M,fineweb-edu,150M,fineweb-edu__150M__seed-2__step-37500,2,37500,default,allenai/DataDecide-fineweb-edu-150M,step37500-seed-default,resolves_anonymously,fineweb-edu__150M__seed-2__step-37500.npz,7bae4d11613ec2e34ce79cce07f040266b6fd2642cdacb596a497505d416a23b,133911,"OBSERVED for the hash, the size and the access code; OBSERVED for the branch mapping through rescoring"
fineweb-edu__150M,fineweb-edu,150M,fineweb-edu__150M__seed-14__step-37500,14,37500,auxiliary,allenai/DataDecide-fineweb-edu-150M,step37500-seed-small-aux-2,resolves_anonymously,fineweb-edu__150M__seed-14__step-37500.npz,1c55329d780ef53acd580432738bfecc5707db641d7ab385fbe7b685d1984de3,134019,"OBSERVED for the hash, the size and the access code; OBSERVED for the branch mapping through rescoring"
fineweb-edu__150M,fineweb-edu,150M,fineweb-edu__150M__seed-15__step-37500,15,37500,auxiliary,allenai/DataDecide-fineweb-edu-150M,step37500-seed-small-aux-3,resolves_anonymously,fineweb-edu__150M__seed-15__step-37500.npz,cc7bd44dd1987feba100483bf17a5e2f7e7ef72f3fa78f2c45f22ca49024b41a,134040,"OBSERVED for the hash, the size and the access code; OBSERVED for the branch mapping through rescoring"
fineweb-edu__1B,fineweb-edu,1B,fineweb-edu__1B__seed-2__step-69369,2,69369,default,allenai/DataDecide-fineweb-edu-1B,step69369-seed-default,resolves_anonymously,fineweb-edu__1B__seed-2__step-69369.npz,f1957a25c435580f77cf9699ba86b83699ddadff7683c6b56f6f8921c75fc8e8,134076,"OBSERVED for the hash, the size and the access code; OBSERVED for the branch mapping through rescoring"
fineweb-edu__1B,fineweb-edu,1B,fineweb-edu__1B__seed-4__step-69369,4,69369,auxiliary,allenai/DataDecide-fineweb-edu-1B,step69369-seed-large-aux-2,resolves_anonymously,fineweb-edu__1B__seed-4__step-69369.npz,c15e63422f921f4e101d815720c03c8bd78411d1dfda0f51b91f07957850273a,134171,"OBSERVED for the hash, the size and the access code; OBSERVED for the branch mapping through rescoring"
fineweb-edu__1B,fineweb-edu,1B,fineweb-edu__1B__seed-5__step-69369,5,69369,auxiliary,allenai/DataDecide-fineweb-edu-1B,step69369-seed-large-aux-3,resolves_anonymously,fineweb-edu__1B__seed-5__step-69369.npz,af23d84a6e154883c861c9c4eb59671e045ffadb1556dd55bb5b9118bafee090,134299,"OBSERVED for the hash, the size and the access code; OBSERVED for the branch mapping through rescoring"
fineweb-edu__300M,fineweb-edu,300M,fineweb-edu__300M__seed-2__step-45787,2,45787,default,allenai/DataDecide-fineweb-edu-300M,step45787-seed-default,resolves_anonymously,fineweb-edu__300M__seed-2__step-45787.npz,e18dcf0a2a4e5bf7097871b1c4785bde361099e54ed7567981285128a318406a,134219,"OBSERVED for the hash, the size and the access code; OBSERVED for the branch mapping through rescoring"
fineweb-edu__300M,fineweb-edu,300M,fineweb-edu__300M__seed-14__step-45787,14,45787,auxiliary,allenai/DataDecide-fineweb-edu-300M,step45787-seed-small-aux-2,resolves_anonymously,fineweb-edu__300M__seed-14__step-45787.npz,1264a6ee10a6416c9fc94471edbcf33ca5806bbb491bdc66d653fe0c0fe4577a,134128,"OBSERVED for the hash, the size and the access code; OBSERVED for the branch mapping through rescoring"
fineweb-edu__300M,fineweb-edu,300M,fineweb-edu__300M__seed-15__step-45787,15,45787,auxiliary,allenai/DataDecide-fineweb-edu-300M,step45787-seed-small-aux-3,resolves_anonymously,fineweb-edu__300M__seed-15__step-45787.npz,7f45677d624e6f02ba4cd5a1e5716ad085cc959810ffbf48fd612e6e7ada74b7,134162,"OBSERVED for the hash, the size and the access code; OBSERVED for the branch mapping through rescoring"
fineweb-edu__530M,fineweb-edu,530M,fineweb-edu__530M__seed-2__step-51250,2,51250,default,allenai/DataDecide-fineweb-edu-530M,step51250-seed-default,resolves_anonymously,fineweb-edu__530M__seed-2__step-51250.npz,a551a236c225e7533e51db529b9d10a20e5bde9c699f97ae61c78b81c157996c,134315,"OBSERVED for the hash, the size and the access code; OBSERVED for the branch mapping through rescoring"
fineweb-edu__530M,fineweb-edu,530M,fineweb-edu__530M__seed-14__step-51250,14,51250,auxiliary,allenai/DataDecide-fineweb-edu-530M,step51250-seed-small-aux-2,resolves_anonymously,fineweb-edu__530M__seed-14__step-51250.npz,50ce847e0c22ae1119a78ad959e92b02cb89f16c1cbba8c3f233973c8a46b80c,134240,"OBSERVED for the hash, the size and the access code; OBSERVED for the branch mapping through rescoring"
fineweb-edu__530M,fineweb-edu,530M,fineweb-edu__530M__seed-15__step-51250,15,51250,auxiliary,allenai/DataDecide-fineweb-edu-530M,step51250-seed-small-aux-3,resolves_anonymously,fineweb-edu__530M__seed-15__step-51250.npz,2cfb7e80cd6bafb18cb714bef4227c547b685e3176ee48a673f3e83699508b29,134231,"OBSERVED for the hash, the size and the access code; OBSERVED for the branch mapping through rescoring"
fineweb-edu__750M,fineweb-edu,750M,fineweb-edu__750M__seed-2__step-27500,2,27500,default,allenai/DataDecide-fineweb-edu-750M,step27500-seed-default,resolves_anonymously,fineweb-edu__750M__seed-2__step-27500.npz,ff790b70d69e68006d423884a5877a27e70ec537835f9aa30974386a1e8aaa6d,134184,"OBSERVED for the hash, the size and the access code; OBSERVED for the branch mapping through rescoring"
fineweb-edu__750M,fineweb-edu,750M,fineweb-edu__750M__seed-14__step-27500,14,27500,auxiliary,allenai/DataDecide-fineweb-edu-750M,step27500-seed-small-aux-2,resolves_anonymously,fineweb-edu__750M__seed-14__step-27500.npz,b2eacf9c6e6125242f857991cc7e4683d6593c86e3bc47d0f41e30694f0282e7,134119,"OBSERVED for the hash, the size and the access code; OBSERVED for the branch mapping through rescoring"
fineweb-edu__750M,fineweb-edu,750M,fineweb-edu__750M__seed-15__step-27500,15,27500,auxiliary,allenai/DataDecide-fineweb-edu-750M,step27500-seed-small-aux-3,resolves_anonymously,fineweb-edu__750M__seed-15__step-27500.npz,36d16b731f6c9f8ac81a4907bdc18de16160b06182dd883cb12fa443207e596f,134232,"OBSERVED for the hash, the size and the access code; OBSERVED for the branch mapping through rescoring"
fineweb-pro__150M,fineweb-pro,150M,fineweb-pro__150M__seed-2__step-37500,2,37500,default,allenai/DataDecide-fineweb-pro-150M,step37500-seed-default,resolves_anonymously,fineweb-pro__150M__seed-2__step-37500.npz,7c541b8d004edab9a71168652ba6e6a5ce55fd690d721f12eb00c602d7828e69,133951,"OBSERVED for the hash, the size and the access code; OBSERVED for the branch mapping through rescoring"
fineweb-pro__150M,fineweb-pro,150M,fineweb-pro__150M__seed-14__step-37500,14,37500,auxiliary,allenai/DataDecide-fineweb-pro-150M,step37500-seed-small-aux-2,resolves_anonymously,fineweb-pro__150M__seed-14__step-37500.npz,2e353770cc161a69c0e7129d92f16c00053ceaa1359fd55207b158114cdba55e,133948,"OBSERVED for the hash, the size and the access code; OBSERVED for the branch mapping through rescoring"
fineweb-pro__150M,fineweb-pro,150M,fineweb-pro__150M__seed-15__step-37500,15,37500,auxiliary,allenai/DataDecide-fineweb-pro-150M,step37500-seed-small-aux-3,resolves_anonymously,fineweb-pro__150M__seed-15__step-37500.npz,d1f2863f3c1699beedfa4a8e1b5d82b5ef57fff5215c84dfe5fb5cd7e925fd7e,134076,"OBSERVED for the hash, the size and the access code; OBSERVED for the branch mapping through rescoring"
fineweb-pro__1B,fineweb-pro,1B,fineweb-pro__1B__seed-2__step-69369,2,69369,default,allenai/DataDecide-fineweb-pro-1B,step69369-seed-default,resolves_anonymously,fineweb-pro__1B__seed-2__step-69369.npz,bfd57bb254d5171a02504f7933df9214a1514611431c4747260b78b216e6caa5,134211,"OBSERVED for the hash, the size and the access code; OBSERVED for the branch mapping through rescoring"
fineweb-pro__1B,fineweb-pro,1B,fineweb-pro__1B__seed-4__step-69369,4,69369,auxiliary,allenai/DataDecide-fineweb-pro-1B,step69369-seed-large-aux-2,resolves_anonymously,fineweb-pro__1B__seed-4__step-69369.npz,ec763d09ee1a30a74c3d40c5665c013b0c388dd09c5fd2ce5abe1ed0ff626c8c,133988,"OBSERVED for the hash, the size and the access code; OBSERVED for the branch mapping through rescoring"
fineweb-pro__1B,fineweb-pro,1B,fineweb-pro__1B__seed-5__step-69369,5,69369,auxiliary,allenai/DataDecide-fineweb-pro-1B,step69369-seed-large-aux-3,resolves_anonymously,fineweb-pro__1B__seed-5__step-69369.npz,4e3c51e6d316dbc6fab370397ffadcf94007980e3ce390cbe8591623a97edbe7,133955,"OBSERVED for the hash, the size and the access code; OBSERVED for the branch mapping through rescoring"
fineweb-pro__300M,fineweb-pro,300M,fineweb-pro__300M__seed-2__step-45000,2,45000,default,allenai/DataDecide-fineweb-pro-300M,step45000-seed-default,resolves_anonymously,fineweb-pro__300M__seed-2__step-45000.npz,1ce4bed9869b1fd51532d895e104bf966f00458d38be5f11ac115e45824d3007,134186,"OBSERVED for the hash, the size and the access code; OBSERVED for the branch mapping through rescoring"
fineweb-pro__300M,fineweb-pro,300M,fineweb-pro__300M__seed-14__step-45000,14,45000,auxiliary,allenai/DataDecide-fineweb-pro-300M,step45000-seed-small-aux-2,resolves_anonymously,fineweb-pro__300M__seed-14__step-45000.npz,b3f8b7d93af7b6f98ca61aa2d3a1ea84249551e82be2345ccf75d81adf0e529b,134186,"OBSERVED for the hash, the size and the access code; OBSERVED for the branch mapping through rescoring"
fineweb-pro__300M,fineweb-pro,300M,fineweb-pro__300M__seed-15__step-45000,15,45000,auxiliary,allenai/DataDecide-fineweb-pro-300M,step45000-seed-small-aux-3,resolves_anonymously,fineweb-pro__300M__seed-15__step-45000.npz,302b0915f3b35c0d87e037c478881459a4f45ede72b9dca7d041e91f7c37cda7,134248,"OBSERVED for the hash, the size and the access code; OBSERVED for the branch mapping through rescoring"
fineweb-pro__530M,fineweb-pro,530M,fineweb-pro__530M__seed-2__step-51250,2,51250,default,allenai/DataDecide-fineweb-pro-530M,step51250-seed-default,resolves_anonymously,fineweb-pro__530M__seed-2__step-51250.npz,e3b01368b589fecfd0f24341b5662a87f5e9635086e757832df42f449882d7dd,134188,"OBSERVED for the hash, the size and the access code; OBSERVED for the branch mapping through rescoring"
fineweb-pro__530M,fineweb-pro,530M,fineweb-pro__530M__seed-14__step-51250,14,51250,auxiliary,allenai/DataDecide-fineweb-pro-530M,step51250-seed-small-aux-2,resolves_anonymously,fineweb-pro__530M__seed-14__step-51250.npz,bd6c99fc8908046ee6c2c8d4d5350216540dd98dffc9e9ceb7099a11b29b3fcd,134170,"OBSERVED for the hash, the size and the access code; OBSERVED for the branch mapping through rescoring"
fineweb-pro__530M,fineweb-pro,530M,fineweb-pro__530M__seed-15__step-51250,15,51250,auxiliary,allenai/DataDecide-fineweb-pro-530M,step51250-seed-small-aux-3,resolves_anonymously,fineweb-pro__530M__seed-15__step-51250.npz,f07de3d0802a72f9de8e89de0cae8b724be59f57b258372ddb87886a3398f444,134209,"OBSERVED for the hash, the size and the access code; OBSERVED for the branch mapping through rescoring"
fineweb-pro__750M,fineweb-pro,750M,fineweb-pro__750M__seed-2__step-27500,2,27500,default,allenai/DataDecide-fineweb-pro-750M,step27500-seed-default,resolves_anonymously,fineweb-pro__750M__seed-2__step-27500.npz,45eb340ced8cdad7ce12d385a2ad28cbb769b23784098dba593422f62df78c95,134233,"OBSERVED for the hash, the size and the access code; OBSERVED for the branch mapping through rescoring"
fineweb-pro__750M,fineweb-pro,750M,fineweb-pro__750M__seed-14__step-27500,14,27500,auxiliary,allenai/DataDecide-fineweb-pro-750M,step27500-seed-small-aux-2,resolves_anonymously,fineweb-pro__750M__seed-14__step-27500.npz,565e685ed526e431eb2ee68a1e99d963ec05e8f07fd20f6f23ece595850ee4ff,134116,"OBSERVED for the hash, the size and the access code; OBSERVED for the branch mapping through rescoring"
fineweb-pro__750M,fineweb-pro,750M,fineweb-pro__750M__seed-15__step-27500,15,27500,auxiliary,allenai/DataDecide-fineweb-pro-750M,step27500-seed-small-aux-3,resolves_anonymously,fineweb-pro__750M__seed-15__step-27500.npz,1a5f104621799e59824b7c8bf6949b91248bac47e34d8629aab1bfefaae6d910,134391,"OBSERVED for the hash, the size and the access code; OBSERVED for the branch mapping through rescoring"
