[{"stream_name":"stderr","time":11.414579413,"data":"0.00s - Debugger warning: It seems that frozen modules are being used, which may\n"}
,{"stream_name":"stderr","time":11.414631209,"data":"0.00s - make the debugger miss breakpoints. Please pass -Xfrozen_modules=off\n"}
,{"stream_name":"stderr","time":11.414635059,"data":"0.00s - to python to disable frozen modules.\n"}
,{"stream_name":"stderr","time":11.414637524,"data":"0.00s - Note: Debugging will proceed. Set PYDEVD_DISABLE_FILE_VALIDATION=1 to disable this validation.\n"}
,{"stream_name":"stderr","time":12.176035918,"data":"0.00s - Debugger warning: It seems that frozen modules are being used, which may\n"}
,{"stream_name":"stderr","time":12.176064513,"data":"0.00s - make the debugger miss breakpoints. Please pass -Xfrozen_modules=off\n"}
,{"stream_name":"stderr","time":12.17606992,"data":"0.00s - to python to disable frozen modules.\n"}
,{"stream_name":"stderr","time":12.176074037,"data":"0.00s - Note: Debugging will proceed. Set PYDEVD_DISABLE_FILE_VALIDATION=1 to disable this validation.\n"}
,{"stream_name":"stdout","time":19.116626316,"data":"\u001b[?25l     \u001b[90m━━━━━━━━━━━━━━━━━━━━━━━━━━━━━━━━━━━━━━━━\u001b[0m \u001b[32m0.0/44.0 kB\u001b[0m \u001b[31m?\u001b[0m eta \u001b[36m-:--:--\u001b[0m\r\u001b[2K     \u001b[91m━━━━━━━━━━━━━━━━━━━━━━━━━━━━━━━━━━━━━\u001b[0m\u001b[90m╺\u001b[0m\u001b[90m━━\u001b[0m \u001b[32m41.0/44.0 kB\u001b[0m \u001b[31m2.4 MB/s\u001b[0m eta \u001b[36m0:00:01\u001b[0m\r\u001b[2K     \u001b[90m━━━━━━━━━━━━━━━━━━━━━━━━━━━━━━━━━━━━━━━\u001b[0m \u001b[32m44.0/44.0 kB\u001b[0m \u001b[31m581.0 kB/s\u001b[0m eta \u001b[36m0:00:00\u001b[0m\r\n"}
,{"stream_name":"stdout","time":20.129333563,"data":"\u001b[?25h\u001b[?25l   \u001b[90m━━━━━━━━━━━━━━━━━━━━━━━━━━━━━━━━━━━━━━━━\u001b[0m \u001b[32m0.0/12.0 MB\u001b[0m \u001b[31m?\u001b[0m eta \u001b[36m-:--:--\u001b[0m\r\u001b[2K   \u001b[90m━━━━━━━━━━━━━━━━━━━━━━━━━━━━━━━━━━━━━━━━\u001b[0m \u001b[32m0.1/12.0 MB\u001b[0m \u001b[31m3.9 MB/s\u001b[0m eta \u001b[36m0:00:04\u001b[0m\r\u001b[2K   \u001b[91m╸\u001b[0m\u001b[90m━━━━━━━━━━━━━━━━━━━━━━━━━━━━━━━━━━━━━━━\u001b[0m \u001b[32m0.2/12.0 MB\u001b[0m \u001b[31m3.3 MB/s\u001b[0m eta \u001b[36m0:00:04\u001b[0m\r\u001b[2K   \u001b[91m━\u001b[0m\u001b[90m╺\u001b[0m\u001b[90m━━━━━━━━━━━━━━━━━━━━━━━━━━━━━━━━━━━━━━\u001b[0m \u001b[32m0.4/12.0 MB\u001b[0m \u001b[31m4.0 MB/s\u001b[0m eta \u001b[36m0:00:03\u001b[0m\r\u001b[2K   \u001b[91m━━\u001b[0m\u001b[90m╺\u001b[0m\u001b[90m━━━━━━━━━━━━━━━━━━━━━━━━━━━━━━━━━━━━━\u001b[0m \u001b[32m0.7/12.0 MB\u001b[0m \u001b[31m5.3 MB/s\u001b[0m eta \u001b[36m0:00:03\u001b[0m\r\u001b[2K   \u001b[91m━━━━\u001b[0m\u001b[90m╺\u001b[0m\u001b[90m━━━━━━━━━━━━━━━━━━━━━━━━━━━━━━━━━━━\u001b[0m \u001b[32m1.3/12.0 MB\u001b[0m \u001b[31m8.1 MB/s\u001b[0m eta \u001b[36m0:00:02\u001b[0m\r\u001b[2K   \u001b[91m━━━━━━━━━\u001b[0m\u001b[90m╺\u001b[0m\u001b[90m━━━━━━━━━━━━━━━━━━━━━━━━━━━━━━\u001b[0m \u001b[32m2.7/12.0 MB\u001b[0m \u001b[31m13.1 MB/s\u001b[0m eta \u001b[36m0:00:01\u001b[0m\r\u001b[2K   \u001b[91m━━━━━━━━━━━━━━\u001b[0m\u001b[90m╺\u001b[0m\u001b[90m━━━━━━━━━━━━━━━━━━━━━━━━━\u001b[0m \u001b[32m4.3/12.0 MB\u001b[0m \u001b[31m17.9 MB/s\u001b[0m eta \u001b[36m0:00:01\u001b[0m\r\u001b[2K   \u001b[91m━━━━━━━━━━━━━━━━━━━━━━━\u001b[0m\u001b[91m╸\u001b[0m\u001b[90m━━━━━━━━━━━━━━━━\u001b[0m \u001b[32m7.2/12.0 MB\u001b[0m \u001b[31m26.0 MB/s\u001b[0m eta \u001b[36m0:00:01\u001b[0m\r\u001b[2K   \u001b[91m━━━━━━━━━━━━━━━━━━━━━━━━━━━━━━━━━\u001b[0m\u001b[90m╺\u001b[0m\u001b[90m━━━━━━\u001b[0m \u001b[32m10.0/12.0 MB\u001b[0m \u001b[31m32.3 MB/s\u001b[0m eta \u001b[36m0:00:01\u001b[0m\r\u001b[2K   \u001b[91m━━━━━━━━━━━━━━━━━━━━━━━━━━━━━━━━━━━━━━━\u001b[0m\u001b[91m╸\u001b[0m \u001b[32m12.0/12.0 MB\u001b[0m \u001b[31m73.8 MB/s\u001b[0m eta \u001b[36m0:00:01\u001b[0m\r\u001b[2K   \u001b[91m━━━━━━━━━━━━━━━━━━━━━━━━━━━━━━━━━━━━━━━\u001b[0m\u001b[91m╸\u001b[0m \u001b[32m12.0/12.0 MB\u001b[0m \u001b[31m73.8 MB/s\u001b[0m eta \u001b[36m0:00:01\u001b[0m\r\u001b[2K   \u001b[90m━━━━━━━━━━━━━━━━━━━━━━━━━━━━━━━━━━━━━━━━\u001b[0m \u001b[32m12.0/12.0 MB\u001b[0m \u001b[31m52.3 MB/s\u001b[0m eta \u001b[36m0:00:00\u001b[0m\r\n"}
,{"stream_name":"stdout","time":20.180271884,"data":"\u001b[?25h\u001b[?25l   \u001b[90m━━━━━━━━━━━━━━━━━━━━━━━━━━━━━━━━━━━━━━━━\u001b[0m \u001b[32m0.0/566.4 kB\u001b[0m \u001b[31m?\u001b[0m eta \u001b[36m-:--:--\u001b[0m\r\u001b[2K   \u001b[90m━━━━━━━━━━━━━━━━━━━━━━━━━━━━━━━━━━━━━━━━\u001b[0m \u001b[32m566.4/566.4 kB\u001b[0m \u001b[31m27.6 MB/s\u001b[0m eta \u001b[36m0:00:00\u001b[0m\r\n"}
,{"stream_name":"stdout","time":34.986474954,"data":"\u001b[?25h/tmp/SNAP/compute2\n"}
,{"stream_name":"stdout","time":34.986505746,"data":"6cfedee\r\n"}
,{"stream_name":"stdout","time":35.145456703,"data":"[{'step': [143000], 'seed': [1, 2, 3, 4, 5, 6, 7, 8, 9], 'run_key': ['polypythias__410m__seed-9__step-143000', 'polypythias__160m__seed-1__step-143000', 'polypythias__160m__seed-2__step-143000', 'polypythias__160m__seed-3__step-143000', 'polypythias__160m__seed-4__step-143000', 'polypythias__160m__seed-5__step-143000', 'polypythias__160m__seed-6__step-143000', 'polypythias__160m__seed-7__step-143000', 'polypythias__160m__seed-8__step-143000', 'polypythias__160m__seed-9__step-143000', 'polypythias__70m__seed-1__step-143000', 'polypythias__70m__seed-2__step-143000', 'polypythias__70m__seed-3__step-143000', 'polypythias__70m__seed-4__step-143000', 'polypythias__70m__seed-5__step-143000', 'polypythias__70m__seed-6__step-143000', 'polypythias__70m__seed-7__step-143000', 'polypythias__70m__seed-8__step-143000', 'polypythias__70m__seed-9__step-143000', 'polypythias__31m__seed-1__step-143000', 'polypythias__31m__seed-2__step-143000', 'polypythias__31m__seed-3__step-143000', 'polypythias__31m__seed-4__step-143000', 'polypythias__31m__seed-5__step-143000', 'polypythias__31m__seed-6__step-143000', 'polypythias__31m__seed-7__step-143000', 'polypythias__31m__seed-8__step-143000', 'polypythias__31m__seed-9__step-143000', 'polypythias__14m__seed-1__step-143000', 'polypythias__14m__seed-2__step-143000', 'polypythias__14m__seed-3__step-143000', 'polypythias__14m__seed-4__step-143000', 'polypythias__14m__seed-5__step-143000', 'polypythias__14m__seed-6__step-143000', 'polypythias__14m__seed-7__step-143000', 'polypythias__14m__seed-8__step-143000', 'polypythias__14m__seed-9__step-143000']}]\n"}
,{"stream_name":"stdout","time":36.315078265,"data":"\rrequests/arc_challenge-requests.jsonl.gz:   0%|      | 0.00/460k [00:00\u003c?, ?B/s]\rrequests/arc_challenge-requests.jsonl.gz:   0%|      | 0.00/460k [00:00\u003c?, ?B/s]\rrequests/arc_challenge-requests.jsonl.gz: 100%|█| 460k/460k [00:00\u003c00:00, 2.30MB\rrequests/arc_challenge-requests.jsonl.gz: 100%|█| 460k/460k [00:00\u003c00:00, 1.01MB\r\n"}
,{"stream_name":"stdout","time":36.416262239,"data":"[task] arc_challenge: 1172 docs\r\n"}
,{"stream_name":"stdout","time":36.972978969,"data":"\rrequests/arc_easy-requests.jsonl.gz:   0%|           | 0.00/840k [00:00\u003c?, ?B/s]\rrequests/arc_easy-requests.jsonl.gz:   0%|           | 0.00/840k [00:00\u003c?, ?B/s]\rrequests/arc_easy-requests.jsonl.gz: 100%|███| 840k/840k [00:00\u003c00:00, 4.20MB/s]\rrequests/arc_easy-requests.jsonl.gz: 100%|███| 840k/840k [00:00\u003c00:00, 2.04MB/s]\r\n"}
,{"stream_name":"stdout","time":37.174677409,"data":"[task] arc_easy: 2376 docs\r\n"}
,{"stream_name":"stdout","time":37.528596414,"data":"\rrequests/boolq-requests.jsonl.gz:   0%|             | 0.00/1.28M [00:00\u003c?, ?B/s]\rrequests/boolq-requests.jsonl.gz: 100%|████| 1.28M/1.28M [00:00\u003c00:00, 6.02MB/s]\rrequests/boolq-requests.jsonl.gz: 100%|████| 1.28M/1.28M [00:00\u003c00:00, 6.01MB/s]\r\n"}
,{"stream_name":"stdout","time":37.832700133,"data":"[task] boolq: 3270 docs\r\n"}
,{"stream_name":"stdout","time":38.135599114,"data":"\rrequests/csqa-requests.jsonl.gz:   0%|               | 0.00/406k [00:00\u003c?, ?B/s]\rrequests/csqa-requests.jsonl.gz: 100%|███████| 406k/406k [00:00\u003c00:00, 1.92MB/s]\rrequests/csqa-requests.jsonl.gz: 100%|███████| 406k/406k [00:00\u003c00:00, 1.91MB/s]\r\n"}
,{"stream_name":"stdout","time":38.28703256,"data":"[task] csqa: 1221 docs\r\n"}
,{"stream_name":"stdout","time":38.994631158,"data":"\rrequests/hellaswag-requests.jsonl.gz:   0%|         | 0.00/8.72M [00:00\u003c?, ?B/s]\rrequests/hellaswag-requests.jsonl.gz:   0%|         | 0.00/8.72M [00:00\u003c?, ?B/s]\rrequests/hellaswag-requests.jsonl.gz:   0%|         | 0.00/8.72M [00:00\u003c?, ?B/s]\rrequests/hellaswag-requests.jsonl.gz: 100%|█| 8.72M/8.72M [00:00\u003c00:00, 43.6MB/s\rrequests/hellaswag-requests.jsonl.gz: 100%|█| 8.72M/8.72M [00:00\u003c00:00, 14.2MB/s\r\n"}
,{"stream_name":"stdout","time":40.410836272,"data":"[task] hellaswag: 10042 docs\r\n"}
,{"stream_name":"stdout","time":40.765301385,"data":"\rrequests/mmlu_abstract_algebra-requests.(…):   0%|  | 0.00/26.4k [00:00\u003c?, ?B/s]\rrequests/mmlu_abstract_algebra-requests.(…): 100%|█| 26.4k/26.4k [00:00\u003c00:00, 1\rrequests/mmlu_abstract_algebra-requests.(…): 100%|█| 26.4k/26.4k [00:00\u003c00:00, 1\r\n"}
,{"stream_name":"stdout","time":40.765332535,"data":"[task] mmlu_abstract_algebra: 100 docs\r\n"}
,{"stream_name":"stdout","time":41.119822985,"data":"\rrequests/mmlu_anatomy-requests.jsonl.gz:   0%|      | 0.00/44.6k [00:00\u003c?, ?B/s]\rrequests/mmlu_anatomy-requests.jsonl.gz: 100%|█| 44.6k/44.6k [00:00\u003c00:00, 210kB\rrequests/mmlu_anatomy-requests.jsonl.gz: 100%|█| 44.6k/44.6k [00:00\u003c00:00, 209kB\r\n"}
,{"stream_name":"stdout","time":41.119852712,"data":"[task] mmlu_anatomy: 135 docs\r\n"}
,{"stream_name":"stdout","time":41.474537341,"data":"\rrequests/mmlu_astronomy-requests.jsonl.g(…):   0%|  | 0.00/65.0k [00:00\u003c?, ?B/s]\rrequests/mmlu_astronomy-requests.jsonl.g(…): 100%|█| 65.0k/65.0k [00:00\u003c00:00, 3\rrequests/mmlu_astronomy-requests.jsonl.g(…): 100%|█| 65.0k/65.0k [00:00\u003c00:00, 3\r\n"}
,{"stream_name":"stdout","time":41.474568582,"data":"[task] mmlu_astronomy: 152 docs\r\n"}
,{"stream_name":"stdout","time":41.829597219,"data":"\rrequests/mmlu_business_ethics-requests.j(…):   0%|  | 0.00/45.9k [00:00\u003c?, ?B/s]\rrequests/mmlu_business_ethics-requests.j(…): 100%|█| 45.9k/45.9k [00:00\u003c00:00, 2\rrequests/mmlu_business_ethics-requests.j(…): 100%|█| 45.9k/45.9k [00:00\u003c00:00, 2\r\n"}
,{"stream_name":"stdout","time":41.829623626,"data":"[task] mmlu_business_ethics: 100 docs\r\n"}
,{"stream_name":"stdout","time":42.132787379,"data":"\rrequests/mmlu_clinical_knowledge-request(…):   0%|  | 0.00/94.9k [00:00\u003c?, ?B/s]\rrequests/mmlu_clinical_knowledge-request(…): 100%|█| 94.9k/94.9k [00:00\u003c00:00, 4\rrequests/mmlu_clinical_knowledge-request(…): 100%|█| 94.9k/94.9k [00:00\u003c00:00, 4\r\n"}
,{"stream_name":"stdout","time":42.182997663,"data":"[task] mmlu_clinical_knowledge: 265 docs\r\n"}
,{"stream_name":"stdout","time":42.739485117,"data":"\rrequests/mmlu_college_biology-requests.j(…):   0%|  | 0.00/67.7k [00:00\u003c?, ?B/s]\rrequests/mmlu_college_biology-requests.j(…):   0%|  | 0.00/67.7k [00:00\u003c?, ?B/s]\rrequests/mmlu_college_biology-requests.j(…): 100%|█| 67.7k/67.7k [00:00\u003c00:00, 3\rrequests/mmlu_college_biology-requests.j(…): 100%|█| 67.7k/67.7k [00:00\u003c00:00, 1\r\n"}
,{"stream_name":"stdout","time":42.739516298,"data":"[task] mmlu_college_biology: 144 docs\r\n"}
,{"stream_name":"stdout","time":43.094590078,"data":"\rrequests/mmlu_college_chemistry-requests(…):   0%|  | 0.00/39.3k [00:00\u003c?, ?B/s]\rrequests/mmlu_college_chemistry-requests(…): 100%|█| 39.3k/39.3k [00:00\u003c00:00, 1\rrequests/mmlu_college_chemistry-requests(…): 100%|█| 39.3k/39.3k [00:00\u003c00:00, 1\r\n"}
,{"stream_name":"stdout","time":43.094626682,"data":"[task] mmlu_college_chemistry: 100 docs\r\n"}
,{"stream_name":"stdout","time":43.449275742,"data":"\rrequests/mmlu_college_computer_science-r(…):   0%|  | 0.00/61.3k [00:00\u003c?, ?B/s]\rrequests/mmlu_college_computer_science-r(…): 100%|█| 61.3k/61.3k [00:00\u003c00:00, 2\rrequests/mmlu_college_computer_science-r(…): 100%|█| 61.3k/61.3k [00:00\u003c00:00, 2\r\n"}
,{"stream_name":"stdout","time":43.449308593,"data":"[task] mmlu_college_computer_science: 100 docs\r\n"}
,{"stream_name":"stdout","time":43.803102587,"data":"\rrequests/mmlu_college_mathematics-reques(…):   0%|  | 0.00/39.7k [00:00\u003c?, ?B/s]\rrequests/mmlu_college_mathematics-reques(…): 100%|█| 39.7k/39.7k [00:00\u003c00:00, 1\rrequests/mmlu_college_mathematics-reques(…): 100%|█| 39.7k/39.7k [00:00\u003c00:00, 1\r\n"}
,{"stream_name":"stdout","time":43.803132693,"data":"[task] mmlu_college_mathematics: 100 docs\r\n"}
,{"stream_name":"stdout","time":44.107393794,"data":"\rrequests/mmlu_college_medicine-requests.(…):   0%|   | 0.00/109k [00:00\u003c?, ?B/s]\rrequests/mmlu_college_medicine-requests.(…): 100%|█| 109k/109k [00:00\u003c00:00, 516\rrequests/mmlu_college_medicine-requests.(…): 100%|█| 109k/109k [00:00\u003c00:00, 515\r\n"}
,{"stream_name":"stdout","time":44.157985479,"data":"[task] mmlu_college_medicine: 173 docs\r\n"}
,{"stream_name":"stdout","time":44.664737586,"data":"\rrequests/mmlu_college_physics-requests.j(…):   0%|  | 0.00/45.4k [00:00\u003c?, ?B/s]\rrequests/mmlu_college_physics-requests.j(…):   0%|  | 0.00/45.4k [00:00\u003c?, ?B/s]\rrequests/mmlu_college_physics-requests.j(…): 100%|█| 45.4k/45.4k [00:00\u003c00:00, 2\rrequests/mmlu_college_physics-requests.j(…): 100%|█| 45.4k/45.4k [00:00\u003c00:00, 1\r\n"}
,{"stream_name":"stdout","time":44.715031717,"data":"[task] mmlu_college_physics: 102 docs\r\n"}
,{"stream_name":"stdout","time":45.019497053,"data":"\rrequests/mmlu_computer_security-requests(…):   0%|  | 0.00/41.6k [00:00\u003c?, ?B/s]\rrequests/mmlu_computer_security-requests(…): 100%|█| 41.6k/41.6k [00:00\u003c00:00, 1\rrequests/mmlu_computer_security-requests(…): 100%|█| 41.6k/41.6k [00:00\u003c00:00, 1\r\n"}
,{"stream_name":"stdout","time":45.069887736,"data":"[task] mmlu_computer_security: 100 docs\r\n"}
,{"stream_name":"stdout","time":45.575837763,"data":"\rrequests/mmlu_conceptual_physics-request(…):   0%|  | 0.00/70.3k [00:00\u003c?, ?B/s]\rrequests/mmlu_conceptual_physics-request(…):   0%|  | 0.00/70.3k [00:00\u003c?, ?B/s]\rrequests/mmlu_conceptual_physics-request(…): 100%|█| 70.3k/70.3k [00:00\u003c00:00, 3\rrequests/mmlu_conceptual_physics-request(…): 100%|█| 70.3k/70.3k [00:00\u003c00:00, 1\r\n"}
,{"stream_name":"stdout","time":45.625899678,"data":"[task] mmlu_conceptual_physics: 235 docs\r\n"}
,{"stream_name":"stdout","time":45.981377717,"data":"\rrequests/mmlu_econometrics-requests.json(…):   0%|  | 0.00/56.2k [00:00\u003c?, ?B/s]\rrequests/mmlu_econometrics-requests.json(…): 100%|█| 56.2k/56.2k [00:00\u003c00:00, 2\rrequests/mmlu_econometrics-requests.json(…): 100%|█| 56.2k/56.2k [00:00\u003c00:00, 2\r\n"}
,{"stream_name":"stdout","time":45.981411985,"data":"[task] mmlu_econometrics: 114 docs\r\n"}
,{"stream_name":"stdout","time":46.28501781,"data":"\rrequests/mmlu_electrical_engineering-req(…):   0%|  | 0.00/44.1k [00:00\u003c?, ?B/s]\rrequests/mmlu_electrical_engineering-req(…): 100%|█| 44.1k/44.1k [00:00\u003c00:00, 2\rrequests/mmlu_electrical_engineering-req(…): 100%|█| 44.1k/44.1k [00:00\u003c00:00, 2\r\n"}
,{"stream_name":"stdout","time":46.335678465,"data":"[task] mmlu_electrical_engineering: 145 docs\r\n"}
,{"stream_name":"stdout","time":46.690850971,"data":"\rrequests/mmlu_elementary_mathematics-req(…):   0%|   | 0.00/120k [00:00\u003c?, ?B/s]\rrequests/mmlu_elementary_mathematics-req(…): 100%|█| 120k/120k [00:00\u003c00:00, 564\rrequests/mmlu_elementary_mathematics-req(…): 100%|█| 120k/120k [00:00\u003c00:00, 562\r\n"}
,{"stream_name":"stdout","time":46.690887609,"data":"[task] mmlu_elementary_mathematics: 378 docs\r\n"}
,{"stream_name":"stdout","time":47.045138893,"data":"\rrequests/mmlu_formal_logic-requests.json(…):   0%|  | 0.00/52.4k [00:00\u003c?, ?B/s]\rrequests/mmlu_formal_logic-requests.json(…): 100%|█| 52.4k/52.4k [00:00\u003c00:00, 2\rrequests/mmlu_formal_logic-requests.json(…): 100%|█| 52.4k/52.4k [00:00\u003c00:00, 2\r\n"}
,{"stream_name":"stdout","time":47.045168763,"data":"[task] mmlu_formal_logic: 126 docs\r\n"}
,{"stream_name":"stdout","time":47.399313083,"data":"\rrequests/mmlu_global_facts-requests.json(…):   0%|  | 0.00/30.1k [00:00\u003c?, ?B/s]\rrequests/mmlu_global_facts-requests.json(…): 100%|█| 30.1k/30.1k [00:00\u003c00:00, 1\rrequests/mmlu_global_facts-requests.json(…): 100%|█| 30.1k/30.1k [00:00\u003c00:00, 1\r\n"}
,{"stream_name":"stdout","time":47.399341082,"data":"[task] mmlu_global_facts: 100 docs\r\n"}
,{"stream_name":"stdout","time":47.754106941,"data":"\rrequests/mmlu_high_school_biology-reques(…):   0%|   | 0.00/149k [00:00\u003c?, ?B/s]\rrequests/mmlu_high_school_biology-reques(…): 100%|█| 149k/149k [00:00\u003c00:00, 707\rrequests/mmlu_high_school_biology-reques(…): 100%|█| 149k/149k [00:00\u003c00:00, 705\r\n"}
,{"stream_name":"stdout","time":47.804371274,"data":"[task] mmlu_high_school_biology: 310 docs\r\n"}
,{"stream_name":"stdout","time":48.108357726,"data":"\rrequests/mmlu_high_school_chemistry-requ(…):   0%|  | 0.00/83.7k [00:00\u003c?, ?B/s]\rrequests/mmlu_high_school_chemistry-requ(…): 100%|█| 83.7k/83.7k [00:00\u003c00:00, 3\rrequests/mmlu_high_school_chemistry-requ(…): 100%|█| 83.7k/83.7k [00:00\u003c00:00, 3\r\n"}
,{"stream_name":"stdout","time":48.158654236,"data":"[task] mmlu_high_school_chemistry: 203 docs\r\n"}
,{"stream_name":"stdout","time":48.514374047,"data":"\rrequests/mmlu_high_school_computer_scien(…):   0%|  | 0.00/58.9k [00:00\u003c?, ?B/s]\rrequests/mmlu_high_school_computer_scien(…): 100%|█| 58.9k/58.9k [00:00\u003c00:00, 2\rrequests/mmlu_high_school_computer_scien(…): 100%|█| 58.9k/58.9k [00:00\u003c00:00, 2\r\n"}
,{"stream_name":"stdout","time":48.514405949,"data":"[task] mmlu_high_school_computer_science: 100 docs\r\n"}
,{"stream_name":"stdout","time":48.819027533,"data":"\rrequests/mmlu_high_school_european_histo(…):   0%|   | 0.00/341k [00:00\u003c?, ?B/s]\rrequests/mmlu_high_school_european_histo(…): 100%|█| 341k/341k [00:00\u003c00:00, 1.6\rrequests/mmlu_high_school_european_histo(…): 100%|█| 341k/341k [00:00\u003c00:00, 1.6\r\n"}
,{"stream_name":"stdout","time":48.920482335,"data":"[task] mmlu_high_school_european_history: 165 docs\r\n"}
,{"stream_name":"stdout","time":49.274776606,"data":"\rrequests/mmlu_high_school_geography-requ(…):   0%|  | 0.00/69.5k [00:00\u003c?, ?B/s]\rrequests/mmlu_high_school_geography-requ(…): 100%|█| 69.5k/69.5k [00:00\u003c00:00, 3\rrequests/mmlu_high_school_geography-requ(…): 100%|█| 69.5k/69.5k [00:00\u003c00:00, 3\r\n"}
,{"stream_name":"stdout","time":49.326043043,"data":"[task] mmlu_high_school_geography: 198 docs\r\n"}
,{"stream_name":"stdout","time":49.630067368,"data":"\rrequests/mmlu_high_school_government_and(…):   0%|  | 0.00/90.0k [00:00\u003c?, ?B/s]\rrequests/mmlu_high_school_government_and(…): 100%|█| 90.0k/90.0k [00:00\u003c00:00, 4\rrequests/mmlu_high_school_government_and(…): 100%|█| 90.0k/90.0k [00:00\u003c00:00, 4\r\n"}
,{"stream_name":"stdout","time":49.681905708,"data":"[task] mmlu_high_school_government_and_politics: 193 docs\r\n"}
,{"stream_name":"stdout","time":49.986994206,"data":"\rrequests/mmlu_high_school_macroeconomics(…):   0%|   | 0.00/148k [00:00\u003c?, ?B/s]\rrequests/mmlu_high_school_macroeconomics(…): 100%|█| 148k/148k [00:00\u003c00:00, 700\rrequests/mmlu_high_school_macroeconomics(…): 100%|█| 148k/148k [00:00\u003c00:00, 698\r\n"}
,{"stream_name":"stdout","time":50.037159899,"data":"[task] mmlu_high_school_macroeconomics: 390 docs\r\n"}
,{"stream_name":"stdout","time":50.799064805,"data":"\rrequests/mmlu_high_school_mathematics-re(…):   0%|  | 0.00/96.8k [00:00\u003c?, ?B/s]\rrequests/mmlu_high_school_mathematics-re(…):   0%|  | 0.00/96.8k [00:00\u003c?, ?B/s]\rrequests/mmlu_high_school_mathematics-re(…):   0%|  | 0.00/96.8k [00:00\u003c?, ?B/s]\rrequests/mmlu_high_school_mathematics-re(…): 100%|█| 96.8k/96.8k [00:00\u003c00:00, 4\rrequests/mmlu_high_school_mathematics-re(…): 100%|█| 96.8k/96.8k [00:00\u003c00:00, 1\r\n"}
,{"stream_name":"stdout","time":50.799097528,"data":"[task] mmlu_high_school_mathematics: 270 docs\r\n"}
,{"stream_name":"stdout","time":51.1526858,"data":"\rrequests/mmlu_high_school_microeconomics(…):   0%|  | 0.00/92.9k [00:00\u003c?, ?B/s]\rrequests/mmlu_high_school_microeconomics(…): 100%|█| 92.9k/92.9k [00:00\u003c00:00, 4\rrequests/mmlu_high_school_microeconomics(…): 100%|█| 92.9k/92.9k [00:00\u003c00:00, 4\r\n"}
,{"stream_name":"stdout","time":51.15271621,"data":"[task] mmlu_high_school_microeconomics: 238 docs\r\n"}
,{"stream_name":"stdout","time":51.506677076,"data":"\rrequests/mmlu_high_school_physics-reques(…):   0%|  | 0.00/75.1k [00:00\u003c?, ?B/s]\rrequests/mmlu_high_school_physics-reques(…): 100%|█| 75.1k/75.1k [00:00\u003c00:00, 3\rrequests/mmlu_high_school_physics-reques(…): 100%|█| 75.1k/75.1k [00:00\u003c00:00, 3\r\n"}
,{"stream_name":"stdout","time":51.557115667,"data":"[task] mmlu_high_school_physics: 151 docs\r\n"}
,{"stream_name":"stdout","time":51.860310878,"data":"\rrequests/mmlu_high_school_psychology-req(…):   0%|   | 0.00/243k [00:00\u003c?, ?B/s]\rrequests/mmlu_high_school_psychology-req(…): 100%|█| 243k/243k [00:00\u003c00:00, 1.1\rrequests/mmlu_high_school_psychology-req(…): 100%|█| 243k/243k [00:00\u003c00:00, 1.1\r\n"}
,{"stream_name":"stdout","time":51.961388712,"data":"[task] mmlu_high_school_psychology: 545 docs\r\n"}
,{"stream_name":"stdout","time":52.26471103,"data":"\rrequests/mmlu_high_school_statistics-req(…):   0%|   | 0.00/133k [00:00\u003c?, ?B/s]\rrequests/mmlu_high_school_statistics-req(…): 100%|█| 133k/133k [00:00\u003c00:00, 627\rrequests/mmlu_high_school_statistics-req(…): 100%|█| 133k/133k [00:00\u003c00:00, 625\r\n"}
,{"stream_name":"stdout","time":52.315282695,"data":"[task] mmlu_high_school_statistics: 216 docs\r\n"}
,{"stream_name":"stdout","time":52.670005153,"data":"\rrequests/mmlu_high_school_us_history-req(…):   0%|   | 0.00/376k [00:00\u003c?, ?B/s]\rrequests/mmlu_high_school_us_history-req(…): 100%|█| 376k/376k [00:00\u003c00:00, 1.7\rrequests/mmlu_high_school_us_history-req(…): 100%|█| 376k/376k [00:00\u003c00:00, 1.7\r\n"}
,{"stream_name":"stdout","time":52.771416792,"data":"[task] mmlu_high_school_us_history: 204 docs\r\n"}
,{"stream_name":"stdout","time":53.074456978,"data":"\rrequests/mmlu_high_school_world_history-(…):   0%|   | 0.00/447k [00:00\u003c?, ?B/s]\rrequests/mmlu_high_school_world_history-(…): 100%|█| 447k/447k [00:00\u003c00:00, 2.1\rrequests/mmlu_high_school_world_history-(…): 100%|█| 447k/447k [00:00\u003c00:00, 2.1\r\n"}
,{"stream_name":"stdout","time":53.175671191,"data":"[task] mmlu_high_school_world_history: 237 docs\r\n"}
,{"stream_name":"stdout","time":53.529196528,"data":"\rrequests/mmlu_human_aging-requests.jsonl(…):   0%|  | 0.00/77.3k [00:00\u003c?, ?B/s]\rrequests/mmlu_human_aging-requests.jsonl(…): 100%|█| 77.3k/77.3k [00:00\u003c00:00, 3\rrequests/mmlu_human_aging-requests.jsonl(…): 100%|█| 77.3k/77.3k [00:00\u003c00:00, 3\r\n"}
,{"stream_name":"stdout","time":53.5292308,"data":"[task] mmlu_human_aging: 223 docs\r\n"}
,{"stream_name":"stdout","time":53.883310511,"data":"\rrequests/mmlu_human_sexuality-requests.j(…):   0%|  | 0.00/49.8k [00:00\u003c?, ?B/s]\rrequests/mmlu_human_sexuality-requests.j(…): 100%|█| 49.8k/49.8k [00:00\u003c00:00, 2\rrequests/mmlu_human_sexuality-requests.j(…): 100%|█| 49.8k/49.8k [00:00\u003c00:00, 2\r\n"}
,{"stream_name":"stdout","time":53.883339562,"data":"[task] mmlu_human_sexuality: 131 docs\r\n"}
,{"stream_name":"stdout","time":54.237064859,"data":"\rrequests/mmlu_international_law-requests(…):   0%|  | 0.00/60.3k [00:00\u003c?, ?B/s]\rrequests/mmlu_international_law-requests(…): 100%|█| 60.3k/60.3k [00:00\u003c00:00, 2\rrequests/mmlu_international_law-requests(…): 100%|█| 60.3k/60.3k [00:00\u003c00:00, 2\r\n"}
,{"stream_name":"stdout","time":54.237090656,"data":"[task] mmlu_international_law: 121 docs\r\n"}
,{"stream_name":"stdout","time":54.541263881,"data":"\rrequests/mmlu_jurisprudence-requests.jso(…):   0%|  | 0.00/47.9k [00:00\u003c?, ?B/s]\rrequests/mmlu_jurisprudence-requests.jso(…): 100%|█| 47.9k/47.9k [00:00\u003c00:00, 2\rrequests/mmlu_jurisprudence-requests.jso(…): 100%|█| 47.9k/47.9k [00:00\u003c00:00, 2\r\n"}
,{"stream_name":"stdout","time":54.591549503,"data":"[task] mmlu_jurisprudence: 108 docs\r\n"}
,{"stream_name":"stdout","time":54.89489853,"data":"\rrequests/mmlu_logical_fallacies-requests(…):   0%|  | 0.00/66.1k [00:00\u003c?, ?B/s]\rrequests/mmlu_logical_fallacies-requests(…): 100%|█| 66.1k/66.1k [00:00\u003c00:00, 3\rrequests/mmlu_logical_fallacies-requests(…): 100%|█| 66.1k/66.1k [00:00\u003c00:00, 3\r\n"}
,{"stream_name":"stdout","time":54.945437373,"data":"[task] mmlu_logical_fallacies: 163 docs\r\n"}
,{"stream_name":"stdout","time":55.248985857,"data":"\rrequests/mmlu_machine_learning-requests.(…):   0%|  | 0.00/48.4k [00:00\u003c?, ?B/s]\rrequests/mmlu_machine_learning-requests.(…): 100%|█| 48.4k/48.4k [00:00\u003c00:00, 2\rrequests/mmlu_machine_learning-requests.(…): 100%|█| 48.4k/48.4k [00:00\u003c00:00, 2\r\n"}
,{"stream_name":"stdout","time":55.299596191,"data":"[task] mmlu_machine_learning: 112 docs\r\n"}
,{"stream_name":"stdout","time":55.653547501,"data":"\rrequests/mmlu_management-requests.jsonl.(…):   0%|  | 0.00/32.2k [00:00\u003c?, ?B/s]\rrequests/mmlu_management-requests.jsonl.(…): 100%|█| 32.2k/32.2k [00:00\u003c00:00, 1\rrequests/mmlu_management-requests.jsonl.(…): 100%|█| 32.2k/32.2k [00:00\u003c00:00, 1\r\n"}
,{"stream_name":"stdout","time":55.653584394,"data":"[task] mmlu_management: 103 docs\r\n"}
,{"stream_name":"stdout","time":55.957701834,"data":"\rrequests/mmlu_marketing-requests.jsonl.g(…):   0%|  | 0.00/94.1k [00:00\u003c?, ?B/s]\rrequests/mmlu_marketing-requests.jsonl.g(…): 100%|█| 94.1k/94.1k [00:00\u003c00:00, 4\rrequests/mmlu_marketing-requests.jsonl.g(…): 100%|█| 94.1k/94.1k [00:00\u003c00:00, 4\r\n"}
,{"stream_name":"stdout","time":56.008436442,"data":"[task] mmlu_marketing: 234 docs\r\n"}
,{"stream_name":"stdout","time":56.363789002,"data":"\rrequests/mmlu_medical_genetics-requests.(…):   0%|  | 0.00/33.8k [00:00\u003c?, ?B/s]\rrequests/mmlu_medical_genetics-requests.(…): 100%|█| 33.8k/33.8k [00:00\u003c00:00, 1\rrequests/mmlu_medical_genetics-requests.(…): 100%|█| 33.8k/33.8k [00:00\u003c00:00, 1\r\n"}
,{"stream_name":"stdout","time":56.363814708,"data":"[task] mmlu_medical_genetics: 100 docs\r\n"}
,{"stream_name":"stdout","time":56.667850459,"data":"\rrequests/mmlu_miscellaneous-requests.jso(…):   0%|   | 0.00/257k [00:00\u003c?, ?B/s]\rrequests/mmlu_miscellaneous-requests.jso(…): 100%|█| 257k/257k [00:00\u003c00:00, 1.2\rrequests/mmlu_miscellaneous-requests.jso(…): 100%|█| 257k/257k [00:00\u003c00:00, 1.2\r\n"}
,{"stream_name":"stdout","time":56.768489774,"data":"[task] mmlu_miscellaneous: 783 docs\r\n"}
,{"stream_name":"stdout","time":57.122279134,"data":"\rrequests/mmlu_moral_disputes-requests.js(…):   0%|   | 0.00/149k [00:00\u003c?, ?B/s]\rrequests/mmlu_moral_disputes-requests.js(…): 100%|█| 149k/149k [00:00\u003c00:00, 701\rrequests/mmlu_moral_disputes-requests.js(…): 100%|█| 149k/149k [00:00\u003c00:00, 700\r\n"}
,{"stream_name":"stdout","time":57.172619222,"data":"[task] mmlu_moral_disputes: 346 docs\r\n"}
,{"stream_name":"stdout","time":57.476661105,"data":"\rrequests/mmlu_moral_scenarios-requests.j(…):   0%|   | 0.00/310k [00:00\u003c?, ?B/s]\rrequests/mmlu_moral_scenarios-requests.j(…): 100%|█| 310k/310k [00:00\u003c00:00, 1.4\rrequests/mmlu_moral_scenarios-requests.j(…): 100%|█| 310k/310k [00:00\u003c00:00, 1.4\r\n"}
,{"stream_name":"stdout","time":57.628722989,"data":"[task] mmlu_moral_scenarios: 895 docs\r\n"}
,{"stream_name":"stdout","time":57.932868288,"data":"\rrequests/mmlu_nutrition-requests.jsonl.g(…):   0%|   | 0.00/132k [00:00\u003c?, ?B/s]\rrequests/mmlu_nutrition-requests.jsonl.g(…): 100%|█| 132k/132k [00:00\u003c00:00, 622\rrequests/mmlu_nutrition-requests.jsonl.g(…): 100%|█| 132k/132k [00:00\u003c00:00, 621\r\n"}
,{"stream_name":"stdout","time":57.983328314,"data":"[task] mmlu_nutrition: 306 docs\r\n"}
,{"stream_name":"stdout","time":58.337703372,"data":"\rrequests/mmlu_philosophy-requests.jsonl.(…):   0%|   | 0.00/117k [00:00\u003c?, ?B/s]\rrequests/mmlu_philosophy-requests.jsonl.(…): 100%|█| 117k/117k [00:00\u003c00:00, 554\rrequests/mmlu_philosophy-requests.jsonl.(…): 100%|█| 117k/117k [00:00\u003c00:00, 553\r\n"}
,{"stream_name":"stdout","time":58.337733189,"data":"[task] mmlu_philosophy: 311 docs\r\n"}
,{"stream_name":"stdout","time":58.692091034,"data":"\rrequests/mmlu_prehistory-requests.jsonl.(…):   0%|   | 0.00/133k [00:00\u003c?, ?B/s]\rrequests/mmlu_prehistory-requests.jsonl.(…): 100%|█| 133k/133k [00:00\u003c00:00, 630\rrequests/mmlu_prehistory-requests.jsonl.(…): 100%|█| 133k/133k [00:00\u003c00:00, 629\r\n"}
,{"stream_name":"stdout","time":58.742617403,"data":"[task] mmlu_prehistory: 324 docs\r\n"}
,{"stream_name":"stdout","time":59.046092969,"data":"\rrequests/mmlu_professional_accounting-re(…):   0%|   | 0.00/167k [00:00\u003c?, ?B/s]\rrequests/mmlu_professional_accounting-re(…): 100%|█| 167k/167k [00:00\u003c00:00, 788\rrequests/mmlu_professional_accounting-re(…): 100%|█| 167k/167k [00:00\u003c00:00, 786\r\n"}
,{"stream_name":"stdout","time":59.096625493,"data":"[task] mmlu_professional_accounting: 282 docs\r\n"}
,{"stream_name":"stdout","time":59.501398734,"data":"\rrequests/mmlu_professional_law-requests.(…):   0%|  | 0.00/2.16M [00:00\u003c?, ?B/s]\rrequests/mmlu_professional_law-requests.(…): 100%|█| 2.16M/2.16M [00:00\u003c00:00, 1\rrequests/mmlu_professional_law-requests.(…): 100%|█| 2.16M/2.16M [00:00\u003c00:00, 1\r\n"}
,{"stream_name":"stdout","time":59.905744828,"data":"[task] mmlu_professional_law: 1534 docs\r\n"}
,{"stream_name":"stdout","time":60.259274575,"data":"\rrequests/mmlu_professional_medicine-requ(…):   0%|   | 0.00/276k [00:00\u003c?, ?B/s]\rrequests/mmlu_professional_medicine-requ(…): 100%|█| 276k/276k [00:00\u003c00:00, 1.3\rrequests/mmlu_professional_medicine-requ(…): 100%|█| 276k/276k [00:00\u003c00:00, 1.3\r\n"}
,{"stream_name":"stdout","time":60.309829226,"data":"[task] mmlu_professional_medicine: 272 docs\r\n"}
,{"stream_name":"stdout","time":60.66449667,"data":"\rrequests/mmlu_professional_psychology-re(…):   0%|   | 0.00/316k [00:00\u003c?, ?B/s]\rrequests/mmlu_professional_psychology-re(…): 100%|█| 316k/316k [00:00\u003c00:00, 1.4\rrequests/mmlu_professional_psychology-re(…): 100%|█| 316k/316k [00:00\u003c00:00, 1.4\r\n"}
,{"stream_name":"stdout","time":60.714997884,"data":"[task] mmlu_professional_psychology: 612 docs\r\n"}
,{"stream_name":"stdout","time":61.069915329,"data":"\rrequests/mmlu_public_relations-requests.(…):   0%|  | 0.00/44.6k [00:00\u003c?, ?B/s]\rrequests/mmlu_public_relations-requests.(…): 100%|█| 44.6k/44.6k [00:00\u003c00:00, 2\rrequests/mmlu_public_relations-requests.(…): 100%|█| 44.6k/44.6k [00:00\u003c00:00, 2\r\n"}
,{"stream_name":"stdout","time":61.069956746,"data":"[task] mmlu_public_relations: 110 docs\r\n"}
,{"stream_name":"stdout","time":61.424465561,"data":"\rrequests/mmlu_security_studies-requests.(…):   0%|   | 0.00/220k [00:00\u003c?, ?B/s]\rrequests/mmlu_security_studies-requests.(…): 100%|█| 220k/220k [00:00\u003c00:00, 1.0\rrequests/mmlu_security_studies-requests.(…): 100%|█| 220k/220k [00:00\u003c00:00, 1.0\r\n"}
,{"stream_name":"stdout","time":61.474927566,"data":"[task] mmlu_security_studies: 245 docs\r\n"}
,{"stream_name":"stdout","time":61.830872516,"data":"\rrequests/mmlu_sociology-requests.jsonl.g(…):   0%|  | 0.00/94.2k [00:00\u003c?, ?B/s]\rrequests/mmlu_sociology-requests.jsonl.g(…): 100%|█| 94.2k/94.2k [00:00\u003c00:00, 4\rrequests/mmlu_sociology-requests.jsonl.g(…): 100%|█| 94.2k/94.2k [00:00\u003c00:00, 4\r\n"}
,{"stream_name":"stdout","time":61.830902285,"data":"[task] mmlu_sociology: 201 docs\r\n"}
,{"stream_name":"stdout","time":62.184859822,"data":"\rrequests/mmlu_us_foreign_policy-requests(…):   0%|  | 0.00/40.5k [00:00\u003c?, ?B/s]\rrequests/mmlu_us_foreign_policy-requests(…): 100%|█| 40.5k/40.5k [00:00\u003c00:00, 1\rrequests/mmlu_us_foreign_policy-requests(…): 100%|█| 40.5k/40.5k [00:00\u003c00:00, 1\r\n"}
,{"stream_name":"stdout","time":62.184910175,"data":"[task] mmlu_us_foreign_policy: 100 docs\r\n"}
,{"stream_name":"stdout","time":62.53987513,"data":"\rrequests/mmlu_virology-requests.jsonl.gz:   0%|     | 0.00/61.6k [00:00\u003c?, ?B/s]\rrequests/mmlu_virology-requests.jsonl.gz: 100%|█| 61.6k/61.6k [00:00\u003c00:00, 291k\rrequests/mmlu_virology-requests.jsonl.gz: 100%|█| 61.6k/61.6k [00:00\u003c00:00, 291k\r\n"}
,{"stream_name":"stdout","time":62.590650109,"data":"[task] mmlu_virology: 166 docs\r\n"}
,{"stream_name":"stdout","time":62.894644936,"data":"\rrequests/mmlu_world_religions-requests.j(…):   0%|  | 0.00/47.3k [00:00\u003c?, ?B/s]\rrequests/mmlu_world_religions-requests.j(…): 100%|█| 47.3k/47.3k [00:00\u003c00:00, 2\rrequests/mmlu_world_religions-requests.j(…): 100%|█| 47.3k/47.3k [00:00\u003c00:00, 2\r\n"}
,{"stream_name":"stdout","time":62.894694616,"data":"[task] mmlu_world_religions: 171 docs\r\n"}
,{"stream_name":"stdout","time":63.249547607,"data":"\rrequests/openbookqa-requests.jsonl.gz:   0%|         | 0.00/133k [00:00\u003c?, ?B/s]\rrequests/openbookqa-requests.jsonl.gz: 100%|██| 133k/133k [00:00\u003c00:00, 626kB/s]\rrequests/openbookqa-requests.jsonl.gz: 100%|██| 133k/133k [00:00\u003c00:00, 625kB/s]\r\n"}
,{"stream_name":"stdout","time":63.301544201,"data":"[task] openbookqa: 500 docs\r\n"}
,{"stream_name":"stdout","time":63.657008677,"data":"\rrequests/piqa-requests.jsonl.gz:   0%|               | 0.00/529k [00:00\u003c?, ?B/s]\rrequests/piqa-requests.jsonl.gz: 100%|███████| 529k/529k [00:00\u003c00:00, 2.50MB/s]\rrequests/piqa-requests.jsonl.gz: 100%|███████| 529k/529k [00:00\u003c00:00, 2.50MB/s]\r\n"}
,{"stream_name":"stdout","time":63.75841998,"data":"[task] piqa: 1838 docs\r\n"}
,{"stream_name":"stdout","time":64.062996788,"data":"\rrequests/socialiqa-requests.jsonl.gz:   0%|          | 0.00/618k [00:00\u003c?, ?B/s]\rrequests/socialiqa-requests.jsonl.gz: 100%|██| 618k/618k [00:00\u003c00:00, 2.91MB/s]\rrequests/socialiqa-requests.jsonl.gz: 100%|██| 618k/618k [00:00\u003c00:00, 2.90MB/s]\r\n"}
,{"stream_name":"stdout","time":64.214803907,"data":"[task] socialiqa: 1954 docs\r\n"}
,{"stream_name":"stdout","time":64.570142681,"data":"\rrequests/winogrande-requests.jsonl.gz:   0%|         | 0.00/115k [00:00\u003c?, ?B/s]\rrequests/winogrande-requests.jsonl.gz: 100%|██| 115k/115k [00:00\u003c00:00, 545kB/s]\rrequests/winogrande-requests.jsonl.gz: 100%|██| 115k/115k [00:00\u003c00:00, 544kB/s]\r\n"}
,{"stream_name":"stdout","time":64.570173697,"data":"[task] winogrande: 1267 docs\r\n"}
,{"stream_name":"stdout","time":68.1614846,"data":"{\r\n"}
,{"stream_name":"stdout","time":68.161519776,"data":" \"items\": 37682,\r\n"}
,{"stream_name":"stdout","time":68.161524535,"data":" \"per_trait\": {\r\n"}
,{"stream_name":"stdout","time":68.161527811,"data":"  \"arc_challenge\": 1172,\r\n"}
,{"stream_name":"stdout","time":68.161531,"data":"  \"arc_easy\": 2376,\r\n"}
,{"stream_name":"stdout","time":68.161534521,"data":"  \"boolq\": 3270,\r\n"}
,{"stream_name":"stdout","time":68.161558906,"data":"  \"csqa\": 1221,\r\n"}
,{"stream_name":"stdout","time":68.161564663,"data":"  \"hellaswag\": 10042,\r\n"}
,{"stream_name":"stdout","time":68.161569876,"data":"  \"mmlu\": 14042,\r\n"}
,{"stream_name":"stdout","time":68.161575313,"data":"  \"openbookqa\": 500,\r\n"}
,{"stream_name":"stdout","time":68.161579967,"data":"  \"piqa\": 1838,\r\n"}
,{"stream_name":"stdout","time":68.161584353,"data":"  \"socialiqa\": 1954,\r\n"}
,{"stream_name":"stdout","time":68.161588643,"data":"  \"winogrande\": 1267\r\n"}
,{"stream_name":"stdout","time":68.16159296,"data":" },\r\n"}
,{"stream_name":"stdout","time":68.161597282,"data":" \"sha256\": \"3130d19f88c2cb5dd040ff203200a9a3464e29b873635c1cd7768704b19fbcaf\"\r\n"}
,{"stream_name":"stdout","time":68.161602315,"data":"}\r\n"}
,{"stream_name":"stdout","time":71.204920016,"data":"\u001b[?25l   \u001b[90m━━━━━━━━━━━━━━━━━━━━━━━━━━━━━━━━━━━━━━━━\u001b[0m \u001b[32m0.0/20.5 MB\u001b[0m \u001b[31m?\u001b[0m eta \u001b[36m-:--:--\u001b[0m\r\u001b[2K   \u001b[90m━━━━━━━━━━━━━━━━━━━━━━━━━━━━━━━━━━━━━━━━\u001b[0m \u001b[32m0.0/20.5 MB\u001b[0m \u001b[31m2.3 MB/s\u001b[0m eta \u001b[36m0:00:09\u001b[0m\r\u001b[2K   \u001b[90m━━━━━━━━━━━━━━━━━━━━━━━━━━━━━━━━━━━━━━━━\u001b[0m \u001b[32m0.1/20.5 MB\u001b[0m \u001b[31m1.5 MB/s\u001b[0m eta \u001b[36m0:00:14\u001b[0m\r\u001b[2K   \u001b[90m━━━━━━━━━━━━━━━━━━━━━━━━━━━━━━━━━━━━━━━━\u001b[0m \u001b[32m0.2/20.5 MB\u001b[0m \u001b[31m1.8 MB/s\u001b[0m eta \u001b[36m0:00:12\u001b[0m\r\u001b[2K   \u001b[91m╸\u001b[0m\u001b[90m━━━━━━━━━━━━━━━━━━━━━━━━━━━━━━━━━━━━━━━\u001b[0m \u001b[32m0.3/20.5 MB\u001b[0m \u001b[31m2.3 MB/s\u001b[0m eta \u001b[36m0:00:09\u001b[0m\r\u001b[2K   \u001b[91m━\u001b[0m\u001b[90m╺\u001b[0m\u001b[90m━━━━━━━━━━━━━━━━━━━━━━━━━━━━━━━━━━━━━━\u001b[0m \u001b[32m0.6/20.5 MB\u001b[0m \u001b[31m3.8 MB/s\u001b[0m eta \u001b[36m0:00:06\u001b[0m\r\u001b[2K   \u001b[91m━━\u001b[0m\u001b[90m╺\u001b[0m\u001b[90m━━━━━━━━━━━━━━━━━━━━━━━━━━━━━━━━━━━━━\u001b[0m \u001b[32m1.2/20.5 MB\u001b[0m \u001b[31m6.0 MB/s\u001b[0m eta \u001b[36m0:00:04\u001b[0m\r\u001b[2K   \u001b[91m━━━\u001b[0m\u001b[91m╸\u001b[0m\u001b[90m━━━━━━━━━━━━━━━━━━━━━━━━━━━━━━━━━━━━\u001b[0m \u001b[32m1.9/20.5 MB\u001b[0m \u001b[31m8.2 MB/s\u001b[0m eta \u001b[36m0:00:03\u001b[0m\r\u001b[2K   \u001b[91m━━━━━━\u001b[0m\u001b[90m╺\u001b[0m\u001b[90m━━━━━━━━━━━━━━━━━━━━━━━━━━━━━━━━━\u001b[0m \u001b[32m3.1/20.5 MB\u001b[0m \u001b[31m11.3 MB/s\u001b[0m eta \u001b[36m0:00:02\u001b[0m\r\u001b[2K   \u001b[91m━━━━━━━━━━\u001b[0m\u001b[91m╸\u001b[0m\u001b[90m━━━━━━━━━━━━━━━━━━━━━━━━━━━━━\u001b[0m \u001b[32m5.4/20.5 MB\u001b[0m \u001b[31m18.0 MB/s\u001b[0m eta \u001b[36m0:00:01\u001b[0m\r\u001b[2K   \u001b[91m━━━━━━━━━━━━━━━━━━\u001b[0m\u001b[90m╺\u001b[0m\u001b[90m━━━━━━━━━━━━━━━━━━━━━\u001b[0m \u001b[32m9.4/20.5 MB\u001b[0m \u001b[31m27.4 MB/s\u001b[0m eta \u001b[36m0:00:01\u001b[0m\r\u001b[2K   \u001b[91m━━━━━━━━━━━━━━━━━━━━━━━\u001b[0m\u001b[91m╸\u001b[0m\u001b[90m━━━━━━━━━━━━━━━━\u001b[0m \u001b[32m12.2/20.5 MB\u001b[0m \u001b[31m73.7 MB/s\u001b[0m eta \u001b[36m0:00:01\u001b[0m\r\u001b[2K   \u001b[91m━━━━━━━━━━━━━━━━━━━━━━━━━━━━\u001b[0m\u001b[91m╸\u001b[0m\u001b[90m━━━━━━━━━━━\u001b[0m \u001b[32m14.6/20.5 MB\u001b[0m \u001b[31m82.7 MB/s\u001b[0m eta \u001b[36m0:00:01\u001b[0m\r\u001b[2K   \u001b[91m━━━━━━━━━━━━━━━━━━━━━━━━━━━━━━━━━━\u001b[0m\u001b[91m╸\u001b[0m\u001b[90m━━━━━\u001b[0m \u001b[32m17.7/20.5 MB\u001b[0m \u001b[31m85.2 MB/s\u001b[0m eta \u001b[36m0:00:01\u001b[0m\r\u001b[2K   \u001b[91m━━━━━━━━━━━━━━━━━━━━━━━━━━━━━━━━━━━━━━━\u001b[0m\u001b[91m╸\u001b[0m \u001b[32m20.4/20.5 MB\u001b[0m \u001b[31m93.8 MB/s\u001b[0m eta \u001b[36m0:00:01\u001b[0m\r\u001b[2K   \u001b[91m━━━━━━━━━━━━━━━━━━━━━━━━━━━━━━━━━━━━━━━\u001b[0m\u001b[91m╸\u001b[0m \u001b[32m20.4/20.5 MB\u001b[0m \u001b[31m93.8 MB/s\u001b[0m eta \u001b[36m0:00:01\u001b[0m\r\u001b[2K   \u001b[91m━━━━━━━━━━━━━━━━━━━━━━━━━━━━━━━━━━━━━━━\u001b[0m\u001b[91m╸\u001b[0m \u001b[32m20.4/20.5 MB\u001b[0m \u001b[31m93.8 MB/s\u001b[0m eta \u001b[36m0:00:01\u001b[0m\r\u001b[2K   \u001b[90m━━━━━━━━━━━━━━━━━━━━━━━━━━━━━━━━━━━━━━━━\u001b[0m \u001b[32m20.5/20.5 MB\u001b[0m \u001b[31m50.6 MB/s\u001b[0m eta \u001b[36m0:00:00\u001b[0m\r\n"}
,{"stream_name":"stdout","time":73.797299639,"data":"\u001b[?25h\u001b[1m\u001b[33mwarning\u001b[39m\u001b[0m\u001b[1m:\u001b[0m \u001b[1mThe `--system` flag has no effect, `uv venv` always ignores virtual environments when finding a Python interpreter; did you mean `--no-managed-python`?\u001b[0m\r\n"}
,{"stream_name":"stdout","time":73.889988496,"data":"Using CPython 3.12.13 interpreter at: \u001b[36m/usr/bin/python3\u001b[39m\r\n"}
,{"stream_name":"stdout","time":73.890018171,"data":"Creating virtual environment at: \u001b[36mtmp/olmes/olmes-env\u001b[39m\r\n"}
,{"stream_name":"stdout","time":73.890025204,"data":"Activate with: \u001b[32msource tmp/olmes/olmes-env/bin/activate\u001b[39m\r\n"}
,{"stream_name":"stdout","time":164.412804967,"data":"/tmp/SNAP/compute2/tmp/olmes/olmes-env/lib/python3.12/site-packages/oe_eval/configs/tasks.py:1348: SyntaxWarning: invalid escape sequence '\\$'\r\n"}
,{"stream_name":"stdout","time":164.412838121,"data":"  \"answer_format_regex\": \"(?i)Answer[ \\t]*:[ \\t]*\\$?([A-D])\\$?\",\r\n"}
,{"stream_name":"stdout","time":164.412844402,"data":"/tmp/SNAP/compute2/tmp/olmes/olmes-env/lib/python3.12/site-packages/oe_eval/configs/tasks.py:3570: SyntaxWarning: invalid escape sequence '\\s'\r\n"}
,{"stream_name":"stdout","time":164.412850209,"data":"  \"[\\s\\S]*?\\\\\\\\boxed\\\\{(.*?)\\\\}[\\s\\S]*?\",\r\n"}
,{"stream_name":"stdout","time":164.412855373,"data":"/tmp/SNAP/compute2/tmp/olmes/olmes-env/lib/python3.12/site-packages/oe_eval/configs/tasks.py:3571: SyntaxWarning: invalid escape sequence '\\.'\r\n"}
,{"stream_name":"stdout","time":164.41286017,"data":"  \"(.*)\\.?\",\r\n"}
,{"stream_name":"stdout","time":164.412864648,"data":"/tmp/SNAP/compute2/tmp/olmes/olmes-env/lib/python3.12/site-packages/oe_eval/configs/tasks.py:3616: SyntaxWarning: invalid escape sequence '\\s'\r\n"}
,{"stream_name":"stdout","time":164.412871235,"data":"  \"[\\s\\S]*?\\\\\\\\boxed\\\\{(.*?)\\\\}[\\s\\S]*?\",\r\n"}
,{"stream_name":"stdout","time":164.412879777,"data":"/tmp/SNAP/compute2/tmp/olmes/olmes-env/lib/python3.12/site-packages/oe_eval/configs/tasks.py:3617: SyntaxWarning: invalid escape sequence '\\.'\r\n"}
,{"stream_name":"stdout","time":164.412883649,"data":"  \"(.*)\\.?\",\r\n"}
,{"stream_name":"stdout","time":164.412886652,"data":"/tmp/SNAP/compute2/tmp/olmes/olmes-env/lib/python3.12/site-packages/oe_eval/configs/tasks.py:3662: SyntaxWarning: invalid escape sequence '\\s'\r\n"}
,{"stream_name":"stdout","time":164.41288999,"data":"  \"[\\s\\S]*?\\\\\\\\boxed\\\\{(.*?)\\\\}[\\s\\S]*?\",\r\n"}
,{"stream_name":"stdout","time":164.412893572,"data":"/tmp/SNAP/compute2/tmp/olmes/olmes-env/lib/python3.12/site-packages/oe_eval/configs/tasks.py:3663: SyntaxWarning: invalid escape sequence '\\.'\r\n"}
,{"stream_name":"stdout","time":164.412896664,"data":"  \"(.*)\\.?\",\r\n"}
,{"stream_name":"stdout","time":164.412899652,"data":"/tmp/SNAP/compute2/tmp/olmes/olmes-env/lib/python3.12/site-packages/oe_eval/configs/tasks.py:4496: SyntaxWarning: invalid escape sequence '\\s'\r\n"}
,{"stream_name":"stdout","time":164.412902834,"data":"  \"[\\s\\S]*?\\\\\\\\boxed\\\\{(.*?)\\\\}[\\s\\S]*?\",\r\n"}
,{"stream_name":"stdout","time":164.412905933,"data":"/tmp/SNAP/compute2/tmp/olmes/olmes-env/lib/python3.12/site-packages/oe_eval/configs/tasks.py:4497: SyntaxWarning: invalid escape sequence '\\.'\r\n"}
,{"stream_name":"stdout","time":164.412909023,"data":"  \"(.*)\\.?\",\r\n"}
,{"stream_name":"stdout","time":164.412912003,"data":"/tmp/SNAP/compute2/tmp/olmes/olmes-env/lib/python3.12/site-packages/oe_eval/configs/tasks.py:4537: SyntaxWarning: invalid escape sequence '\\s'\r\n"}
,{"stream_name":"stdout","time":164.412915125,"data":"  \"[\\s\\S]*?\\\\\\\\boxed\\\\{(.*?)\\\\}[\\s\\S]*?\",\r\n"}
,{"stream_name":"stdout","time":164.412924869,"data":"/tmp/SNAP/compute2/tmp/olmes/olmes-env/lib/python3.12/site-packages/oe_eval/configs/tasks.py:4538: SyntaxWarning: invalid escape sequence '\\.'\r\n"}
,{"stream_name":"stdout","time":164.41292763,"data":"  \"(.*)\\.?\",\r\n"}
,{"stream_name":"stdout","time":164.412931315,"data":"/tmp/SNAP/compute2/tmp/olmes/olmes-env/lib/python3.12/site-packages/oe_eval/configs/tasks.py:4584: SyntaxWarning: invalid escape sequence '\\s'\r\n"}
,{"stream_name":"stdout","time":164.412934068,"data":"  \"[\\s\\S]*?\\\\\\\\boxed\\\\{(.*?)\\\\}[\\s\\S]*?\",\r\n"}
,{"stream_name":"stdout","time":164.41293704,"data":"/tmp/SNAP/compute2/tmp/olmes/olmes-env/lib/python3.12/site-packages/oe_eval/configs/tasks.py:4585: SyntaxWarning: invalid escape sequence '\\.'\r\n"}
,{"stream_name":"stdout","time":164.412976584,"data":"  \"(.*)\\.?\",\r\n"}
,{"stream_name":"stdout","time":164.412981317,"data":"/tmp/SNAP/compute2/tmp/olmes/olmes-env/lib/python3.12/site-packages/oe_eval/configs/tasks.py:5814: SyntaxWarning: invalid escape sequence '\\s'\r\n"}
,{"stream_name":"stdout","time":164.412985584,"data":"  \"[\\s\\S]*?\\\\\\\\boxed\\\\{(.*?)\\\\}[\\s\\S]*?\",\r\n"}
,{"stream_name":"stdout","time":164.412989327,"data":"/tmp/SNAP/compute2/tmp/olmes/olmes-env/lib/python3.12/site-packages/oe_eval/configs/tasks.py:5816: SyntaxWarning: invalid escape sequence '\\.'\r\n"}
,{"stream_name":"stdout","time":164.412993041,"data":"  \"(.*)\\.?\",\r\n"}
,{"stream_name":"stdout","time":164.412996389,"data":"/tmp/SNAP/compute2/tmp/olmes/olmes-env/lib/python3.12/site-packages/oe_eval/configs/tasks.py:5863: SyntaxWarning: invalid escape sequence '\\s'\r\n"}
,{"stream_name":"stdout","time":164.413000037,"data":"  \"[\\s\\S]*?\\\\\\\\boxed\\\\{(.*?)\\\\}[\\s\\S]*?\",\r\n"}
,{"stream_name":"stdout","time":164.413003654,"data":"/tmp/SNAP/compute2/tmp/olmes/olmes-env/lib/python3.12/site-packages/oe_eval/configs/tasks.py:5865: SyntaxWarning: invalid escape sequence '\\.'\r\n"}
,{"stream_name":"stdout","time":164.413007459,"data":"  \"(.*)\\.?\",\r\n"}
,{"stream_name":"stdout","time":164.413010754,"data":"/tmp/SNAP/compute2/tmp/olmes/olmes-env/lib/python3.12/site-packages/oe_eval/configs/tasks.py:5912: SyntaxWarning: invalid escape sequence '\\s'\r\n"}
,{"stream_name":"stdout","time":164.413014533,"data":"  \"[\\s\\S]*?\\\\\\\\boxed\\\\{(.*?)\\\\}[\\s\\S]*?\",\r\n"}
,{"stream_name":"stdout","time":164.413018201,"data":"/tmp/SNAP/compute2/tmp/olmes/olmes-env/lib/python3.12/site-packages/oe_eval/configs/tasks.py:5914: SyntaxWarning: invalid escape sequence '\\.'\r\n"}
,{"stream_name":"stdout","time":164.413021973,"data":"  \"(.*)\\.?\",\r\n"}
,{"stream_name":"stdout","time":164.413025314,"data":"/tmp/SNAP/compute2/tmp/olmes/olmes-env/lib/python3.12/site-packages/oe_eval/configs/tasks.py:5958: SyntaxWarning: invalid escape sequence '\\s'\r\n"}
,{"stream_name":"stdout","time":164.41302905,"data":"  \"[\\s\\S]*?\\\\\\\\boxed\\\\{(.*?)\\\\}[\\s\\S]*?\",\r\n"}
,{"stream_name":"stdout","time":164.413032697,"data":"/tmp/SNAP/compute2/tmp/olmes/olmes-env/lib/python3.12/site-packages/oe_eval/configs/tasks.py:5960: SyntaxWarning: invalid escape sequence '\\.'\r\n"}
,{"stream_name":"stdout","time":164.413036588,"data":"  \"(.*)\\.?\",\r\n"}
,{"stream_name":"stdout","time":164.413041531,"data":"/tmp/SNAP/compute2/tmp/olmes/olmes-env/lib/python3.12/site-packages/oe_eval/configs/tasks.py:6005: SyntaxWarning: invalid escape sequence '\\s'\r\n"}
,{"stream_name":"stdout","time":164.413048557,"data":"  \"[\\s\\S]*?\\\\\\\\boxed\\\\{(.*?)\\\\}[\\s\\S]*?\",\r\n"}
,{"stream_name":"stdout","time":164.41305097,"data":"/tmp/SNAP/compute2/tmp/olmes/olmes-env/lib/python3.12/site-packages/oe_eval/configs/tasks.py:6007: SyntaxWarning: invalid escape sequence '\\.'\r\n"}
,{"stream_name":"stdout","time":164.413057133,"data":"  \"(.*)\\.?\",\r\n"}
,{"stream_name":"stdout","time":164.413060199,"data":"/tmp/SNAP/compute2/tmp/olmes/olmes-env/lib/python3.12/site-packages/oe_eval/configs/tasks.py:6058: SyntaxWarning: invalid escape sequence '\\s'\r\n"}
,{"stream_name":"stdout","time":164.413062884,"data":"  \"[\\s\\S]*?\\\\\\\\boxed\\\\{(.*?)\\\\}[\\s\\S]*?\",\r\n"}
,{"stream_name":"stdout","time":164.413065254,"data":"/tmp/SNAP/compute2/tmp/olmes/olmes-env/lib/python3.12/site-packages/oe_eval/configs/tasks.py:6060: SyntaxWarning: invalid escape sequence '\\.'\r\n"}
,{"stream_name":"stdout","time":164.413067633,"data":"  \"(.*)\\.?\",\r\n"}
,{"stream_name":"stdout","time":180.721966408,"data":"Skipping import of cpp extensions due to incompatible torch version 2.8.0+cu128 for torchao version 0.15.0             Please see https://github.com/pytorch/ao/issues/2919 for more info\r\n"}
,{"stream_name":"stdout","time":181.83650177,"data":"/tmp/SNAP/compute2/tmp/olmes/olmes-env/lib/python3.12/site-packages/torchao/quantization/quant_api.py:2525: SyntaxWarning: invalid escape sequence '\\.'\r\n"}
,{"stream_name":"stdout","time":181.836529145,"data":"  * regex for parameter names, must start with `re:`, e.g. `re:language\\.layers\\..+\\.q_proj.weight`.\r\n"}
,{"stream_name":"stdout","time":186.242565933,"data":"/tmp/SNAP/compute2/tmp/olmes/olmes-env/lib/python3.12/site-packages/lm_eval/filters/extraction.py:98: SyntaxWarning: invalid escape sequence '\\s'\r\n"}
,{"stream_name":"stdout","time":186.242620751,"data":"  - step 2 : We parse the choice with regex :[\\s]*([A-?]), where ? varies by number of choices.\r\n"}
,{"stream_name":"stdout","time":186.242627255,"data":"/tmp/SNAP/compute2/tmp/olmes/olmes-env/lib/python3.12/site-packages/lm_eval/filters/extraction.py:168: SyntaxWarning: invalid escape sequence '\\s'\r\n"}
,{"stream_name":"stdout","time":186.242633164,"data":"  f\":[\\s]*({without_paren_fallback_regex})\"\r\n"}
,{"stream_name":"stdout","time":186.242638069,"data":"/tmp/SNAP/compute2/tmp/olmes/olmes-env/lib/python3.12/site-packages/lm_eval/tasks/hendrycks_math/utils.py:199: SyntaxWarning: invalid escape sequence '\\%'\r\n"}
,{"stream_name":"stdout","time":186.242643166,"data":"  string = string.replace(\"\\%\", \"\")  # noqa: W605\r\n"}
,{"stream_name":"stdout","time":186.650610643,"data":"/tmp/SNAP/compute2/tmp/olmes/olmes-env/lib/python3.12/site-packages/alpaca_eval/utils.py:20: UserWarning: pkg_resources is deprecated as an API. See https://setuptools.pypa.io/en/latest/pkg_resources.html. The pkg_resources package is slated for removal as early as 2025-11-30. Refrain from using this package or pin to Setuptools\u003c81.\r\n"}
,{"stream_name":"stdout","time":186.650640127,"data":"  import pkg_resources\r\n"}
,{"stream_name":"stdout","time":195.736667913,"data":"2026-09-24:03:58:07,168 INFO     [rouge_scorer.py:83] Using default tokenizer.\r\n"}
,{"stream_name":"stdout","time":198.968990757,"data":"\rREADME.md: 0.00B [00:00, ?B/s]\rREADME.md: 9.00kB [00:00, 32.3MB/s]\r\n"}
,{"stream_name":"stdout","time":200.38573626,"data":"\rARC-Challenge/train-00000-of-00001.parqu(…):   0%|  | 0.00/190k [00:00\u003c?, ?B/s]\rARC-Challenge/train-00000-of-00001.parqu(…): 100%|█| 190k/190k [00:00\u003c00:00, 57\rARC-Challenge/train-00000-of-00001.parqu(…): 100%|█| 190k/190k [00:00\u003c00:00, 57\r\n"}
,{"stream_name":"stdout","time":200.588299314,"data":"\rARC-Challenge/test-00000-of-00001.parque(…):   0%|  | 0.00/204k [00:00\u003c?, ?B/s]\rARC-Challenge/test-00000-of-00001.parque(…): 100%|█| 204k/204k [00:00\u003c00:00, 1.\rARC-Challenge/test-00000-of-00001.parque(…): 100%|█| 204k/204k [00:00\u003c00:00, 1.\r\n"}
,{"stream_name":"stdout","time":200.841826698,"data":"\rARC-Challenge/validation-00000-of-00001.(…):   0%| | 0.00/55.7k [00:00\u003c?, ?B/s]\rARC-Challenge/validation-00000-of-00001.(…): 100%|█| 55.7k/55.7k [00:00\u003c00:00, \rARC-Challenge/validation-00000-of-00001.(…): 100%|█| 55.7k/55.7k [00:00\u003c00:00, \r\n"}
,{"stream_name":"stdout","time":200.893063209,"data":"\rGenerating train split:   0%|                  | 0/1119 [00:00\u003c?, ? examples/s]\rGenerating train split: 100%|███| 1119/1119 [00:00\u003c00:00, 108270.69 examples/s]\r\n"}
,{"stream_name":"stdout","time":200.893091752,"data":"\rGenerating test split:   0%|                   | 0/1172 [00:00\u003c?, ? examples/s]\rGenerating test split: 100%|████| 1172/1172 [00:00\u003c00:00, 186788.93 examples/s]\r\n"}
,{"stream_name":"stdout","time":200.893103693,"data":"\rGenerating validation split:   0%|              | 0/299 [00:00\u003c?, ? examples/s]\rGenerating validation split: 100%|█| 299/299 [00:00\u003c00:00, 94179.70 examples/s]\r\n"}
,{"stream_name":"stdout","time":200.893107409,"data":"2026-09-24:03:58:12,310 INFO     [datasets_wrapper.py:500] Non-HF cache (for datasets) case: NonHfCacheCase.NOT_USED_BC_CACHE_UNAVAILABLE\r\n"}
,{"stream_name":"stdout","time":200.994050367,"data":"[task] arc_challenge:rc::olmes split=train shots=5: 1119 docs\r\n"}
,{"stream_name":"stdout","time":201.852857543,"data":"\rARC-Easy/train-00000-of-00001.parquet:   0%|        | 0.00/331k [00:00\u003c?, ?B/s]\rARC-Easy/train-00000-of-00001.parquet: 100%|█| 331k/331k [00:00\u003c00:00, 2.51MB/s\rARC-Easy/train-00000-of-00001.parquet: 100%|█| 331k/331k [00:00\u003c00:00, 2.50MB/s\r\n"}
,{"stream_name":"stdout","time":202.106583695,"data":"\rARC-Easy/test-00000-of-00001.parquet:   0%|         | 0.00/346k [00:00\u003c?, ?B/s]\rARC-Easy/test-00000-of-00001.parquet: 100%|█| 346k/346k [00:00\u003c00:00, 2.33MB/s]\rARC-Easy/test-00000-of-00001.parquet: 100%|█| 346k/346k [00:00\u003c00:00, 2.32MB/s]\r\n"}
,{"stream_name":"stdout","time":202.411580894,"data":"\rARC-Easy/validation-00000-of-00001.parqu(…):   0%| | 0.00/86.1k [00:00\u003c?, ?B/s]\rARC-Easy/validation-00000-of-00001.parqu(…): 100%|█| 86.1k/86.1k [00:00\u003c00:00, \rARC-Easy/validation-00000-of-00001.parqu(…): 100%|█| 86.1k/86.1k [00:00\u003c00:00, \r\n"}
,{"stream_name":"stdout","time":202.461926348,"data":"\rGenerating train split:   0%|                  | 0/2251 [00:00\u003c?, ? examples/s]\rGenerating train split: 100%|███| 2251/2251 [00:00\u003c00:00, 273457.06 examples/s]\r\n"}
,{"stream_name":"stdout","time":202.461976011,"data":"\rGenerating test split:   0%|                   | 0/2376 [00:00\u003c?, ? examples/s]\rGenerating test split: 100%|████| 2376/2376 [00:00\u003c00:00, 345765.95 examples/s]\r\n"}
,{"stream_name":"stdout","time":202.461983456,"data":"\rGenerating validation split:   0%|              | 0/570 [00:00\u003c?, ? examples/s]\rGenerating validation split: 100%|█| 570/570 [00:00\u003c00:00, 197844.53 examples/s\r\n"}
,{"stream_name":"stdout","time":202.46198916,"data":"2026-09-24:03:58:13,887 INFO     [datasets_wrapper.py:500] Non-HF cache (for datasets) case: NonHfCacheCase.NOT_USED_BC_CACHE_UNAVAILABLE\r\n"}
,{"stream_name":"stdout","time":203.12097481,"data":"[task] arc_easy:rc::olmes split=train shots=5: 2251 docs\r\n"}
,{"stream_name":"stdout","time":203.222572479,"data":"\rREADME.md: 0.00B [00:00, ?B/s]\rREADME.md: 19.7kB [00:00, 48.9MB/s]\r\n"}
,{"stream_name":"stdout","time":204.233355786,"data":"\rboolq/train-00000-of-00001.parquet:   0%|          | 0.00/3.85M [00:00\u003c?, ?B/s]\rboolq/train-00000-of-00001.parquet: 100%|█| 3.85M/3.85M [00:00\u003c00:00, 17.3MB/s]\rboolq/train-00000-of-00001.parquet: 100%|█| 3.85M/3.85M [00:00\u003c00:00, 17.3MB/s]\r\n"}
,{"stream_name":"stdout","time":204.588612188,"data":"\rboolq/validation-00000-of-00001.parquet:   0%|     | 0.00/1.31M [00:00\u003c?, ?B/s]\rboolq/validation-00000-of-00001.parquet: 100%|█| 1.31M/1.31M [00:00\u003c00:00, 6.67\rboolq/validation-00000-of-00001.parquet: 100%|█| 1.31M/1.31M [00:00\u003c00:00, 6.65\r\n"}
,{"stream_name":"stdout","time":204.944646268,"data":"\rboolq/test-00000-of-00001.parquet:   0%|           | 0.00/1.31M [00:00\u003c?, ?B/s]\rboolq/test-00000-of-00001.parquet:  38%|█▏ | 497k/1.31M [00:00\u003c00:00, 1.91MB/s]\rboolq/test-00000-of-00001.parquet: 100%|██| 1.31M/1.31M [00:00\u003c00:00, 4.90MB/s]\r\n"}
,{"stream_name":"stdout","time":204.99584039,"data":"\rGenerating train split:   0%|                  | 0/9427 [00:00\u003c?, ? examples/s]\rGenerating train split: 100%|███| 9427/9427 [00:00\u003c00:00, 263983.44 examples/s]\r\n"}
,{"stream_name":"stdout","time":204.995872216,"data":"\rGenerating validation split:   0%|             | 0/3270 [00:00\u003c?, ? examples/s]\rGenerating validation split: 100%|█| 3270/3270 [00:00\u003c00:00, 258312.76 examples\r\n"}
,{"stream_name":"stdout","time":205.046091354,"data":"\rGenerating test split:   0%|                   | 0/3245 [00:00\u003c?, ? examples/s]\rGenerating test split: 100%|████| 3245/3245 [00:00\u003c00:00, 264837.26 examples/s]\r\n"}
,{"stream_name":"stdout","time":205.046122968,"data":"2026-09-24:03:58:16,456 INFO     [datasets_wrapper.py:500] Non-HF cache (for datasets) case: NonHfCacheCase.NOT_USED_BC_CACHE_UNAVAILABLE\r\n"}
,{"stream_name":"stdout","time":206.265971405,"data":"[task] boolq:rc::olmes split=train shots=5: 9427 docs\r\n"}
,{"stream_name":"stdout","time":206.367411468,"data":"\rREADME.md: 0.00B [00:00, ?B/s]\rREADME.md: 7.39kB [00:00, 25.5MB/s]\r\n"}
,{"stream_name":"stdout","time":207.280870481,"data":"\rdata/train-00000-of-00001.parquet:   0%|           | 0.00/1.25M [00:00\u003c?, ?B/s]\rdata/train-00000-of-00001.parquet: 100%|██| 1.25M/1.25M [00:00\u003c00:00, 8.53MB/s]\rdata/train-00000-of-00001.parquet: 100%|██| 1.25M/1.25M [00:00\u003c00:00, 8.49MB/s]\r\n"}
,{"stream_name":"stdout","time":207.534885544,"data":"\rdata/validation-00000-of-00001.parquet:   0%|       | 0.00/160k [00:00\u003c?, ?B/s]\rdata/validation-00000-of-00001.parquet: 100%|█| 160k/160k [00:00\u003c00:00, 1.19MB/\rdata/validation-00000-of-00001.parquet: 100%|█| 160k/160k [00:00\u003c00:00, 1.19MB/\r\n"}
,{"stream_name":"stdout","time":207.789493299,"data":"\rdata/test-00000-of-00001.parquet:   0%|             | 0.00/151k [00:00\u003c?, ?B/s]\rdata/test-00000-of-00001.parquet: 100%|█████| 151k/151k [00:00\u003c00:00, 1.19MB/s]\rdata/test-00000-of-00001.parquet: 100%|█████| 151k/151k [00:00\u003c00:00, 1.19MB/s]\r\n"}
,{"stream_name":"stdout","time":207.789524327,"data":"\rGenerating train split:   0%|                  | 0/9741 [00:00\u003c?, ? examples/s]\rGenerating train split: 100%|███| 9741/9741 [00:00\u003c00:00, 526639.79 examples/s]\r\n"}
,{"stream_name":"stdout","time":207.840263648,"data":"\rGenerating validation split:   0%|             | 0/1221 [00:00\u003c?, ? examples/s]\rGenerating validation split: 100%|█| 1221/1221 [00:00\u003c00:00, 230479.08 examples\r\n"}
,{"stream_name":"stdout","time":207.840294867,"data":"\rGenerating test split:   0%|                   | 0/1140 [00:00\u003c?, ? examples/s]\rGenerating test split: 100%|████| 1140/1140 [00:00\u003c00:00, 247323.57 examples/s]\r\n"}
,{"stream_name":"stdout","time":207.840300126,"data":"2026-09-24:03:58:19,251 INFO     [datasets_wrapper.py:500] Non-HF cache (for datasets) case: NonHfCacheCase.NOT_USED_BC_CACHE_UNAVAILABLE\r\n"}
,{"stream_name":"stdout","time":209.207871032,"data":"[task] csqa:rc::olmes split=train shots=5: 9741 docs\r\n"}
,{"stream_name":"stdout","time":209.308971739,"data":"\rREADME.md:   0%|                                     | 0.00/823 [00:00\u003c?, ?B/s]\rREADME.md: 100%|██████████████████████████████| 823/823 [00:00\u003c00:00, 7.06MB/s]\r\n"}
,{"stream_name":"stdout","time":210.574791087,"data":"\rdata/train-00000-of-00001.parquet:   0%|           | 0.00/24.3M [00:00\u003c?, ?B/s]\rdata/train-00000-of-00001.parquet: 100%|██| 24.3M/24.3M [00:00\u003c00:00, 49.7MB/s]\rdata/train-00000-of-00001.parquet: 100%|██| 24.3M/24.3M [00:00\u003c00:00, 49.7MB/s]\r\n"}
,{"stream_name":"stdout","time":211.030572592,"data":"\rdata/test-00000-of-00001.parquet:   0%|            | 0.00/6.09M [00:00\u003c?, ?B/s]\rdata/test-00000-of-00001.parquet: 100%|███| 6.09M/6.09M [00:00\u003c00:00, 18.4MB/s]\rdata/test-00000-of-00001.parquet: 100%|███| 6.09M/6.09M [00:00\u003c00:00, 18.4MB/s]\r\n"}
,{"stream_name":"stdout","time":211.384802589,"data":"\rdata/validation-00000-of-00001.parquet:   0%|      | 0.00/6.29M [00:00\u003c?, ?B/s]\rdata/validation-00000-of-00001.parquet: 100%|█| 6.29M/6.29M [00:00\u003c00:00, 24.6M\rdata/validation-00000-of-00001.parquet: 100%|█| 6.29M/6.29M [00:00\u003c00:00, 24.6M\r\n"}
,{"stream_name":"stdout","time":211.54096265,"data":"\rGenerating train split:   0%|                 | 0/39905 [00:00\u003c?, ? examples/s]\rGenerating train split:  73%|▋| 29000/39905 [00:00\u003c00:00, 284505.92 examples/s]\rGenerating train split: 100%|█| 39905/39905 [00:00\u003c00:00, 283354.30 examples/s]\r\n"}
,{"stream_name":"stdout","time":211.591541098,"data":"\rGenerating test split:   0%|                  | 0/10003 [00:00\u003c?, ? examples/s]\rGenerating test split: 100%|██| 10003/10003 [00:00\u003c00:00, 276635.34 examples/s]\r\n"}
,{"stream_name":"stdout","time":211.591573635,"data":"\rGenerating validation split:   0%|            | 0/10042 [00:00\u003c?, ? examples/s]\rGenerating validation split: 100%|█| 10042/10042 [00:00\u003c00:00, 279473.69 exampl\r\n"}
,{"stream_name":"stdout","time":211.641984379,"data":"2026-09-24:03:58:23,046 INFO     [datasets_wrapper.py:500] Non-HF cache (for datasets) case: NonHfCacheCase.NOT_USED_BC_CACHE_UNAVAILABLE\r\n"}
,{"stream_name":"stdout","time":228.078809777,"data":"[task] hellaswag:rc::olmes split=train shots=5: 39905 docs\r\n"}
,{"stream_name":"stdout","time":228.213195854,"data":"\rREADME.md: 0.00B [00:00, ?B/s]\rREADME.md: 53.2kB [00:00, 79.2MB/s]\r\n"}
,{"stream_name":"stdout","time":229.174533141,"data":"\rdataset_infos.json: 0.00B [00:00, ?B/s]\rdataset_infos.json: 138kB [00:00, 199MB/s]\r\n"}
,{"stream_name":"stdout","time":229.427417992,"data":"\rabstract_algebra/test-00000-of-00001.par(…):   0%| | 0.00/9.96k [00:00\u003c?, ?B/s]\rabstract_algebra/test-00000-of-00001.par(…): 100%|█| 9.96k/9.96k [00:00\u003c00:00, \rabstract_algebra/test-00000-of-00001.par(…): 100%|█| 9.96k/9.96k [00:00\u003c00:00, \r\n"}
,{"stream_name":"stdout","time":229.63012984,"data":"\rabstract_algebra/validation-00000-of-000(…):   0%| | 0.00/3.73k [00:00\u003c?, ?B/s]\rabstract_algebra/validation-00000-of-000(…): 100%|█| 3.73k/3.73k [00:00\u003c00:00, \rabstract_algebra/validation-00000-of-000(…): 100%|█| 3.73k/3.73k [00:00\u003c00:00, \r\n"}
,{"stream_name":"stdout","time":229.833997401,"data":"\rabstract_algebra/dev-00000-of-00001.parq(…):   0%| | 0.00/3.45k [00:00\u003c?, ?B/s]\rabstract_algebra/dev-00000-of-00001.parq(…): 100%|█| 3.45k/3.45k [00:00\u003c00:00, \r\n"}
,{"stream_name":"stdout","time":229.884699332,"data":"\rGenerating test split:   0%|                    | 0/100 [00:00\u003c?, ? examples/s]\rGenerating test split: 100%|███████| 100/100 [00:00\u003c00:00, 33319.86 examples/s]\r\n"}
,{"stream_name":"stdout","time":229.88473221,"data":"\rGenerating validation split:   0%|               | 0/11 [00:00\u003c?, ? examples/s]\rGenerating validation split: 100%|████| 11/11 [00:00\u003c00:00, 4549.14 examples/s]\r\n"}
,{"stream_name":"stdout","time":229.884738348,"data":"\rGenerating dev split:   0%|                       | 0/5 [00:00\u003c?, ? examples/s]\rGenerating dev split: 100%|█████████████| 5/5 [00:00\u003c00:00, 1497.75 examples/s]\r\n"}
,{"stream_name":"stdout","time":229.884757142,"data":"2026-09-24:03:58:41,297 INFO     [datasets_wrapper.py:500] Non-HF cache (for datasets) case: NonHfCacheCase.NOT_USED_BC_CACHE_UNAVAILABLE\r\n"}
,{"stream_name":"stdout","time":229.884761124,"data":"\rMap:   0%|                                       | 0/11 [00:00\u003c?, ? examples/s]\rMap: 100%|████████████████████████████| 11/11 [00:00\u003c00:00, 1667.05 examples/s]\r\n"}
,{"stream_name":"stdout","time":229.935459253,"data":"[task] mmlu_abstract_algebra:rc::olmes split=validation shots=5: 11 docs\r\n"}
,{"stream_name":"stdout","time":230.69577401,"data":"\ranatomy/test-00000-of-00001.parquet:   0%|         | 0.00/20.1k [00:00\u003c?, ?B/s]\ranatomy/test-00000-of-00001.parquet: 100%|█| 20.1k/20.1k [00:00\u003c00:00, 183kB/s]\ranatomy/test-00000-of-00001.parquet: 100%|█| 20.1k/20.1k [00:00\u003c00:00, 182kB/s]\r\n"}
,{"stream_name":"stdout","time":230.949642597,"data":"\ranatomy/validation-00000-of-00001.parque(…):   0%| | 0.00/5.28k [00:00\u003c?, ?B/s]\ranatomy/validation-00000-of-00001.parque(…): 100%|█| 5.28k/5.28k [00:00\u003c00:00, \r\n"}
,{"stream_name":"stdout","time":231.254589116,"data":"\ranatomy/dev-00000-of-00001.parquet:   0%|          | 0.00/3.50k [00:00\u003c?, ?B/s]\ranatomy/dev-00000-of-00001.parquet: 100%|█| 3.50k/3.50k [00:00\u003c00:00, 20.4kB/s]\ranatomy/dev-00000-of-00001.parquet: 100%|█| 3.50k/3.50k [00:00\u003c00:00, 20.3kB/s]\r\n"}
,{"stream_name":"stdout","time":231.254623424,"data":"\rGenerating test split:   0%|                    | 0/135 [00:00\u003c?, ? examples/s]\rGenerating test split: 100%|███████| 135/135 [00:00\u003c00:00, 46955.06 examples/s]\r\n"}
,{"stream_name":"stdout","time":231.254627948,"data":"\rGenerating validation split:   0%|               | 0/14 [00:00\u003c?, ? examples/s]\rGenerating validation split: 100%|████| 14/14 [00:00\u003c00:00, 6074.93 examples/s]\r\n"}
,{"stream_name":"stdout","time":231.254631166,"data":"\rGenerating dev split:   0%|                       | 0/5 [00:00\u003c?, ? examples/s]\rGenerating dev split: 100%|█████████████| 5/5 [00:00\u003c00:00, 2434.59 examples/s]\r\n"}
,{"stream_name":"stdout","time":231.254634184,"data":"2026-09-24:03:58:42,679 INFO     [datasets_wrapper.py:500] Non-HF cache (for datasets) case: NonHfCacheCase.NOT_USED_BC_CACHE_UNAVAILABLE\r\n"}
,{"stream_name":"stdout","time":231.254636973,"data":"\rMap:   0%|                                       | 0/14 [00:00\u003c?, ? examples/s]\rMap: 100%|████████████████████████████| 14/14 [00:00\u003c00:00, 2373.78 examples/s]\r\n"}
,{"stream_name":"stdout","time":231.25463993,"data":"[task] mmlu_anatomy:rc::olmes split=validation shots=5: 14 docs\r\n"}
,{"stream_name":"stdout","time":232.065286568,"data":"\rastronomy/test-00000-of-00001.parquet:   0%|       | 0.00/28.3k [00:00\u003c?, ?B/s]\rastronomy/test-00000-of-00001.parquet: 100%|█| 28.3k/28.3k [00:00\u003c00:00, 263kB/\rastronomy/test-00000-of-00001.parquet: 100%|█| 28.3k/28.3k [00:00\u003c00:00, 261kB/\r\n"}
,{"stream_name":"stdout","time":232.369120839,"data":"\rastronomy/validation-00000-of-00001.parq(…):   0%| | 0.00/6.05k [00:00\u003c?, ?B/s]\rastronomy/validation-00000-of-00001.parq(…): 100%|█| 6.05k/6.05k [00:00\u003c00:00, \rastronomy/validation-00000-of-00001.parq(…): 100%|█| 6.05k/6.05k [00:00\u003c00:00, \r\n"}
,{"stream_name":"stdout","time":232.572723983,"data":"\rastronomy/dev-00000-of-00001.parquet:   0%|        | 0.00/4.94k [00:00\u003c?, ?B/s]\rastronomy/dev-00000-of-00001.parquet: 100%|█| 4.94k/4.94k [00:00\u003c00:00, 53.1kB/\r\n"}
,{"stream_name":"stdout","time":232.572749974,"data":"\rGenerating test split:   0%|                    | 0/152 [00:00\u003c?, ? examples/s]\rGenerating test split: 100%|███████| 152/152 [00:00\u003c00:00, 51526.24 examples/s]\r\n"}
,{"stream_name":"stdout","time":232.572766765,"data":"\rGenerating validation split:   0%|               | 0/16 [00:00\u003c?, ? examples/s]\rGenerating validation split: 100%|████| 16/16 [00:00\u003c00:00, 7062.60 examples/s]\r\n"}
,{"stream_name":"stdout","time":232.572772323,"data":"\rGenerating dev split:   0%|                       | 0/5 [00:00\u003c?, ? examples/s]\rGenerating dev split: 100%|█████████████| 5/5 [00:00\u003c00:00, 2537.08 examples/s]\r\n"}
,{"stream_name":"stdout","time":232.572777016,"data":"2026-09-24:03:58:44,005 INFO     [datasets_wrapper.py:500] Non-HF cache (for datasets) case: NonHfCacheCase.NOT_USED_BC_CACHE_UNAVAILABLE\r\n"}
,{"stream_name":"stdout","time":232.623171708,"data":"\rMap:   0%|                                       | 0/16 [00:00\u003c?, ? examples/s]\rMap: 100%|████████████████████████████| 16/16 [00:00\u003c00:00, 2521.66 examples/s]\r\n"}
,{"stream_name":"stdout","time":232.623202702,"data":"[task] mmlu_astronomy:rc::olmes split=validation shots=5: 16 docs\r\n"}
,{"stream_name":"stdout","time":233.382886189,"data":"\rbusiness_ethics/test-00000-of-00001.parq(…):   0%| | 0.00/21.6k [00:00\u003c?, ?B/s]\rbusiness_ethics/test-00000-of-00001.parq(…): 100%|█| 21.6k/21.6k [00:00\u003c00:00, \r\n"}
,{"stream_name":"stdout","time":233.585390467,"data":"\rbusiness_ethics/validation-00000-of-0000(…):   0%| | 0.00/5.09k [00:00\u003c?, ?B/s]\rbusiness_ethics/validation-00000-of-0000(…): 100%|█| 5.09k/5.09k [00:00\u003c00:00, \r\n"}
,{"stream_name":"stdout","time":233.787881738,"data":"\rbusiness_ethics/dev-00000-of-00001.parqu(…):   0%| | 0.00/4.96k [00:00\u003c?, ?B/s]\rbusiness_ethics/dev-00000-of-00001.parqu(…): 100%|█| 4.96k/4.96k [00:00\u003c00:00, \r\n"}
,{"stream_name":"stdout","time":233.787908188,"data":"\rGenerating test split:   0%|                    | 0/100 [00:00\u003c?, ? examples/s]\rGenerating test split: 100%|███████| 100/100 [00:00\u003c00:00, 37262.83 examples/s]\r\n"}
,{"stream_name":"stdout","time":233.787919176,"data":"\rGenerating validation split:   0%|               | 0/11 [00:00\u003c?, ? examples/s]\rGenerating validation split: 100%|████| 11/11 [00:00\u003c00:00, 5796.15 examples/s]\r\n"}
,{"stream_name":"stdout","time":233.787923177,"data":"\rGenerating dev split:   0%|                       | 0/5 [00:00\u003c?, ? examples/s]\rGenerating dev split: 100%|█████████████| 5/5 [00:00\u003c00:00, 2639.25 examples/s]\r\n"}
,{"stream_name":"stdout","time":233.787926669,"data":"2026-09-24:03:58:45,206 INFO     [datasets_wrapper.py:500] Non-HF cache (for datasets) case: NonHfCacheCase.NOT_USED_BC_CACHE_UNAVAILABLE\r\n"}
,{"stream_name":"stdout","time":233.78793022,"data":"\rMap:   0%|                                       | 0/11 [00:00\u003c?, ? examples/s]\rMap: 100%|████████████████████████████| 11/11 [00:00\u003c00:00, 2278.72 examples/s]\r\n"}
,{"stream_name":"stdout","time":233.787933708,"data":"[task] mmlu_business_ethics:rc::olmes split=validation shots=5: 11 docs\r\n"}
,{"stream_name":"stdout","time":234.546035989,"data":"\rclinical_knowledge/test-00000-of-00001.p(…):   0%| | 0.00/40.5k [00:00\u003c?, ?B/s]\rclinical_knowledge/test-00000-of-00001.p(…): 100%|█| 40.5k/40.5k [00:00\u003c00:00, \r\n"}
,{"stream_name":"stdout","time":234.799500404,"data":"\rclinical_knowledge/validation-00000-of-0(…):   0%| | 0.00/7.48k [00:00\u003c?, ?B/s]\rclinical_knowledge/validation-00000-of-0(…): 100%|█| 7.48k/7.48k [00:00\u003c00:00, \rclinical_knowledge/validation-00000-of-0(…): 100%|█| 7.48k/7.48k [00:00\u003c00:00, \r\n"}
,{"stream_name":"stdout","time":235.052923153,"data":"\rclinical_knowledge/dev-00000-of-00001.pa(…):   0%| | 0.00/3.67k [00:00\u003c?, ?B/s]\rclinical_knowledge/dev-00000-of-00001.pa(…): 100%|█| 3.67k/3.67k [00:00\u003c00:00, \r\n"}
,{"stream_name":"stdout","time":235.052966945,"data":"\rGenerating test split:   0%|                    | 0/265 [00:00\u003c?, ? examples/s]\rGenerating test split: 100%|███████| 265/265 [00:00\u003c00:00, 98869.47 examples/s]\r\n"}
,{"stream_name":"stdout","time":235.052973093,"data":"\rGenerating validation split:   0%|               | 0/29 [00:00\u003c?, ? examples/s]\rGenerating validation split: 100%|███| 29/29 [00:00\u003c00:00, 13709.97 examples/s]\r\n"}
,{"stream_name":"stdout","time":235.052979127,"data":"\rGenerating dev split:   0%|                       | 0/5 [00:00\u003c?, ? examples/s]\rGenerating dev split: 100%|█████████████| 5/5 [00:00\u003c00:00, 2484.19 examples/s]\r\n"}
,{"stream_name":"stdout","time":235.052987208,"data":"2026-09-24:03:58:46,476 INFO     [datasets_wrapper.py:500] Non-HF cache (for datasets) case: NonHfCacheCase.NOT_USED_BC_CACHE_UNAVAILABLE\r\n"}
,{"stream_name":"stdout","time":235.052989883,"data":"\rMap:   0%|                                       | 0/29 [00:00\u003c?, ? examples/s]\rMap: 100%|████████████████████████████| 29/29 [00:00\u003c00:00, 4554.25 examples/s]\r\n"}
,{"stream_name":"stdout","time":235.052992918,"data":"[task] mmlu_clinical_knowledge:rc::olmes split=validation shots=5: 29 docs\r\n"}
,{"stream_name":"stdout","time":235.862596711,"data":"\rcollege_biology/test-00000-of-00001.parq(…):   0%| | 0.00/31.8k [00:00\u003c?, ?B/s]\rcollege_biology/test-00000-of-00001.parq(…): 100%|█| 31.8k/31.8k [00:00\u003c00:00, \rcollege_biology/test-00000-of-00001.parq(…): 100%|█| 31.8k/31.8k [00:00\u003c00:00, \r\n"}
,{"stream_name":"stdout","time":236.064762845,"data":"\rcollege_biology/validation-00000-of-0000(…):   0%| | 0.00/6.90k [00:00\u003c?, ?B/s]\rcollege_biology/validation-00000-of-0000(…): 100%|█| 6.90k/6.90k [00:00\u003c00:00, \r\n"}
,{"stream_name":"stdout","time":236.317788484,"data":"\rcollege_biology/dev-00000-of-00001.parqu(…):   0%| | 0.00/4.27k [00:00\u003c?, ?B/s]\rcollege_biology/dev-00000-of-00001.parqu(…): 100%|█| 4.27k/4.27k [00:00\u003c00:00, \r\n"}
,{"stream_name":"stdout","time":236.317818478,"data":"\rGenerating test split:   0%|                    | 0/144 [00:00\u003c?, ? examples/s]\rGenerating test split: 100%|███████| 144/144 [00:00\u003c00:00, 53710.96 examples/s]\r\n"}
,{"stream_name":"stdout","time":236.317826461,"data":"\rGenerating validation split:   0%|               | 0/16 [00:00\u003c?, ? examples/s]\rGenerating validation split: 100%|████| 16/16 [00:00\u003c00:00, 7703.04 examples/s]\r\n"}
,{"stream_name":"stdout","time":236.317831824,"data":"\rGenerating dev split:   0%|                       | 0/5 [00:00\u003c?, ? examples/s]\rGenerating dev split: 100%|█████████████| 5/5 [00:00\u003c00:00, 2670.51 examples/s]\r\n"}
,{"stream_name":"stdout","time":236.317836968,"data":"2026-09-24:03:58:47,761 INFO     [datasets_wrapper.py:500] Non-HF cache (for datasets) case: NonHfCacheCase.NOT_USED_BC_CACHE_UNAVAILABLE\r\n"}
,{"stream_name":"stdout","time":236.368788839,"data":"\rMap:   0%|                                       | 0/16 [00:00\u003c?, ? examples/s]\rMap: 100%|████████████████████████████| 16/16 [00:00\u003c00:00, 2990.86 examples/s]\r\n"}
,{"stream_name":"stdout","time":236.36882161,"data":"[task] mmlu_college_biology:rc::olmes split=validation shots=5: 16 docs\r\n"}
,{"stream_name":"stdout","time":237.127402353,"data":"\rcollege_chemistry/test-00000-of-00001.pa(…):   0%| | 0.00/17.9k [00:00\u003c?, ?B/s]\rcollege_chemistry/test-00000-of-00001.pa(…): 100%|█| 17.9k/17.9k [00:00\u003c00:00, \r\n"}
,{"stream_name":"stdout","time":237.330028297,"data":"\rcollege_chemistry/validation-00000-of-00(…):   0%| | 0.00/4.87k [00:00\u003c?, ?B/s]\rcollege_chemistry/validation-00000-of-00(…): 100%|█| 4.87k/4.87k [00:00\u003c00:00, \r\n"}
,{"stream_name":"stdout","time":237.533114364,"data":"\rcollege_chemistry/dev-00000-of-00001.par(…):   0%| | 0.00/4.04k [00:00\u003c?, ?B/s]\rcollege_chemistry/dev-00000-of-00001.par(…): 100%|█| 4.04k/4.04k [00:00\u003c00:00, \r\n"}
,{"stream_name":"stdout","time":237.533142853,"data":"\rGenerating test split:   0%|                    | 0/100 [00:00\u003c?, ? examples/s]\rGenerating test split: 100%|███████| 100/100 [00:00\u003c00:00, 37912.90 examples/s]\r\n"}
,{"stream_name":"stdout","time":237.533149698,"data":"\rGenerating validation split:   0%|                | 0/8 [00:00\u003c?, ? examples/s]\rGenerating validation split: 100%|██████| 8/8 [00:00\u003c00:00, 3661.15 examples/s]\r\n"}
,{"stream_name":"stdout","time":237.533160552,"data":"\rGenerating dev split:   0%|                       | 0/5 [00:00\u003c?, ? examples/s]\rGenerating dev split: 100%|█████████████| 5/5 [00:00\u003c00:00, 2206.60 examples/s]\r\n"}
,{"stream_name":"stdout","time":237.53316393,"data":"2026-09-24:03:58:48,949 INFO     [datasets_wrapper.py:500] Non-HF cache (for datasets) case: NonHfCacheCase.NOT_USED_BC_CACHE_UNAVAILABLE\r\n"}
,{"stream_name":"stdout","time":237.533166919,"data":"\rMap:   0%|                                        | 0/8 [00:00\u003c?, ? examples/s]\rMap: 100%|██████████████████████████████| 8/8 [00:00\u003c00:00, 1581.56 examples/s]\r\n"}
,{"stream_name":"stdout","time":237.533170303,"data":"[task] mmlu_college_chemistry:rc::olmes split=validation shots=5: 8 docs\r\n"}
,{"stream_name":"stdout","time":238.2928949,"data":"\rcollege_computer_science/test-00000-of-0(…):   0%| | 0.00/28.1k [00:00\u003c?, ?B/s]\rcollege_computer_science/test-00000-of-0(…): 100%|█| 28.1k/28.1k [00:00\u003c00:00, \r\n"}
,{"stream_name":"stdout","time":238.496607704,"data":"\rcollege_computer_science/validation-0000(…):   0%| | 0.00/6.25k [00:00\u003c?, ?B/s]\rcollege_computer_science/validation-0000(…): 100%|█| 6.25k/6.25k [00:00\u003c00:00, \r\n"}
,{"stream_name":"stdout","time":238.699846504,"data":"\rcollege_computer_science/dev-00000-of-00(…):   0%| | 0.00/6.81k [00:00\u003c?, ?B/s]\rcollege_computer_science/dev-00000-of-00(…): 100%|█| 6.81k/6.81k [00:00\u003c00:00, \r\n"}
,{"stream_name":"stdout","time":238.699876748,"data":"\rGenerating test split:   0%|                    | 0/100 [00:00\u003c?, ? examples/s]\rGenerating test split: 100%|███████| 100/100 [00:00\u003c00:00, 37412.40 examples/s]\r\n"}
,{"stream_name":"stdout","time":238.69988437,"data":"\rGenerating validation split:   0%|               | 0/11 [00:00\u003c?, ? examples/s]\rGenerating validation split: 100%|████| 11/11 [00:00\u003c00:00, 4794.49 examples/s]\r\n"}
,{"stream_name":"stdout","time":238.69989143,"data":"\rGenerating dev split:   0%|                       | 0/5 [00:00\u003c?, ? examples/s]\rGenerating dev split: 100%|█████████████| 5/5 [00:00\u003c00:00, 1959.96 examples/s]\r\n"}
,{"stream_name":"stdout","time":238.699898246,"data":"2026-09-24:03:58:50,143 INFO     [datasets_wrapper.py:500] Non-HF cache (for datasets) case: NonHfCacheCase.NOT_USED_BC_CACHE_UNAVAILABLE\r\n"}
,{"stream_name":"stdout","time":238.75055954,"data":"\rMap:   0%|                                       | 0/11 [00:00\u003c?, ? examples/s]\rMap: 100%|████████████████████████████| 11/11 [00:00\u003c00:00, 1810.30 examples/s]\r\n"}
,{"stream_name":"stdout","time":238.7506118,"data":"[task] mmlu_college_computer_science:rc::olmes split=validation shots=5: 11 docs\r\n"}
,{"stream_name":"stdout","time":239.510458415,"data":"\rcollege_mathematics/test-00000-of-00001.(…):   0%| | 0.00/16.6k [00:00\u003c?, ?B/s]\rcollege_mathematics/test-00000-of-00001.(…): 100%|█| 16.6k/16.6k [00:00\u003c00:00, \r\n"}
,{"stream_name":"stdout","time":239.713637329,"data":"\rcollege_mathematics/validation-00000-of-(…):   0%| | 0.00/5.00k [00:00\u003c?, ?B/s]\rcollege_mathematics/validation-00000-of-(…): 100%|█| 5.00k/5.00k [00:00\u003c00:00, \r\n"}
,{"stream_name":"stdout","time":239.917054733,"data":"\rcollege_mathematics/dev-00000-of-00001.p(…):   0%| | 0.00/5.16k [00:00\u003c?, ?B/s]\rcollege_mathematics/dev-00000-of-00001.p(…): 100%|█| 5.16k/5.16k [00:00\u003c00:00, \r\n"}
,{"stream_name":"stdout","time":239.917101803,"data":"\rGenerating test split:   0%|                    | 0/100 [00:00\u003c?, ? examples/s]\rGenerating test split: 100%|███████| 100/100 [00:00\u003c00:00, 37844.48 examples/s]\r\n"}
,{"stream_name":"stdout","time":239.917108379,"data":"\rGenerating validation split:   0%|               | 0/11 [00:00\u003c?, ? examples/s]\rGenerating validation split: 100%|████| 11/11 [00:00\u003c00:00, 5241.69 examples/s]\r\n"}
,{"stream_name":"stdout","time":239.91711322,"data":"\rGenerating dev split:   0%|                       | 0/5 [00:00\u003c?, ? examples/s]\rGenerating dev split: 100%|█████████████| 5/5 [00:00\u003c00:00, 2613.27 examples/s]\r\n"}
,{"stream_name":"stdout","time":239.917118073,"data":"2026-09-24:03:58:51,355 INFO     [datasets_wrapper.py:500] Non-HF cache (for datasets) case: NonHfCacheCase.NOT_USED_BC_CACHE_UNAVAILABLE\r\n"}
,{"stream_name":"stdout","time":239.968379877,"data":"\rMap:   0%|                                       | 0/11 [00:00\u003c?, ? examples/s]\rMap: 100%|████████████████████████████| 11/11 [00:00\u003c00:00, 1959.29 examples/s]\r\n"}
,{"stream_name":"stdout","time":239.968415868,"data":"[task] mmlu_college_mathematics:rc::olmes split=validation shots=5: 11 docs\r\n"}
,{"stream_name":"stdout","time":240.680268243,"data":"\rcollege_medicine/test-00000-of-00001.par(…):   0%| | 0.00/42.5k [00:00\u003c?, ?B/s]\rcollege_medicine/test-00000-of-00001.par(…): 100%|█| 42.5k/42.5k [00:00\u003c00:00, \r\n"}
,{"stream_name":"stdout","time":240.934916677,"data":"\rcollege_medicine/validation-00000-of-000(…):   0%| | 0.00/8.99k [00:00\u003c?, ?B/s]\rcollege_medicine/validation-00000-of-000(…): 100%|█| 8.99k/8.99k [00:00\u003c00:00, \rcollege_medicine/validation-00000-of-000(…): 100%|█| 8.99k/8.99k [00:00\u003c00:00, \r\n"}
,{"stream_name":"stdout","time":241.13937913,"data":"\rcollege_medicine/dev-00000-of-00001.parq(…):   0%| | 0.00/4.84k [00:00\u003c?, ?B/s]\rcollege_medicine/dev-00000-of-00001.parq(…): 100%|█| 4.84k/4.84k [00:00\u003c00:00, \r\n"}
,{"stream_name":"stdout","time":241.139424096,"data":"\rGenerating test split:   0%|                    | 0/173 [00:00\u003c?, ? examples/s]\rGenerating test split: 100%|███████| 173/173 [00:00\u003c00:00, 58626.05 examples/s]\r\n"}
,{"stream_name":"stdout","time":241.139430781,"data":"\rGenerating validation split:   0%|               | 0/22 [00:00\u003c?, ? examples/s]\rGenerating validation split: 100%|███| 22/22 [00:00\u003c00:00, 10005.93 examples/s]\r\n"}
,{"stream_name":"stdout","time":241.139436244,"data":"\rGenerating dev split:   0%|                       | 0/5 [00:00\u003c?, ? examples/s]\rGenerating dev split: 100%|█████████████| 5/5 [00:00\u003c00:00, 2394.01 examples/s]\r\n"}
,{"stream_name":"stdout","time":241.139459872,"data":"2026-09-24:03:58:52,574 INFO     [datasets_wrapper.py:500] Non-HF cache (for datasets) case: NonHfCacheCase.NOT_USED_BC_CACHE_UNAVAILABLE\r\n"}
,{"stream_name":"stdout","time":241.18996956,"data":"\rMap:   0%|                                       | 0/22 [00:00\u003c?, ? examples/s]\rMap: 100%|████████████████████████████| 22/22 [00:00\u003c00:00, 3235.44 examples/s]\r\n"}
,{"stream_name":"stdout","time":241.190006973,"data":"[task] mmlu_college_medicine:rc::olmes split=validation shots=5: 22 docs\r\n"}
,{"stream_name":"stdout","time":241.950111172,"data":"\rcollege_physics/test-00000-of-00001.parq(…):   0%| | 0.00/18.6k [00:00\u003c?, ?B/s]\rcollege_physics/test-00000-of-00001.parq(…): 100%|█| 18.6k/18.6k [00:00\u003c00:00, \r\n"}
,{"stream_name":"stdout","time":242.153049515,"data":"\rcollege_physics/validation-00000-of-0000(…):   0%| | 0.00/6.39k [00:00\u003c?, ?B/s]\rcollege_physics/validation-00000-of-0000(…): 100%|█| 6.39k/6.39k [00:00\u003c00:00, \r\n"}
,{"stream_name":"stdout","time":242.356000743,"data":"\rcollege_physics/dev-00000-of-00001.parqu(…):   0%| | 0.00/4.51k [00:00\u003c?, ?B/s]\rcollege_physics/dev-00000-of-00001.parqu(…): 100%|█| 4.51k/4.51k [00:00\u003c00:00, \r\n"}
,{"stream_name":"stdout","time":242.356030217,"data":"\rGenerating test split:   0%|                    | 0/102 [00:00\u003c?, ? examples/s]\rGenerating test split: 100%|███████| 102/102 [00:00\u003c00:00, 39249.45 examples/s]\r\n"}
,{"stream_name":"stdout","time":242.35603607,"data":"\rGenerating validation split:   0%|               | 0/11 [00:00\u003c?, ? examples/s]\rGenerating validation split: 100%|████| 11/11 [00:00\u003c00:00, 4646.26 examples/s]\r\n"}
,{"stream_name":"stdout","time":242.3560408,"data":"\rGenerating dev split:   0%|                       | 0/5 [00:00\u003c?, ? examples/s]\rGenerating dev split: 100%|█████████████| 5/5 [00:00\u003c00:00, 2265.23 examples/s]\r\n"}
,{"stream_name":"stdout","time":242.356045115,"data":"2026-09-24:03:58:53,797 INFO     [datasets_wrapper.py:500] Non-HF cache (for datasets) case: NonHfCacheCase.NOT_USED_BC_CACHE_UNAVAILABLE\r\n"}
,{"stream_name":"stdout","time":242.406871421,"data":"\rMap:   0%|                                       | 0/11 [00:00\u003c?, ? examples/s]\rMap: 100%|████████████████████████████| 11/11 [00:00\u003c00:00, 2122.72 examples/s]\r\n"}
,{"stream_name":"stdout","time":242.406908515,"data":"[task] mmlu_college_physics:rc::olmes split=validation shots=5: 11 docs\r\n"}
,{"stream_name":"stdout","time":244.633683135,"data":"\rcomputer_security/test-00000-of-00001.pa(…):   0%| | 0.00/19.1k [00:00\u003c?, ?B/s]\rcomputer_security/test-00000-of-00001.pa(…): 100%|█| 19.1k/19.1k [00:01\u003c00:00, \rcomputer_security/test-00000-of-00001.pa(…): 100%|█| 19.1k/19.1k [00:01\u003c00:00, \r\n"}
,{"stream_name":"stdout","time":244.836496875,"data":"\rcomputer_security/validation-00000-of-00(…):   0%| | 0.00/6.67k [00:00\u003c?, ?B/s]\rcomputer_security/validation-00000-of-00(…): 100%|█| 6.67k/6.67k [00:00\u003c00:00, \r\n"}
,{"stream_name":"stdout","time":244.988672117,"data":"\rcomputer_security/dev-00000-of-00001.par(…):   0%| | 0.00/4.33k [00:00\u003c?, ?B/s]\rcomputer_security/dev-00000-of-00001.par(…): 100%|█| 4.33k/4.33k [00:00\u003c00:00, \r\n"}
,{"stream_name":"stdout","time":244.988705248,"data":"\rGenerating test split:   0%|                    | 0/100 [00:00\u003c?, ? examples/s]\rGenerating test split: 100%|███████| 100/100 [00:00\u003c00:00, 29597.80 examples/s]\r\n"}
,{"stream_name":"stdout","time":245.038740223,"data":"\rGenerating validation split:   0%|               | 0/11 [00:00\u003c?, ? examples/s]\rGenerating validation split: 100%|████| 11/11 [00:00\u003c00:00, 4273.95 examples/s]\r\n"}
,{"stream_name":"stdout","time":245.038780644,"data":"\rGenerating dev split:   0%|                       | 0/5 [00:00\u003c?, ? examples/s]\rGenerating dev split: 100%|█████████████| 5/5 [00:00\u003c00:00, 2558.13 examples/s]\r\n"}
,{"stream_name":"stdout","time":245.038789056,"data":"2026-09-24:03:58:56,446 INFO     [datasets_wrapper.py:500] Non-HF cache (for datasets) case: NonHfCacheCase.NOT_USED_BC_CACHE_UNAVAILABLE\r\n"}
,{"stream_name":"stdout","time":245.038792053,"data":"\rMap:   0%|                                       | 0/11 [00:00\u003c?, ? examples/s]\rMap: 100%|████████████████████████████| 11/11 [00:00\u003c00:00, 2222.20 examples/s]\r\n"}
,{"stream_name":"stdout","time":245.038794916,"data":"[task] mmlu_computer_security:rc::olmes split=validation shots=5: 11 docs\r\n"}
,{"stream_name":"stdout","time":245.747030123,"data":"\rconceptual_physics/test-00000-of-00001.p(…):   0%| | 0.00/25.0k [00:00\u003c?, ?B/s]\rconceptual_physics/test-00000-of-00001.p(…): 100%|█| 25.0k/25.0k [00:00\u003c00:00, \r\n"}
,{"stream_name":"stdout","time":245.949526534,"data":"\rconceptual_physics/validation-00000-of-0(…):   0%| | 0.00/5.98k [00:00\u003c?, ?B/s]\rconceptual_physics/validation-00000-of-0(…): 100%|█| 5.98k/5.98k [00:00\u003c00:00, \r\n"}
,{"stream_name":"stdout","time":246.203627357,"data":"\rconceptual_physics/dev-00000-of-00001.pa(…):   0%| | 0.00/3.96k [00:00\u003c?, ?B/s]\rconceptual_physics/dev-00000-of-00001.pa(…): 100%|█| 3.96k/3.96k [00:00\u003c00:00, \rconceptual_physics/dev-00000-of-00001.pa(…): 100%|█| 3.96k/3.96k [00:00\u003c00:00, \r\n"}
,{"stream_name":"stdout","time":246.203658337,"data":"\rGenerating test split:   0%|                    | 0/235 [00:00\u003c?, ? examples/s]\rGenerating test split: 100%|███████| 235/235 [00:00\u003c00:00, 82097.40 examples/s]\r\n"}
,{"stream_name":"stdout","time":246.203664516,"data":"\rGenerating validation split:   0%|               | 0/26 [00:00\u003c?, ? examples/s]\rGenerating validation split: 100%|███| 26/26 [00:00\u003c00:00, 12112.84 examples/s]\r\n"}
,{"stream_name":"stdout","time":246.203669476,"data":"\rGenerating dev split:   0%|                       | 0/5 [00:00\u003c?, ? examples/s]\rGenerating dev split: 100%|█████████████| 5/5 [00:00\u003c00:00, 2455.39 examples/s]\r\n"}
,{"stream_name":"stdout","time":246.253784018,"data":"2026-09-24:03:58:57,655 INFO     [datasets_wrapper.py:500] Non-HF cache (for datasets) case: NonHfCacheCase.NOT_USED_BC_CACHE_UNAVAILABLE\r\n"}
,{"stream_name":"stdout","time":246.253825282,"data":"\rMap:   0%|                                       | 0/26 [00:00\u003c?, ? examples/s]\rMap: 100%|████████████████████████████| 26/26 [00:00\u003c00:00, 4036.87 examples/s]\r\n"}
,{"stream_name":"stdout","time":246.253834466,"data":"[task] mmlu_conceptual_physics:rc::olmes split=validation shots=5: 26 docs\r\n"}
,{"stream_name":"stdout","time":247.064957386,"data":"\reconometrics/test-00000-of-00001.parquet:   0%|    | 0.00/24.5k [00:00\u003c?, ?B/s]\reconometrics/test-00000-of-00001.parquet: 100%|█| 24.5k/24.5k [00:00\u003c00:00, 239\reconometrics/test-00000-of-00001.parquet: 100%|█| 24.5k/24.5k [00:00\u003c00:00, 237\r\n"}
,{"stream_name":"stdout","time":247.369707112,"data":"\reconometrics/validation-00000-of-00001.p(…):   0%| | 0.00/7.02k [00:00\u003c?, ?B/s]\reconometrics/validation-00000-of-00001.p(…): 100%|█| 7.02k/7.02k [00:00\u003c00:00, \reconometrics/validation-00000-of-00001.p(…): 100%|█| 7.02k/7.02k [00:00\u003c00:00, \r\n"}
,{"stream_name":"stdout","time":247.573024084,"data":"\reconometrics/dev-00000-of-00001.parquet:   0%|     | 0.00/4.54k [00:00\u003c?, ?B/s]\reconometrics/dev-00000-of-00001.parquet: 100%|█| 4.54k/4.54k [00:00\u003c00:00, 43.2\reconometrics/dev-00000-of-00001.parquet: 100%|█| 4.54k/4.54k [00:00\u003c00:00, 43.0\r\n"}
,{"stream_name":"stdout","time":247.623796976,"data":"\rGenerating test split:   0%|                    | 0/114 [00:00\u003c?, ? examples/s]\rGenerating test split: 100%|███████| 114/114 [00:00\u003c00:00, 36358.50 examples/s]\r\n"}
,{"stream_name":"stdout","time":247.62382903,"data":"\rGenerating validation split:   0%|               | 0/12 [00:00\u003c?, ? examples/s]\rGenerating validation split: 100%|████| 12/12 [00:00\u003c00:00, 5417.25 examples/s]\r\n"}
,{"stream_name":"stdout","time":247.623839265,"data":"\rGenerating dev split:   0%|                       | 0/5 [00:00\u003c?, ? examples/s]\rGenerating dev split: 100%|█████████████| 5/5 [00:00\u003c00:00, 2360.33 examples/s]\r\n"}
,{"stream_name":"stdout","time":247.623842424,"data":"2026-09-24:03:58:59,034 INFO     [datasets_wrapper.py:500] Non-HF cache (for datasets) case: NonHfCacheCase.NOT_USED_BC_CACHE_UNAVAILABLE\r\n"}
,{"stream_name":"stdout","time":247.623845151,"data":"\rMap:   0%|                                       | 0/12 [00:00\u003c?, ? examples/s]\rMap: 100%|████████████████████████████| 12/12 [00:00\u003c00:00, 2056.96 examples/s]\r\n"}
,{"stream_name":"stdout","time":247.623848049,"data":"[task] mmlu_econometrics:rc::olmes split=validation shots=5: 12 docs\r\n"}
,{"stream_name":"stdout","time":248.383802341,"data":"\relectrical_engineering/test-00000-of-000(…):   0%| | 0.00/17.6k [00:00\u003c?, ?B/s]\relectrical_engineering/test-00000-of-000(…): 100%|█| 17.6k/17.6k [00:00\u003c00:00, \r\n"}
,{"stream_name":"stdout","time":248.586671432,"data":"\relectrical_engineering/validation-00000-(…):   0%| | 0.00/5.08k [00:00\u003c?, ?B/s]\relectrical_engineering/validation-00000-(…): 100%|█| 5.08k/5.08k [00:00\u003c00:00, \r\n"}
,{"stream_name":"stdout","time":248.840594816,"data":"\relectrical_engineering/dev-00000-of-0000(…):   0%| | 0.00/4.08k [00:00\u003c?, ?B/s]\relectrical_engineering/dev-00000-of-0000(…): 100%|█| 4.08k/4.08k [00:00\u003c00:00, \r\n"}
,{"stream_name":"stdout","time":248.840627762,"data":"\rGenerating test split:   0%|                    | 0/145 [00:00\u003c?, ? examples/s]\rGenerating test split: 100%|███████| 145/145 [00:00\u003c00:00, 54079.15 examples/s]\r\n"}
,{"stream_name":"stdout","time":248.840634191,"data":"\rGenerating validation split:   0%|               | 0/16 [00:00\u003c?, ? examples/s]\rGenerating validation split: 100%|████| 16/16 [00:00\u003c00:00, 7788.87 examples/s]\r\n"}
,{"stream_name":"stdout","time":248.840638818,"data":"\rGenerating dev split:   0%|                       | 0/5 [00:00\u003c?, ? examples/s]\rGenerating dev split: 100%|█████████████| 5/5 [00:00\u003c00:00, 2421.65 examples/s]\r\n"}
,{"stream_name":"stdout","time":248.840643261,"data":"2026-09-24:03:59:00,254 INFO     [datasets_wrapper.py:500] Non-HF cache (for datasets) case: NonHfCacheCase.NOT_USED_BC_CACHE_UNAVAILABLE\r\n"}
,{"stream_name":"stdout","time":248.84064732,"data":"\rMap:   0%|                                       | 0/16 [00:00\u003c?, ? examples/s]\rMap: 100%|████████████████████████████| 16/16 [00:00\u003c00:00, 2887.77 examples/s]\r\n"}
,{"stream_name":"stdout","time":248.840651821,"data":"[task] mmlu_electrical_engineering:rc::olmes split=validation shots=5: 16 docs\r\n"}
,{"stream_name":"stdout","time":249.806293302,"data":"\relementary_mathematics/test-00000-of-000(…):   0%| | 0.00/41.1k [00:00\u003c?, ?B/s]\relementary_mathematics/test-00000-of-000(…): 100%|█| 41.1k/41.1k [00:00\u003c00:00, \r\n"}
,{"stream_name":"stdout","time":250.009529648,"data":"\relementary_mathematics/validation-00000-(…):   0%| | 0.00/9.38k [00:00\u003c?, ?B/s]\relementary_mathematics/validation-00000-(…): 100%|█| 9.38k/9.38k [00:00\u003c00:00, \r\n"}
,{"stream_name":"stdout","time":250.263267578,"data":"\relementary_mathematics/dev-00000-of-0000(…):   0%| | 0.00/4.55k [00:00\u003c?, ?B/s]\relementary_mathematics/dev-00000-of-0000(…): 100%|█| 4.55k/4.55k [00:00\u003c00:00, \relementary_mathematics/dev-00000-of-0000(…): 100%|█| 4.55k/4.55k [00:00\u003c00:00, \r\n"}
,{"stream_name":"stdout","time":250.263297817,"data":"\rGenerating test split:   0%|                    | 0/378 [00:00\u003c?, ? examples/s]\rGenerating test split: 100%|██████| 378/378 [00:00\u003c00:00, 125769.23 examples/s]\r\n"}
,{"stream_name":"stdout","time":250.263303598,"data":"\rGenerating validation split:   0%|               | 0/41 [00:00\u003c?, ? examples/s]\rGenerating validation split: 100%|███| 41/41 [00:00\u003c00:00, 17229.38 examples/s]\r\n"}
,{"stream_name":"stdout","time":250.263309023,"data":"\rGenerating dev split:   0%|                       | 0/5 [00:00\u003c?, ? examples/s]\rGenerating dev split: 100%|█████████████| 5/5 [00:00\u003c00:00, 2465.21 examples/s]\r\n"}
,{"stream_name":"stdout","time":250.314004134,"data":"2026-09-24:03:59:01,710 INFO     [datasets_wrapper.py:500] Non-HF cache (for datasets) case: NonHfCacheCase.NOT_USED_BC_CACHE_UNAVAILABLE\r\n"}
,{"stream_name":"stdout","time":250.31403802,"data":"\rMap:   0%|                                       | 0/41 [00:00\u003c?, ? examples/s]\rMap: 100%|████████████████████████████| 41/41 [00:00\u003c00:00, 5732.60 examples/s]\r\n"}
,{"stream_name":"stdout","time":250.314043037,"data":"[task] mmlu_elementary_mathematics:rc::olmes split=validation shots=5: 41 docs\r\n"}
,{"stream_name":"stdout","time":251.076154893,"data":"\rformal_logic/test-00000-of-00001.parquet:   0%|    | 0.00/21.5k [00:00\u003c?, ?B/s]\rformal_logic/test-00000-of-00001.parquet: 100%|█| 21.5k/21.5k [00:00\u003c00:00, 289\r\n"}
,{"stream_name":"stdout","time":251.278286994,"data":"\rformal_logic/validation-00000-of-00001.p(…):   0%| | 0.00/6.56k [00:00\u003c?, ?B/s]\rformal_logic/validation-00000-of-00001.p(…): 100%|█| 6.56k/6.56k [00:00\u003c00:00, \r\n"}
,{"stream_name":"stdout","time":251.481456408,"data":"\rformal_logic/dev-00000-of-00001.parquet:   0%|     | 0.00/4.81k [00:00\u003c?, ?B/s]\rformal_logic/dev-00000-of-00001.parquet: 100%|█| 4.81k/4.81k [00:00\u003c00:00, 57.3\r\n"}
,{"stream_name":"stdout","time":251.481482584,"data":"\rGenerating test split:   0%|                    | 0/126 [00:00\u003c?, ? examples/s]\rGenerating test split: 100%|███████| 126/126 [00:00\u003c00:00, 46293.12 examples/s]\r\n"}
,{"stream_name":"stdout","time":251.48148791,"data":"\rGenerating validation split:   0%|               | 0/14 [00:00\u003c?, ? examples/s]\rGenerating validation split: 100%|████| 14/14 [00:00\u003c00:00, 6804.20 examples/s]\r\n"}
,{"stream_name":"stdout","time":251.481493128,"data":"\rGenerating dev split:   0%|                       | 0/5 [00:00\u003c?, ? examples/s]\rGenerating dev split: 100%|█████████████| 5/5 [00:00\u003c00:00, 2660.69 examples/s]\r\n"}
,{"stream_name":"stdout","time":251.481498078,"data":"2026-09-24:03:59:02,919 INFO     [datasets_wrapper.py:500] Non-HF cache (for datasets) case: NonHfCacheCase.NOT_USED_BC_CACHE_UNAVAILABLE\r\n"}
,{"stream_name":"stdout","time":251.532362459,"data":"\rMap:   0%|                                       | 0/14 [00:00\u003c?, ? examples/s]\rMap: 100%|████████████████████████████| 14/14 [00:00\u003c00:00, 2569.93 examples/s]\r\n"}
,{"stream_name":"stdout","time":251.532400869,"data":"[task] mmlu_formal_logic:rc::olmes split=validation shots=5: 14 docs\r\n"}
,{"stream_name":"stdout","time":252.241662472,"data":"\rglobal_facts/test-00000-of-00001.parquet:   0%|    | 0.00/11.5k [00:00\u003c?, ?B/s]\rglobal_facts/test-00000-of-00001.parquet: 100%|█| 11.5k/11.5k [00:00\u003c00:00, 148\r\n"}
,{"stream_name":"stdout","time":252.444450558,"data":"\rglobal_facts/validation-00000-of-00001.p(…):   0%| | 0.00/4.19k [00:00\u003c?, ?B/s]\rglobal_facts/validation-00000-of-00001.p(…): 100%|█| 4.19k/4.19k [00:00\u003c00:00, \r\n"}
,{"stream_name":"stdout","time":252.698153772,"data":"\rglobal_facts/dev-00000-of-00001.parquet:   0%|     | 0.00/3.58k [00:00\u003c?, ?B/s]\rglobal_facts/dev-00000-of-00001.parquet: 100%|█| 3.58k/3.58k [00:00\u003c00:00, 46.5\r\n"}
,{"stream_name":"stdout","time":252.698192185,"data":"\rGenerating test split:   0%|                    | 0/100 [00:00\u003c?, ? examples/s]\rGenerating test split: 100%|███████| 100/100 [00:00\u003c00:00, 33795.05 examples/s]\r\n"}
,{"stream_name":"stdout","time":252.698202222,"data":"\rGenerating validation split:   0%|               | 0/10 [00:00\u003c?, ? examples/s]\rGenerating validation split: 100%|████| 10/10 [00:00\u003c00:00, 4003.73 examples/s]\r\n"}
,{"stream_name":"stdout","time":252.698207455,"data":"\rGenerating dev split:   0%|                       | 0/5 [00:00\u003c?, ? examples/s]\rGenerating dev split: 100%|█████████████| 5/5 [00:00\u003c00:00, 2377.45 examples/s]\r\n"}
,{"stream_name":"stdout","time":252.698210962,"data":"2026-09-24:03:59:04,116 INFO     [datasets_wrapper.py:500] Non-HF cache (for datasets) case: NonHfCacheCase.NOT_USED_BC_CACHE_UNAVAILABLE\r\n"}
,{"stream_name":"stdout","time":252.698214064,"data":"\rMap:   0%|                                       | 0/10 [00:00\u003c?, ? examples/s]\rMap: 100%|████████████████████████████| 10/10 [00:00\u003c00:00, 1973.51 examples/s]\r\n"}
,{"stream_name":"stdout","time":252.698217394,"data":"[task] mmlu_global_facts:rc::olmes split=validation shots=5: 10 docs\r\n"}
,{"stream_name":"stdout","time":253.511885534,"data":"\rhigh_school_biology/test-00000-of-00001.(…):   0%| | 0.00/62.7k [00:00\u003c?, ?B/s]\rhigh_school_biology/test-00000-of-00001.(…): 100%|█| 62.7k/62.7k [00:00\u003c00:00, \r\n"}
,{"stream_name":"stdout","time":253.766218325,"data":"\rhigh_school_biology/validation-00000-of-(…):   0%| | 0.00/10.6k [00:00\u003c?, ?B/s]\rhigh_school_biology/validation-00000-of-(…): 100%|█| 10.6k/10.6k [00:00\u003c00:00, \rhigh_school_biology/validation-00000-of-(…): 100%|█| 10.6k/10.6k [00:00\u003c00:00, \r\n"}
,{"stream_name":"stdout","time":253.969503954,"data":"\rhigh_school_biology/dev-00000-of-00001.p(…):   0%| | 0.00/4.94k [00:00\u003c?, ?B/s]\rhigh_school_biology/dev-00000-of-00001.p(…): 100%|█| 4.94k/4.94k [00:00\u003c00:00, \r\n"}
,{"stream_name":"stdout","time":253.969531449,"data":"\rGenerating test split:   0%|                    | 0/310 [00:00\u003c?, ? examples/s]\rGenerating test split: 100%|██████| 310/310 [00:00\u003c00:00, 103013.33 examples/s]\r\n"}
,{"stream_name":"stdout","time":253.9695369,"data":"\rGenerating validation split:   0%|               | 0/32 [00:00\u003c?, ? examples/s]\rGenerating validation split: 100%|███| 32/32 [00:00\u003c00:00, 14453.77 examples/s]\r\n"}
,{"stream_name":"stdout","time":253.969541315,"data":"\rGenerating dev split:   0%|                       | 0/5 [00:00\u003c?, ? examples/s]\rGenerating dev split: 100%|█████████████| 5/5 [00:00\u003c00:00, 2485.66 examples/s]\r\n"}
,{"stream_name":"stdout","time":254.020724341,"data":"2026-09-24:03:59:05,417 INFO     [datasets_wrapper.py:500] Non-HF cache (for datasets) case: NonHfCacheCase.NOT_USED_BC_CACHE_UNAVAILABLE\r\n"}
,{"stream_name":"stdout","time":254.020774991,"data":"\rMap:   0%|                                       | 0/32 [00:00\u003c?, ? examples/s]\rMap: 100%|████████████████████████████| 32/32 [00:00\u003c00:00, 5612.52 examples/s]\r\n"}
,{"stream_name":"stdout","time":254.020780456,"data":"[task] mmlu_high_school_biology:rc::olmes split=validation shots=5: 32 docs\r\n"}
,{"stream_name":"stdout","time":254.78074119,"data":"\rhigh_school_chemistry/test-00000-of-0000(…):   0%| | 0.00/33.3k [00:00\u003c?, ?B/s]\rhigh_school_chemistry/test-00000-of-0000(…): 100%|█| 33.3k/33.3k [00:00\u003c00:00, \r\n"}
,{"stream_name":"stdout","time":254.983868729,"data":"\rhigh_school_chemistry/validation-00000-o(…):   0%| | 0.00/8.31k [00:00\u003c?, ?B/s]\rhigh_school_chemistry/validation-00000-o(…): 100%|█| 8.31k/8.31k [00:00\u003c00:00, \r\n"}
,{"stream_name":"stdout","time":255.187198125,"data":"\rhigh_school_chemistry/dev-00000-of-00001(…):   0%| | 0.00/4.16k [00:00\u003c?, ?B/s]\rhigh_school_chemistry/dev-00000-of-00001(…): 100%|█| 4.16k/4.16k [00:00\u003c00:00, \r\n"}
,{"stream_name":"stdout","time":255.187227355,"data":"\rGenerating test split:   0%|                    | 0/203 [00:00\u003c?, ? examples/s]\rGenerating test split: 100%|███████| 203/203 [00:00\u003c00:00, 74361.90 examples/s]\r\n"}
,{"stream_name":"stdout","time":255.187234242,"data":"\rGenerating validation split:   0%|               | 0/22 [00:00\u003c?, ? examples/s]\rGenerating validation split: 100%|████| 22/22 [00:00\u003c00:00, 9743.90 examples/s]\r\n"}
,{"stream_name":"stdout","time":255.187239725,"data":"\rGenerating dev split:   0%|                       | 0/5 [00:00\u003c?, ? examples/s]\rGenerating dev split: 100%|█████████████| 5/5 [00:00\u003c00:00, 2300.77 examples/s]\r\n"}
,{"stream_name":"stdout","time":255.187245773,"data":"2026-09-24:03:59:06,628 INFO     [datasets_wrapper.py:500] Non-HF cache (for datasets) case: NonHfCacheCase.NOT_USED_BC_CACHE_UNAVAILABLE\r\n"}
,{"stream_name":"stdout","time":255.238096899,"data":"\rMap:   0%|                                       | 0/22 [00:00\u003c?, ? examples/s]\rMap: 100%|████████████████████████████| 22/22 [00:00\u003c00:00, 3443.60 examples/s]\r\n"}
,{"stream_name":"stdout","time":255.238138915,"data":"[task] mmlu_high_school_chemistry:rc::olmes split=validation shots=5: 22 docs\r\n"}
,{"stream_name":"stdout","time":255.9483315,"data":"\rhigh_school_computer_science/test-00000-(…):   0%| | 0.00/27.3k [00:00\u003c?, ?B/s]\rhigh_school_computer_science/test-00000-(…): 100%|█| 27.3k/27.3k [00:00\u003c00:00, \r\n"}
,{"stream_name":"stdout","time":256.202840835,"data":"\rhigh_school_computer_science/validation-(…):   0%| | 0.00/5.28k [00:00\u003c?, ?B/s]\rhigh_school_computer_science/validation-(…): 100%|█| 5.28k/5.28k [00:00\u003c00:00, \r\n"}
,{"stream_name":"stdout","time":256.355499389,"data":"\rhigh_school_computer_science/dev-00000-o(…):   0%| | 0.00/6.54k [00:00\u003c?, ?B/s]\rhigh_school_computer_science/dev-00000-o(…): 100%|█| 6.54k/6.54k [00:00\u003c00:00, \r\n"}
,{"stream_name":"stdout","time":256.406306253,"data":"\rGenerating test split:   0%|                    | 0/100 [00:00\u003c?, ? examples/s]\rGenerating test split: 100%|███████| 100/100 [00:00\u003c00:00, 35151.73 examples/s]\r\n"}
,{"stream_name":"stdout","time":256.406340489,"data":"\rGenerating validation split:   0%|                | 0/9 [00:00\u003c?, ? examples/s]\rGenerating validation split: 100%|██████| 9/9 [00:00\u003c00:00, 4078.30 examples/s]\r\n"}
,{"stream_name":"stdout","time":256.406347699,"data":"\rGenerating dev split:   0%|                       | 0/5 [00:00\u003c?, ? examples/s]\rGenerating dev split: 100%|█████████████| 5/5 [00:00\u003c00:00, 2561.56 examples/s]\r\n"}
,{"stream_name":"stdout","time":256.406370004,"data":"2026-09-24:03:59:07,817 INFO     [datasets_wrapper.py:500] Non-HF cache (for datasets) case: NonHfCacheCase.NOT_USED_BC_CACHE_UNAVAILABLE\r\n"}
,{"stream_name":"stdout","time":256.406374427,"data":"\rMap:   0%|                                        | 0/9 [00:00\u003c?, ? examples/s]\rMap: 100%|██████████████████████████████| 9/9 [00:00\u003c00:00, 1863.12 examples/s]\r\n"}
,{"stream_name":"stdout","time":256.406383681,"data":"[task] mmlu_high_school_computer_science:rc::olmes split=validation shots=5: 9 docs\r\n"}
,{"stream_name":"stdout","time":257.166565297,"data":"\rhigh_school_european_history/test-00000-(…):   0%|  | 0.00/142k [00:00\u003c?, ?B/s]\rhigh_school_european_history/test-00000-(…): 100%|█| 142k/142k [00:00\u003c00:00, 1.\r\n"}
,{"stream_name":"stdout","time":257.369656849,"data":"\rhigh_school_european_history/validation-(…):   0%| | 0.00/31.6k [00:00\u003c?, ?B/s]\rhigh_school_european_history/validation-(…): 100%|█| 31.6k/31.6k [00:00\u003c00:00, \r\n"}
,{"stream_name":"stdout","time":257.572889004,"data":"\rhigh_school_european_history/dev-00000-o(…):   0%| | 0.00/22.2k [00:00\u003c?, ?B/s]\rhigh_school_european_history/dev-00000-o(…): 100%|█| 22.2k/22.2k [00:00\u003c00:00, \r\n"}
,{"stream_name":"stdout","time":257.572915998,"data":"\rGenerating test split:   0%|                    | 0/165 [00:00\u003c?, ? examples/s]\rGenerating test split: 100%|███████| 165/165 [00:00\u003c00:00, 44178.75 examples/s]\r\n"}
,{"stream_name":"stdout","time":257.572922128,"data":"\rGenerating validation split:   0%|               | 0/18 [00:00\u003c?, ? examples/s]\rGenerating validation split: 100%|████| 18/18 [00:00\u003c00:00, 7435.24 examples/s]\r\n"}
,{"stream_name":"stdout","time":257.572927462,"data":"\rGenerating dev split:   0%|                       | 0/5 [00:00\u003c?, ? examples/s]\rGenerating dev split: 100%|█████████████| 5/5 [00:00\u003c00:00, 2415.80 examples/s]\r\n"}
,{"stream_name":"stdout","time":257.624083923,"data":"2026-09-24:03:59:09,024 INFO     [datasets_wrapper.py:500] Non-HF cache (for datasets) case: NonHfCacheCase.NOT_USED_BC_CACHE_UNAVAILABLE\r\n"}
,{"stream_name":"stdout","time":257.624111788,"data":"\rMap:   0%|                                       | 0/18 [00:00\u003c?, ? examples/s]\rMap: 100%|████████████████████████████| 18/18 [00:00\u003c00:00, 2777.89 examples/s]\r\n"}
,{"stream_name":"stdout","time":257.624116505,"data":"[task] mmlu_high_school_european_history:rc::olmes split=validation shots=5: 18 docs\r\n"}
,{"stream_name":"stdout","time":258.384748091,"data":"\rhigh_school_geography/test-00000-of-0000(…):   0%| | 0.00/28.2k [00:00\u003c?, ?B/s]\rhigh_school_geography/test-00000-of-0000(…): 100%|█| 28.2k/28.2k [00:00\u003c00:00, \r\n"}
,{"stream_name":"stdout","time":258.587880833,"data":"\rhigh_school_geography/validation-00000-o(…):   0%| | 0.00/6.16k [00:00\u003c?, ?B/s]\rhigh_school_geography/validation-00000-o(…): 100%|█| 6.16k/6.16k [00:00\u003c00:00, \r\n"}
,{"stream_name":"stdout","time":258.790765954,"data":"\rhigh_school_geography/dev-00000-of-00001(…):   0%| | 0.00/3.93k [00:00\u003c?, ?B/s]\rhigh_school_geography/dev-00000-of-00001(…): 100%|█| 3.93k/3.93k [00:00\u003c00:00, \r\n"}
,{"stream_name":"stdout","time":258.790795879,"data":"\rGenerating test split:   0%|                    | 0/198 [00:00\u003c?, ? examples/s]\rGenerating test split: 100%|███████| 198/198 [00:00\u003c00:00, 67337.40 examples/s]\r\n"}
,{"stream_name":"stdout","time":258.790802266,"data":"\rGenerating validation split:   0%|               | 0/22 [00:00\u003c?, ? examples/s]\rGenerating validation split: 100%|████| 22/22 [00:00\u003c00:00, 9184.30 examples/s]\r\n"}
,{"stream_name":"stdout","time":258.790818919,"data":"\rGenerating dev split:   0%|                       | 0/5 [00:00\u003c?, ? examples/s]\rGenerating dev split: 100%|█████████████| 5/5 [00:00\u003c00:00, 2241.98 examples/s]\r\n"}
,{"stream_name":"stdout","time":258.790824536,"data":"2026-09-24:03:59:10,234 INFO     [datasets_wrapper.py:500] Non-HF cache (for datasets) case: NonHfCacheCase.NOT_USED_BC_CACHE_UNAVAILABLE\r\n"}
,{"stream_name":"stdout","time":258.841649709,"data":"\rMap:   0%|                                       | 0/22 [00:00\u003c?, ? examples/s]\rMap: 100%|████████████████████████████| 22/22 [00:00\u003c00:00, 3714.01 examples/s]\r\n"}
,{"stream_name":"stdout","time":258.841703569,"data":"[task] mmlu_high_school_geography:rc::olmes split=validation shots=5: 22 docs\r\n"}
,{"stream_name":"stdout","time":259.601714737,"data":"\rhigh_school_government_and_politics/test(…):   0%| | 0.00/40.2k [00:00\u003c?, ?B/s]\rhigh_school_government_and_politics/test(…): 100%|█| 40.2k/40.2k [00:00\u003c00:00, \r\n"}
,{"stream_name":"stdout","time":259.805048134,"data":"\rhigh_school_government_and_politics/vali(…):   0%| | 0.00/8.27k [00:00\u003c?, ?B/s]\rhigh_school_government_and_politics/vali(…): 100%|█| 8.27k/8.27k [00:00\u003c00:00, \r\n"}
,{"stream_name":"stdout","time":260.008634932,"data":"\rhigh_school_government_and_politics/dev-(…):   0%| | 0.00/4.47k [00:00\u003c?, ?B/s]\rhigh_school_government_and_politics/dev-(…): 100%|█| 4.47k/4.47k [00:00\u003c00:00, \r\n"}
,{"stream_name":"stdout","time":260.008665426,"data":"\rGenerating test split:   0%|                    | 0/193 [00:00\u003c?, ? examples/s]\rGenerating test split: 100%|███████| 193/193 [00:00\u003c00:00, 63168.21 examples/s]\r\n"}
,{"stream_name":"stdout","time":260.008669375,"data":"\rGenerating validation split:   0%|               | 0/21 [00:00\u003c?, ? examples/s]\rGenerating validation split: 100%|████| 21/21 [00:00\u003c00:00, 9056.18 examples/s]\r\n"}
,{"stream_name":"stdout","time":260.008672263,"data":"\rGenerating dev split:   0%|                       | 0/5 [00:00\u003c?, ? examples/s]\rGenerating dev split: 100%|█████████████| 5/5 [00:00\u003c00:00, 2257.67 examples/s]\r\n"}
,{"stream_name":"stdout","time":260.008675981,"data":"2026-09-24:03:59:11,427 INFO     [datasets_wrapper.py:500] Non-HF cache (for datasets) case: NonHfCacheCase.NOT_USED_BC_CACHE_UNAVAILABLE\r\n"}
,{"stream_name":"stdout","time":260.008692812,"data":"\rMap:   0%|                                       | 0/21 [00:00\u003c?, ? examples/s]\rMap: 100%|████████████████████████████| 21/21 [00:00\u003c00:00, 3499.70 examples/s]\r\n"}
,{"stream_name":"stdout","time":260.008698421,"data":"[task] mmlu_high_school_government_and_politics:rc::olmes split=validation shots=5: 21 docs\r\n"}
,{"stream_name":"stdout","time":260.819663091,"data":"\rhigh_school_macroeconomics/test-00000-of(…):   0%| | 0.00/54.8k [00:00\u003c?, ?B/s]\rhigh_school_macroeconomics/test-00000-of(…): 100%|█| 54.8k/54.8k [00:00\u003c00:00, \rhigh_school_macroeconomics/test-00000-of(…): 100%|█| 54.8k/54.8k [00:00\u003c00:00, \r\n"}
,{"stream_name":"stdout","time":261.022830051,"data":"\rhigh_school_macroeconomics/validation-00(…):   0%| | 0.00/9.89k [00:00\u003c?, ?B/s]\rhigh_school_macroeconomics/validation-00(…): 100%|█| 9.89k/9.89k [00:00\u003c00:00, \r\n"}
,{"stream_name":"stdout","time":261.226522137,"data":"\rhigh_school_macroeconomics/dev-00000-of-(…):   0%| | 0.00/4.04k [00:00\u003c?, ?B/s]\rhigh_school_macroeconomics/dev-00000-of-(…): 100%|█| 4.04k/4.04k [00:00\u003c00:00, \r\n"}
,{"stream_name":"stdout","time":261.226578268,"data":"\rGenerating test split:   0%|                    | 0/390 [00:00\u003c?, ? examples/s]\rGenerating test split: 100%|██████| 390/390 [00:00\u003c00:00, 113375.28 examples/s]\r\n"}
,{"stream_name":"stdout","time":261.226597694,"data":"\rGenerating validation split:   0%|               | 0/43 [00:00\u003c?, ? examples/s]\rGenerating validation split: 100%|███| 43/43 [00:00\u003c00:00, 19372.19 examples/s]\r\n"}
,{"stream_name":"stdout","time":261.226603602,"data":"\rGenerating dev split:   0%|                       | 0/5 [00:00\u003c?, ? examples/s]\rGenerating dev split: 100%|█████████████| 5/5 [00:00\u003c00:00, 2368.86 examples/s]\r\n"}
,{"stream_name":"stdout","time":261.226609337,"data":"2026-09-24:03:59:12,662 INFO     [datasets_wrapper.py:500] Non-HF cache (for datasets) case: NonHfCacheCase.NOT_USED_BC_CACHE_UNAVAILABLE\r\n"}
,{"stream_name":"stdout","time":261.276896923,"data":"\rMap:   0%|                                       | 0/43 [00:00\u003c?, ? examples/s]\rMap: 100%|████████████████████████████| 43/43 [00:00\u003c00:00, 4420.25 examples/s]\r\n"}
,{"stream_name":"stdout","time":261.276961153,"data":"[task] mmlu_high_school_macroeconomics:rc::olmes split=validation shots=5: 43 docs\r\n"}
,{"stream_name":"stdout","time":262.13826205,"data":"\rhigh_school_mathematics/test-00000-of-00(…):   0%| | 0.00/33.7k [00:00\u003c?, ?B/s]\rhigh_school_mathematics/test-00000-of-00(…): 100%|█| 33.7k/33.7k [00:00\u003c00:00, \r\n"}
,{"stream_name":"stdout","time":262.391587158,"data":"\rhigh_school_mathematics/validation-00000(…):   0%| | 0.00/6.99k [00:00\u003c?, ?B/s]\rhigh_school_mathematics/validation-00000(…): 100%|█| 6.99k/6.99k [00:00\u003c00:00, \r\n"}
,{"stream_name":"stdout","time":262.595098176,"data":"\rhigh_school_mathematics/dev-00000-of-000(…):   0%| | 0.00/4.50k [00:00\u003c?, ?B/s]\rhigh_school_mathematics/dev-00000-of-000(…): 100%|█| 4.50k/4.50k [00:00\u003c00:00, \r\n"}
,{"stream_name":"stdout","time":262.595130195,"data":"\rGenerating test split:   0%|                    | 0/270 [00:00\u003c?, ? examples/s]\rGenerating test split: 100%|███████| 270/270 [00:00\u003c00:00, 81955.57 examples/s]\r\n"}
,{"stream_name":"stdout","time":262.595144214,"data":"\rGenerating validation split:   0%|               | 0/29 [00:00\u003c?, ? examples/s]\rGenerating validation split: 100%|███| 29/29 [00:00\u003c00:00, 12198.86 examples/s]\r\n"}
,{"stream_name":"stdout","time":262.595149095,"data":"\rGenerating dev split:   0%|                       | 0/5 [00:00\u003c?, ? examples/s]\rGenerating dev split: 100%|█████████████| 5/5 [00:00\u003c00:00, 2462.89 examples/s]\r\n"}
,{"stream_name":"stdout","time":262.595153352,"data":"2026-09-24:03:59:14,014 INFO     [datasets_wrapper.py:500] Non-HF cache (for datasets) case: NonHfCacheCase.NOT_USED_BC_CACHE_UNAVAILABLE\r\n"}
,{"stream_name":"stdout","time":262.595157474,"data":"\rMap:   0%|                                       | 0/29 [00:00\u003c?, ? examples/s]\rMap: 100%|████████████████████████████| 29/29 [00:00\u003c00:00, 4378.03 examples/s]\r\n"}
,{"stream_name":"stdout","time":262.5951801,"data":"[task] mmlu_high_school_mathematics:rc::olmes split=validation shots=5: 29 docs\r\n"}
,{"stream_name":"stdout","time":263.354870313,"data":"\rhigh_school_microeconomics/test-00000-of(…):   0%| | 0.00/38.8k [00:00\u003c?, ?B/s]\rhigh_school_microeconomics/test-00000-of(…): 100%|█| 38.8k/38.8k [00:00\u003c00:00, \r\n"}
,{"stream_name":"stdout","time":263.557589905,"data":"\rhigh_school_microeconomics/validation-00(…):   0%| | 0.00/7.22k [00:00\u003c?, ?B/s]\rhigh_school_microeconomics/validation-00(…): 100%|█| 7.22k/7.22k [00:00\u003c00:00, \r\n"}
,{"stream_name":"stdout","time":263.761439148,"data":"\rhigh_school_microeconomics/dev-00000-of-(…):   0%| | 0.00/3.83k [00:00\u003c?, ?B/s]\rhigh_school_microeconomics/dev-00000-of-(…): 100%|█| 3.83k/3.83k [00:00\u003c00:00, \r\n"}
,{"stream_name":"stdout","time":263.761468881,"data":"\rGenerating test split:   0%|                    | 0/238 [00:00\u003c?, ? examples/s]\rGenerating test split: 100%|███████| 238/238 [00:00\u003c00:00, 80173.83 examples/s]\r\n"}
,{"stream_name":"stdout","time":263.761474524,"data":"\rGenerating validation split:   0%|               | 0/26 [00:00\u003c?, ? examples/s]\rGenerating validation split: 100%|███| 26/26 [00:00\u003c00:00, 10046.24 examples/s]\r\n"}
,{"stream_name":"stdout","time":263.76147904,"data":"\rGenerating dev split:   0%|                       | 0/5 [00:00\u003c?, ? examples/s]\rGenerating dev split: 100%|█████████████| 5/5 [00:00\u003c00:00, 2200.12 examples/s]\r\n"}
,{"stream_name":"stdout","time":263.761483507,"data":"2026-09-24:03:59:15,202 INFO     [datasets_wrapper.py:500] Non-HF cache (for datasets) case: NonHfCacheCase.NOT_USED_BC_CACHE_UNAVAILABLE\r\n"}
,{"stream_name":"stdout","time":263.81200219,"data":"\rMap:   0%|                                       | 0/26 [00:00\u003c?, ? examples/s]\rMap: 100%|████████████████████████████| 26/26 [00:00\u003c00:00, 4144.41 examples/s]\r\n"}
,{"stream_name":"stdout","time":263.81204356,"data":"[task] mmlu_high_school_microeconomics:rc::olmes split=validation shots=5: 26 docs\r\n"}
,{"stream_name":"stdout","time":265.232487761,"data":"\rhigh_school_physics/test-00000-of-00001.(…):   0%| | 0.00/33.0k [00:00\u003c?, ?B/s]\rhigh_school_physics/test-00000-of-00001.(…): 100%|█| 33.0k/33.0k [00:00\u003c00:00, \rhigh_school_physics/test-00000-of-00001.(…): 100%|█| 33.0k/33.0k [00:00\u003c00:00, \r\n"}
,{"stream_name":"stdout","time":265.435775613,"data":"\rhigh_school_physics/validation-00000-of-(…):   0%| | 0.00/7.96k [00:00\u003c?, ?B/s]\rhigh_school_physics/validation-00000-of-(…): 100%|█| 7.96k/7.96k [00:00\u003c00:00, \r\n"}
,{"stream_name":"stdout","time":265.639980044,"data":"\rhigh_school_physics/dev-00000-of-00001.p(…):   0%| | 0.00/4.57k [00:00\u003c?, ?B/s]\rhigh_school_physics/dev-00000-of-00001.p(…): 100%|█| 4.57k/4.57k [00:00\u003c00:00, \r\n"}
,{"stream_name":"stdout","time":265.640008018,"data":"\rGenerating test split:   0%|                    | 0/151 [00:00\u003c?, ? examples/s]\rGenerating test split: 100%|███████| 151/151 [00:00\u003c00:00, 47943.97 examples/s]\r\n"}
,{"stream_name":"stdout","time":265.640014768,"data":"\rGenerating validation split:   0%|               | 0/17 [00:00\u003c?, ? examples/s]\rGenerating validation split: 100%|████| 17/17 [00:00\u003c00:00, 7725.99 examples/s]\r\n"}
,{"stream_name":"stdout","time":265.640020337,"data":"\rGenerating dev split:   0%|                       | 0/5 [00:00\u003c?, ? examples/s]\rGenerating dev split: 100%|█████████████| 5/5 [00:00\u003c00:00, 2294.98 examples/s]\r\n"}
,{"stream_name":"stdout","time":265.640025675,"data":"2026-09-24:03:59:17,080 INFO     [datasets_wrapper.py:500] Non-HF cache (for datasets) case: NonHfCacheCase.NOT_USED_BC_CACHE_UNAVAILABLE\r\n"}
,{"stream_name":"stdout","time":265.690327784,"data":"\rMap:   0%|                                       | 0/17 [00:00\u003c?, ? examples/s]\rMap: 100%|████████████████████████████| 17/17 [00:00\u003c00:00, 2398.84 examples/s]\r\n"}
,{"stream_name":"stdout","time":265.690364906,"data":"[task] mmlu_high_school_physics:rc::olmes split=validation shots=5: 17 docs\r\n"}
,{"stream_name":"stdout","time":266.500490691,"data":"\rhigh_school_psychology/test-00000-of-000(…):   0%| | 0.00/92.8k [00:00\u003c?, ?B/s]\rhigh_school_psychology/test-00000-of-000(…): 100%|█| 92.8k/92.8k [00:00\u003c00:00, \r\n"}
,{"stream_name":"stdout","time":266.703222003,"data":"\rhigh_school_psychology/validation-00000-(…):   0%| | 0.00/15.2k [00:00\u003c?, ?B/s]\rhigh_school_psychology/validation-00000-(…): 100%|█| 15.2k/15.2k [00:00\u003c00:00, \r\n"}
,{"stream_name":"stdout","time":266.906992735,"data":"\rhigh_school_psychology/dev-00000-of-0000(…):   0%| | 0.00/5.18k [00:00\u003c?, ?B/s]\rhigh_school_psychology/dev-00000-of-0000(…): 100%|█| 5.18k/5.18k [00:00\u003c00:00, \r\n"}
,{"stream_name":"stdout","time":266.907024481,"data":"\rGenerating test split:   0%|                    | 0/545 [00:00\u003c?, ? examples/s]\rGenerating test split: 100%|██████| 545/545 [00:00\u003c00:00, 173331.49 examples/s]\r\n"}
,{"stream_name":"stdout","time":266.907031697,"data":"\rGenerating validation split:   0%|               | 0/60 [00:00\u003c?, ? examples/s]\rGenerating validation split: 100%|███| 60/60 [00:00\u003c00:00, 24151.46 examples/s]\r\n"}
,{"stream_name":"stdout","time":266.907036735,"data":"\rGenerating dev split:   0%|                       | 0/5 [00:00\u003c?, ? examples/s]\rGenerating dev split: 100%|█████████████| 5/5 [00:00\u003c00:00, 2303.55 examples/s]\r\n"}
,{"stream_name":"stdout","time":266.907041859,"data":"2026-09-24:03:59:18,330 INFO     [datasets_wrapper.py:500] Non-HF cache (for datasets) case: NonHfCacheCase.NOT_USED_BC_CACHE_UNAVAILABLE\r\n"}
,{"stream_name":"stdout","time":266.907046512,"data":"\rMap:   0%|                                       | 0/60 [00:00\u003c?, ? examples/s]\rMap: 100%|████████████████████████████| 60/60 [00:00\u003c00:00, 6669.62 examples/s]\r\n"}
,{"stream_name":"stdout","time":266.957287056,"data":"[task] mmlu_high_school_psychology:rc::olmes split=validation shots=5: 60 docs\r\n"}
,{"stream_name":"stdout","time":267.717355446,"data":"\rhigh_school_statistics/test-00000-of-000(…):   0%| | 0.00/58.0k [00:00\u003c?, ?B/s]\rhigh_school_statistics/test-00000-of-000(…): 100%|█| 58.0k/58.0k [00:00\u003c00:00, \r\n"}
,{"stream_name":"stdout","time":267.920184457,"data":"\rhigh_school_statistics/validation-00000-(…):   0%| | 0.00/10.9k [00:00\u003c?, ?B/s]\rhigh_school_statistics/validation-00000-(…): 100%|█| 10.9k/10.9k [00:00\u003c00:00, \r\n"}
,{"stream_name":"stdout","time":268.123692444,"data":"\rhigh_school_statistics/dev-00000-of-0000(…):   0%| | 0.00/6.07k [00:00\u003c?, ?B/s]\rhigh_school_statistics/dev-00000-of-0000(…): 100%|█| 6.07k/6.07k [00:00\u003c00:00, \r\n"}
,{"stream_name":"stdout","time":268.123721725,"data":"\rGenerating test split:   0%|                    | 0/216 [00:00\u003c?, ? examples/s]\rGenerating test split: 100%|███████| 216/216 [00:00\u003c00:00, 59082.41 examples/s]\r\n"}
,{"stream_name":"stdout","time":268.123731348,"data":"\rGenerating validation split:   0%|               | 0/23 [00:00\u003c?, ? examples/s]\rGenerating validation split: 100%|████| 23/23 [00:00\u003c00:00, 9399.69 examples/s]\r\n"}
,{"stream_name":"stdout","time":268.123740729,"data":"\rGenerating dev split:   0%|                       | 0/5 [00:00\u003c?, ? examples/s]\rGenerating dev split: 100%|█████████████| 5/5 [00:00\u003c00:00, 2267.19 examples/s]\r\n"}
,{"stream_name":"stdout","time":268.123744915,"data":"2026-09-24:03:59:19,541 INFO     [datasets_wrapper.py:500] Non-HF cache (for datasets) case: NonHfCacheCase.NOT_USED_BC_CACHE_UNAVAILABLE\r\n"}
,{"stream_name":"stdout","time":268.123748911,"data":"\rMap:   0%|                                       | 0/23 [00:00\u003c?, ? examples/s]\rMap: 100%|████████████████████████████| 23/23 [00:00\u003c00:00, 3733.90 examples/s]\r\n"}
,{"stream_name":"stdout","time":268.123764133,"data":"[task] mmlu_high_school_statistics:rc::olmes split=validation shots=5: 23 docs\r\n"}
,{"stream_name":"stdout","time":268.932821751,"data":"\rhigh_school_us_history/test-00000-of-000(…):   0%|  | 0.00/155k [00:00\u003c?, ?B/s]\rhigh_school_us_history/test-00000-of-000(…): 100%|█| 155k/155k [00:00\u003c00:00, 1.\r\n"}
,{"stream_name":"stdout","time":269.186315615,"data":"\rhigh_school_us_history/validation-00000-(…):   0%| | 0.00/27.3k [00:00\u003c?, ?B/s]\rhigh_school_us_history/validation-00000-(…): 100%|█| 27.3k/27.3k [00:00\u003c00:00, \r\n"}
,{"stream_name":"stdout","time":269.339426158,"data":"\rhigh_school_us_history/dev-00000-of-0000(…):   0%| | 0.00/17.8k [00:00\u003c?, ?B/s]\rhigh_school_us_history/dev-00000-of-0000(…): 100%|█| 17.8k/17.8k [00:00\u003c00:00, \r\n"}
,{"stream_name":"stdout","time":269.389851269,"data":"\rGenerating test split:   0%|                    | 0/204 [00:00\u003c?, ? examples/s]\rGenerating test split: 100%|███████| 204/204 [00:00\u003c00:00, 50647.45 examples/s]\r\n"}
,{"stream_name":"stdout","time":269.389882687,"data":"\rGenerating validation split:   0%|               | 0/22 [00:00\u003c?, ? examples/s]\rGenerating validation split: 100%|████| 22/22 [00:00\u003c00:00, 8656.16 examples/s]\r\n"}
,{"stream_name":"stdout","time":269.389886669,"data":"\rGenerating dev split:   0%|                       | 0/5 [00:00\u003c?, ? examples/s]\rGenerating dev split: 100%|█████████████| 5/5 [00:00\u003c00:00, 2169.39 examples/s]\r\n"}
,{"stream_name":"stdout","time":269.389889613,"data":"2026-09-24:03:59:20,806 INFO     [datasets_wrapper.py:500] Non-HF cache (for datasets) case: NonHfCacheCase.NOT_USED_BC_CACHE_UNAVAILABLE\r\n"}
,{"stream_name":"stdout","time":269.389892934,"data":"\rMap:   0%|                                       | 0/22 [00:00\u003c?, ? examples/s]\rMap: 100%|████████████████████████████| 22/22 [00:00\u003c00:00, 3530.83 examples/s]\r\n"}
,{"stream_name":"stdout","time":269.389909932,"data":"[task] mmlu_high_school_us_history:rc::olmes split=validation shots=5: 22 docs\r\n"}
,{"stream_name":"stdout","time":270.151235499,"data":"\rhigh_school_world_history/test-00000-of-(…):   0%|  | 0.00/202k [00:00\u003c?, ?B/s]\rhigh_school_world_history/test-00000-of-(…): 100%|█| 202k/202k [00:00\u003c00:00, 2.\r\n"}
,{"stream_name":"stdout","time":270.353701285,"data":"\rhigh_school_world_history/validation-000(…):   0%| | 0.00/38.5k [00:00\u003c?, ?B/s]\rhigh_school_world_history/validation-000(…): 100%|█| 38.5k/38.5k [00:00\u003c00:00, \r\n"}
,{"stream_name":"stdout","time":270.556534015,"data":"\rhigh_school_world_history/dev-00000-of-0(…):   0%| | 0.00/10.2k [00:00\u003c?, ?B/s]\rhigh_school_world_history/dev-00000-of-0(…): 100%|█| 10.2k/10.2k [00:00\u003c00:00, \r\n"}
,{"stream_name":"stdout","time":270.556561865,"data":"\rGenerating test split:   0%|                    | 0/237 [00:00\u003c?, ? examples/s]\rGenerating test split: 100%|███████| 237/237 [00:00\u003c00:00, 55341.84 examples/s]\r\n"}
,{"stream_name":"stdout","time":270.556568043,"data":"\rGenerating validation split:   0%|               | 0/26 [00:00\u003c?, ? examples/s]\rGenerating validation split: 100%|███| 26/26 [00:00\u003c00:00, 10716.58 examples/s]\r\n"}
,{"stream_name":"stdout","time":270.556572401,"data":"\rGenerating dev split:   0%|                       | 0/5 [00:00\u003c?, ? examples/s]\rGenerating dev split: 100%|█████████████| 5/5 [00:00\u003c00:00, 2388.28 examples/s]\r\n"}
,{"stream_name":"stdout","time":270.607451205,"data":"2026-09-24:03:59:22,009 INFO     [datasets_wrapper.py:500] Non-HF cache (for datasets) case: NonHfCacheCase.NOT_USED_BC_CACHE_UNAVAILABLE\r\n"}
,{"stream_name":"stdout","time":270.607497359,"data":"\rMap:   0%|                                       | 0/26 [00:00\u003c?, ? examples/s]\rMap: 100%|████████████████████████████| 26/26 [00:00\u003c00:00, 4371.52 examples/s]\r\n"}
,{"stream_name":"stdout","time":270.607503181,"data":"[task] mmlu_high_school_world_history:rc::olmes split=validation shots=5: 26 docs\r\n"}
,{"stream_name":"stdout","time":271.571073762,"data":"\rhuman_aging/test-00000-of-00001.parquet:   0%|     | 0.00/31.2k [00:00\u003c?, ?B/s]\rhuman_aging/test-00000-of-00001.parquet: 100%|█| 31.2k/31.2k [00:00\u003c00:00, 340k\r\n"}
,{"stream_name":"stdout","time":271.72298786,"data":"\rhuman_aging/validation-00000-of-00001.pa(…):   0%| | 0.00/6.28k [00:00\u003c?, ?B/s]\rhuman_aging/validation-00000-of-00001.pa(…): 100%|█| 6.28k/6.28k [00:00\u003c00:00, \r\n"}
,{"stream_name":"stdout","time":271.976296115,"data":"\rhuman_aging/dev-00000-of-00001.parquet:   0%|      | 0.00/3.67k [00:00\u003c?, ?B/s]\rhuman_aging/dev-00000-of-00001.parquet: 100%|█| 3.67k/3.67k [00:00\u003c00:00, 50.9k\r\n"}
,{"stream_name":"stdout","time":271.976328777,"data":"\rGenerating test split:   0%|                    | 0/223 [00:00\u003c?, ? examples/s]\rGenerating test split: 100%|███████| 223/223 [00:00\u003c00:00, 79494.29 examples/s]\r\n"}
,{"stream_name":"stdout","time":271.97633329,"data":"\rGenerating validation split:   0%|               | 0/23 [00:00\u003c?, ? examples/s]\rGenerating validation split: 100%|███| 23/23 [00:00\u003c00:00, 10509.75 examples/s]\r\n"}
,{"stream_name":"stdout","time":271.976336444,"data":"\rGenerating dev split:   0%|                       | 0/5 [00:00\u003c?, ? examples/s]\rGenerating dev split: 100%|█████████████| 5/5 [00:00\u003c00:00, 2555.01 examples/s]\r\n"}
,{"stream_name":"stdout","time":271.976339651,"data":"2026-09-24:03:59:23,403 INFO     [datasets_wrapper.py:500] Non-HF cache (for datasets) case: NonHfCacheCase.NOT_USED_BC_CACHE_UNAVAILABLE\r\n"}
,{"stream_name":"stdout","time":271.976342489,"data":"\rMap:   0%|                                       | 0/23 [00:00\u003c?, ? examples/s]\rMap: 100%|████████████████████████████| 23/23 [00:00\u003c00:00, 4249.55 examples/s]\r\n"}
,{"stream_name":"stdout","time":271.976345443,"data":"[task] mmlu_human_aging:rc::olmes split=validation shots=5: 23 docs\r\n"}
,{"stream_name":"stdout","time":272.734652058,"data":"\rhuman_sexuality/test-00000-of-00001.parq(…):   0%| | 0.00/23.2k [00:00\u003c?, ?B/s]\rhuman_sexuality/test-00000-of-00001.parq(…): 100%|█| 23.2k/23.2k [00:00\u003c00:00, \r\n"}
,{"stream_name":"stdout","time":272.937179744,"data":"\rhuman_sexuality/validation-00000-of-0000(…):   0%| | 0.00/5.26k [00:00\u003c?, ?B/s]\rhuman_sexuality/validation-00000-of-0000(…): 100%|█| 5.26k/5.26k [00:00\u003c00:00, \r\n"}
,{"stream_name":"stdout","time":273.140014319,"data":"\rhuman_sexuality/dev-00000-of-00001.parqu(…):   0%| | 0.00/4.08k [00:00\u003c?, ?B/s]\rhuman_sexuality/dev-00000-of-00001.parqu(…): 100%|█| 4.08k/4.08k [00:00\u003c00:00, \r\n"}
,{"stream_name":"stdout","time":273.190191714,"data":"\rGenerating test split:   0%|                    | 0/131 [00:00\u003c?, ? examples/s]\rGenerating test split: 100%|███████| 131/131 [00:00\u003c00:00, 42510.93 examples/s]\r\n"}
,{"stream_name":"stdout","time":273.190220175,"data":"\rGenerating validation split:   0%|               | 0/12 [00:00\u003c?, ? examples/s]\rGenerating validation split: 100%|████| 12/12 [00:00\u003c00:00, 5869.58 examples/s]\r\n"}
,{"stream_name":"stdout","time":273.190226471,"data":"\rGenerating dev split:   0%|                       | 0/5 [00:00\u003c?, ? examples/s]\rGenerating dev split: 100%|█████████████| 5/5 [00:00\u003c00:00, 2597.74 examples/s]\r\n"}
,{"stream_name":"stdout","time":273.190247635,"data":"2026-09-24:03:59:24,599 INFO     [datasets_wrapper.py:500] Non-HF cache (for datasets) case: NonHfCacheCase.NOT_USED_BC_CACHE_UNAVAILABLE\r\n"}
,{"stream_name":"stdout","time":273.190250646,"data":"\rMap:   0%|                                       | 0/12 [00:00\u003c?, ? examples/s]\rMap: 100%|████████████████████████████| 12/12 [00:00\u003c00:00, 2393.78 examples/s]\r\n"}
,{"stream_name":"stdout","time":273.190253545,"data":"[task] mmlu_human_sexuality:rc::olmes split=validation shots=5: 12 docs\r\n"}
,{"stream_name":"stdout","time":273.948396219,"data":"\rinternational_law/test-00000-of-00001.pa(…):   0%| | 0.00/29.5k [00:00\u003c?, ?B/s]\rinternational_law/test-00000-of-00001.pa(…): 100%|█| 29.5k/29.5k [00:00\u003c00:00, \r\n"}
,{"stream_name":"stdout","time":274.150765555,"data":"\rinternational_law/validation-00000-of-00(…):   0%| | 0.00/7.12k [00:00\u003c?, ?B/s]\rinternational_law/validation-00000-of-00(…): 100%|█| 7.12k/7.12k [00:00\u003c00:00, \r\n"}
,{"stream_name":"stdout","time":274.353113071,"data":"\rinternational_law/dev-00000-of-00001.par(…):   0%| | 0.00/4.96k [00:00\u003c?, ?B/s]\rinternational_law/dev-00000-of-00001.par(…): 100%|█| 4.96k/4.96k [00:00\u003c00:00, \r\n"}
,{"stream_name":"stdout","time":274.353138478,"data":"\rGenerating test split:   0%|                    | 0/121 [00:00\u003c?, ? examples/s]\rGenerating test split: 100%|███████| 121/121 [00:00\u003c00:00, 41237.57 examples/s]\r\n"}
,{"stream_name":"stdout","time":274.353143643,"data":"\rGenerating validation split:   0%|               | 0/13 [00:00\u003c?, ? examples/s]\rGenerating validation split: 100%|████| 13/13 [00:00\u003c00:00, 5975.45 examples/s]\r\n"}
,{"stream_name":"stdout","time":274.353148146,"data":"\rGenerating dev split:   0%|                       | 0/5 [00:00\u003c?, ? examples/s]\rGenerating dev split: 100%|█████████████| 5/5 [00:00\u003c00:00, 2442.53 examples/s]\r\n"}
,{"stream_name":"stdout","time":274.353157162,"data":"2026-09-24:03:59:25,775 INFO     [datasets_wrapper.py:500] Non-HF cache (for datasets) case: NonHfCacheCase.NOT_USED_BC_CACHE_UNAVAILABLE\r\n"}
,{"stream_name":"stdout","time":274.353160562,"data":"\rMap:   0%|                                       | 0/13 [00:00\u003c?, ? examples/s]\rMap: 100%|████████████████████████████| 13/13 [00:00\u003c00:00, 2342.58 examples/s]\r\n"}
,{"stream_name":"stdout","time":274.353163312,"data":"[task] mmlu_international_law:rc::olmes split=validation shots=5: 13 docs\r\n"}
,{"stream_name":"stdout","time":275.113226701,"data":"\rjurisprudence/test-00000-of-00001.parque(…):   0%| | 0.00/23.3k [00:00\u003c?, ?B/s]\rjurisprudence/test-00000-of-00001.parque(…): 100%|█| 23.3k/23.3k [00:00\u003c00:00, \r\n"}
,{"stream_name":"stdout","time":275.315973901,"data":"\rjurisprudence/validation-00000-of-00001.(…):   0%| | 0.00/6.21k [00:00\u003c?, ?B/s]\rjurisprudence/validation-00000-of-00001.(…): 100%|█| 6.21k/6.21k [00:00\u003c00:00, \r\n"}
,{"stream_name":"stdout","time":275.568640279,"data":"\rjurisprudence/dev-00000-of-00001.parquet:   0%|    | 0.00/4.05k [00:00\u003c?, ?B/s]\rjurisprudence/dev-00000-of-00001.parquet: 100%|█| 4.05k/4.05k [00:00\u003c00:00, 51.\r\n"}
,{"stream_name":"stdout","time":275.568668761,"data":"\rGenerating test split:   0%|                    | 0/108 [00:00\u003c?, ? examples/s]\rGenerating test split: 100%|███████| 108/108 [00:00\u003c00:00, 37913.03 examples/s]\r\n"}
,{"stream_name":"stdout","time":275.568676023,"data":"\rGenerating validation split:   0%|               | 0/11 [00:00\u003c?, ? examples/s]\rGenerating validation split: 100%|████| 11/11 [00:00\u003c00:00, 5125.23 examples/s]\r\n"}
,{"stream_name":"stdout","time":275.568692377,"data":"\rGenerating dev split:   0%|                       | 0/5 [00:00\u003c?, ? examples/s]\rGenerating dev split: 100%|█████████████| 5/5 [00:00\u003c00:00, 2501.37 examples/s]\r\n"}
,{"stream_name":"stdout","time":275.568695345,"data":"2026-09-24:03:59:26,990 INFO     [datasets_wrapper.py:500] Non-HF cache (for datasets) case: NonHfCacheCase.NOT_USED_BC_CACHE_UNAVAILABLE\r\n"}
,{"stream_name":"stdout","time":275.56869802,"data":"\rMap:   0%|                                       | 0/11 [00:00\u003c?, ? examples/s]\rMap: 100%|████████████████████████████| 11/11 [00:00\u003c00:00, 2101.93 examples/s]\r\n"}
,{"stream_name":"stdout","time":275.568700775,"data":"[task] mmlu_jurisprudence:rc::olmes split=validation shots=5: 11 docs\r\n"}
,{"stream_name":"stdout","time":276.326710695,"data":"\rlogical_fallacies/test-00000-of-00001.pa(…):   0%| | 0.00/23.0k [00:00\u003c?, ?B/s]\rlogical_fallacies/test-00000-of-00001.pa(…): 100%|█| 23.0k/23.0k [00:00\u003c00:00, \r\n"}
,{"stream_name":"stdout","time":276.529216691,"data":"\rlogical_fallacies/validation-00000-of-00(…):   0%| | 0.00/6.52k [00:00\u003c?, ?B/s]\rlogical_fallacies/validation-00000-of-00(…): 100%|█| 6.52k/6.52k [00:00\u003c00:00, \r\n"}
,{"stream_name":"stdout","time":276.732189156,"data":"\rlogical_fallacies/dev-00000-of-00001.par(…):   0%| | 0.00/4.12k [00:00\u003c?, ?B/s]\rlogical_fallacies/dev-00000-of-00001.par(…): 100%|█| 4.12k/4.12k [00:00\u003c00:00, \r\n"}
,{"stream_name":"stdout","time":276.732216878,"data":"\rGenerating test split:   0%|                    | 0/163 [00:00\u003c?, ? examples/s]\rGenerating test split: 100%|███████| 163/163 [00:00\u003c00:00, 61222.49 examples/s]\r\n"}
,{"stream_name":"stdout","time":276.732223669,"data":"\rGenerating validation split:   0%|               | 0/18 [00:00\u003c?, ? examples/s]\rGenerating validation split: 100%|████| 18/18 [00:00\u003c00:00, 8161.01 examples/s]\r\n"}
,{"stream_name":"stdout","time":276.732228864,"data":"\rGenerating dev split:   0%|                       | 0/5 [00:00\u003c?, ? examples/s]\rGenerating dev split: 100%|█████████████| 5/5 [00:00\u003c00:00, 2514.57 examples/s]\r\n"}
,{"stream_name":"stdout","time":276.732233839,"data":"2026-09-24:03:59:28,166 INFO     [datasets_wrapper.py:500] Non-HF cache (for datasets) case: NonHfCacheCase.NOT_USED_BC_CACHE_UNAVAILABLE\r\n"}
,{"stream_name":"stdout","time":276.783223159,"data":"\rMap:   0%|                                       | 0/18 [00:00\u003c?, ? examples/s]\rMap: 100%|████████████████████████████| 18/18 [00:00\u003c00:00, 2787.22 examples/s]\r\n"}
,{"stream_name":"stdout","time":276.783264914,"data":"[task] mmlu_logical_fallacies:rc::olmes split=validation shots=5: 18 docs\r\n"}
,{"stream_name":"stdout","time":277.49144777,"data":"\rmachine_learning/test-00000-of-00001.par(…):   0%| | 0.00/19.7k [00:00\u003c?, ?B/s]\rmachine_learning/test-00000-of-00001.par(…): 100%|█| 19.7k/19.7k [00:00\u003c00:00, \r\n"}
,{"stream_name":"stdout","time":277.694565294,"data":"\rmachine_learning/validation-00000-of-000(…):   0%| | 0.00/6.17k [00:00\u003c?, ?B/s]\rmachine_learning/validation-00000-of-000(…): 100%|█| 6.17k/6.17k [00:00\u003c00:00, \r\n"}
,{"stream_name":"stdout","time":277.898129733,"data":"\rmachine_learning/dev-00000-of-00001.parq(…):   0%| | 0.00/5.25k [00:00\u003c?, ?B/s]\rmachine_learning/dev-00000-of-00001.parq(…): 100%|█| 5.25k/5.25k [00:00\u003c00:00, \r\n"}
,{"stream_name":"stdout","time":277.898176158,"data":"\rGenerating test split:   0%|                    | 0/112 [00:00\u003c?, ? examples/s]\rGenerating test split: 100%|███████| 112/112 [00:00\u003c00:00, 41027.25 examples/s]\r\n"}
,{"stream_name":"stdout","time":277.898184985,"data":"\rGenerating validation split:   0%|               | 0/11 [00:00\u003c?, ? examples/s]\rGenerating validation split: 100%|████| 11/11 [00:00\u003c00:00, 4554.53 examples/s]\r\n"}
,{"stream_name":"stdout","time":277.898190661,"data":"\rGenerating dev split:   0%|                       | 0/5 [00:00\u003c?, ? examples/s]\rGenerating dev split: 100%|█████████████| 5/5 [00:00\u003c00:00, 2480.08 examples/s]\r\n"}
,{"stream_name":"stdout","time":277.948685351,"data":"2026-09-24:03:59:29,344 INFO     [datasets_wrapper.py:500] Non-HF cache (for datasets) case: NonHfCacheCase.NOT_USED_BC_CACHE_UNAVAILABLE\r\n"}
,{"stream_name":"stdout","time":277.948712439,"data":"\rMap:   0%|                                       | 0/11 [00:00\u003c?, ? examples/s]\rMap: 100%|████████████████████████████| 11/11 [00:00\u003c00:00, 2042.92 examples/s]\r\n"}
,{"stream_name":"stdout","time":277.948720404,"data":"[task] mmlu_machine_learning:rc::olmes split=validation shots=5: 11 docs\r\n"}
,{"stream_name":"stdout","time":278.657380378,"data":"\rmanagement/test-00000-of-00001.parquet:   0%|      | 0.00/14.7k [00:00\u003c?, ?B/s]\rmanagement/test-00000-of-00001.parquet: 100%|█| 14.7k/14.7k [00:00\u003c00:00, 199kB\r\n"}
,{"stream_name":"stdout","time":278.860535253,"data":"\rmanagement/validation-00000-of-00001.par(…):   0%| | 0.00/4.50k [00:00\u003c?, ?B/s]\rmanagement/validation-00000-of-00001.par(…): 100%|█| 4.50k/4.50k [00:00\u003c00:00, \r\n"}
,{"stream_name":"stdout","time":279.063679463,"data":"\rmanagement/dev-00000-of-00001.parquet:   0%|       | 0.00/3.61k [00:00\u003c?, ?B/s]\rmanagement/dev-00000-of-00001.parquet: 100%|█| 3.61k/3.61k [00:00\u003c00:00, 45.1kB\r\n"}
,{"stream_name":"stdout","time":279.063704696,"data":"\rGenerating test split:   0%|                    | 0/103 [00:00\u003c?, ? examples/s]\rGenerating test split: 100%|███████| 103/103 [00:00\u003c00:00, 38627.80 examples/s]\r\n"}
,{"stream_name":"stdout","time":279.063711263,"data":"\rGenerating validation split:   0%|               | 0/11 [00:00\u003c?, ? examples/s]\rGenerating validation split: 100%|████| 11/11 [00:00\u003c00:00, 5401.87 examples/s]\r\n"}
,{"stream_name":"stdout","time":279.063716201,"data":"\rGenerating dev split:   0%|                       | 0/5 [00:00\u003c?, ? examples/s]\rGenerating dev split: 100%|█████████████| 5/5 [00:00\u003c00:00, 2498.69 examples/s]\r\n"}
,{"stream_name":"stdout","time":279.114368272,"data":"2026-09-24:03:59:30,515 INFO     [datasets_wrapper.py:500] Non-HF cache (for datasets) case: NonHfCacheCase.NOT_USED_BC_CACHE_UNAVAILABLE\r\n"}
,{"stream_name":"stdout","time":279.114399367,"data":"\rMap:   0%|                                       | 0/11 [00:00\u003c?, ? examples/s]\rMap: 100%|████████████████████████████| 11/11 [00:00\u003c00:00, 2216.22 examples/s]\r\n"}
,{"stream_name":"stdout","time":279.11440707,"data":"[task] mmlu_management:rc::olmes split=validation shots=5: 11 docs\r\n"}
,{"stream_name":"stdout","time":279.874928626,"data":"\rmarketing/test-00000-of-00001.parquet:   0%|       | 0.00/37.3k [00:00\u003c?, ?B/s]\rmarketing/test-00000-of-00001.parquet: 100%|█| 37.3k/37.3k [00:00\u003c00:00, 351kB/\rmarketing/test-00000-of-00001.parquet: 100%|█| 37.3k/37.3k [00:00\u003c00:00, 349kB/\r\n"}
,{"stream_name":"stdout","time":280.129431885,"data":"\rmarketing/validation-00000-of-00001.parq(…):   0%| | 0.00/8.21k [00:00\u003c?, ?B/s]\rmarketing/validation-00000-of-00001.parq(…): 100%|█| 8.21k/8.21k [00:00\u003c00:00, \rmarketing/validation-00000-of-00001.parq(…): 100%|█| 8.21k/8.21k [00:00\u003c00:00, \r\n"}
,{"stream_name":"stdout","time":280.333428172,"data":"\rmarketing/dev-00000-of-00001.parquet:   0%|        | 0.00/4.28k [00:00\u003c?, ?B/s]\rmarketing/dev-00000-of-00001.parquet: 100%|█| 4.28k/4.28k [00:00\u003c00:00, 55.9kB/\r\n"}
,{"stream_name":"stdout","time":280.333456864,"data":"\rGenerating test split:   0%|                    | 0/234 [00:00\u003c?, ? examples/s]\rGenerating test split: 100%|███████| 234/234 [00:00\u003c00:00, 85248.60 examples/s]\r\n"}
,{"stream_name":"stdout","time":280.333468747,"data":"\rGenerating validation split:   0%|               | 0/25 [00:00\u003c?, ? examples/s]\rGenerating validation split: 100%|███| 25/25 [00:00\u003c00:00, 12112.46 examples/s]\r\n"}
,{"stream_name":"stdout","time":280.333472082,"data":"\rGenerating dev split:   0%|                       | 0/5 [00:00\u003c?, ? examples/s]\rGenerating dev split: 100%|█████████████| 5/5 [00:00\u003c00:00, 2500.48 examples/s]\r\n"}
,{"stream_name":"stdout","time":280.333475093,"data":"2026-09-24:03:59:31,754 INFO     [datasets_wrapper.py:500] Non-HF cache (for datasets) case: NonHfCacheCase.NOT_USED_BC_CACHE_UNAVAILABLE\r\n"}
,{"stream_name":"stdout","time":280.333477892,"data":"\rMap:   0%|                                       | 0/25 [00:00\u003c?, ? examples/s]\rMap: 100%|████████████████████████████| 25/25 [00:00\u003c00:00, 4597.00 examples/s]\r\n"}
,{"stream_name":"stdout","time":280.333480885,"data":"[task] mmlu_marketing:rc::olmes split=validation shots=5: 25 docs\r\n"}
,{"stream_name":"stdout","time":281.095614138,"data":"\rmedical_genetics/test-00000-of-00001.par(…):   0%| | 0.00/16.4k [00:00\u003c?, ?B/s]\rmedical_genetics/test-00000-of-00001.par(…): 100%|█| 16.4k/16.4k [00:00\u003c00:00, \r\n"}
,{"stream_name":"stdout","time":281.347471827,"data":"\rmedical_genetics/validation-00000-of-000(…):   0%| | 0.00/5.63k [00:00\u003c?, ?B/s]\rmedical_genetics/validation-00000-of-000(…): 100%|█| 5.63k/5.63k [00:00\u003c00:00, \r\n"}
,{"stream_name":"stdout","time":281.550027767,"data":"\rmedical_genetics/dev-00000-of-00001.parq(…):   0%| | 0.00/3.77k [00:00\u003c?, ?B/s]\rmedical_genetics/dev-00000-of-00001.parq(…): 100%|█| 3.77k/3.77k [00:00\u003c00:00, \r\n"}
,{"stream_name":"stdout","time":281.550068897,"data":"\rGenerating test split:   0%|                    | 0/100 [00:00\u003c?, ? examples/s]\rGenerating test split: 100%|███████| 100/100 [00:00\u003c00:00, 38388.28 examples/s]\r\n"}
,{"stream_name":"stdout","time":281.550072739,"data":"\rGenerating validation split:   0%|               | 0/11 [00:00\u003c?, ? examples/s]\rGenerating validation split: 100%|████| 11/11 [00:00\u003c00:00, 4940.82 examples/s]\r\n"}
,{"stream_name":"stdout","time":281.550075783,"data":"\rGenerating dev split:   0%|                       | 0/5 [00:00\u003c?, ? examples/s]\rGenerating dev split: 100%|█████████████| 5/5 [00:00\u003c00:00, 2188.87 examples/s]\r\n"}
,{"stream_name":"stdout","time":281.550078507,"data":"2026-09-24:03:59:32,972 INFO     [datasets_wrapper.py:500] Non-HF cache (for datasets) case: NonHfCacheCase.NOT_USED_BC_CACHE_UNAVAILABLE\r\n"}
,{"stream_name":"stdout","time":281.550081128,"data":"\rMap:   0%|                                       | 0/11 [00:00\u003c?, ? examples/s]\rMap: 100%|████████████████████████████| 11/11 [00:00\u003c00:00, 1950.84 examples/s]\r\n"}
,{"stream_name":"stdout","time":281.550083855,"data":"[task] mmlu_medical_genetics:rc::olmes split=validation shots=5: 11 docs\r\n"}
,{"stream_name":"stdout","time":282.309204588,"data":"\rmiscellaneous/test-00000-of-00001.parque(…):   0%| | 0.00/98.6k [00:00\u003c?, ?B/s]\rmiscellaneous/test-00000-of-00001.parque(…): 100%|█| 98.6k/98.6k [00:00\u003c00:00, \r\n"}
,{"stream_name":"stdout","time":282.512976484,"data":"\rmiscellaneous/validation-00000-of-00001.(…):   0%| | 0.00/13.2k [00:00\u003c?, ?B/s]\rmiscellaneous/validation-00000-of-00001.(…): 100%|█| 13.2k/13.2k [00:00\u003c00:00, \r\n"}
,{"stream_name":"stdout","time":282.716634849,"data":"\rmiscellaneous/dev-00000-of-00001.parquet:   0%|    | 0.00/3.37k [00:00\u003c?, ?B/s]\rmiscellaneous/dev-00000-of-00001.parquet: 100%|█| 3.37k/3.37k [00:00\u003c00:00, 42.\r\n"}
,{"stream_name":"stdout","time":282.71665867,"data":"\rGenerating test split:   0%|                    | 0/783 [00:00\u003c?, ? examples/s]\rGenerating test split: 100%|██████| 783/783 [00:00\u003c00:00, 232670.21 examples/s]\r\n"}
,{"stream_name":"stdout","time":282.716664332,"data":"\rGenerating validation split:   0%|               | 0/86 [00:00\u003c?, ? examples/s]\rGenerating validation split: 100%|███| 86/86 [00:00\u003c00:00, 33110.90 examples/s]\r\n"}
,{"stream_name":"stdout","time":282.716668898,"data":"\rGenerating dev split:   0%|                       | 0/5 [00:00\u003c?, ? examples/s]\rGenerating dev split: 100%|█████████████| 5/5 [00:00\u003c00:00, 2434.30 examples/s]\r\n"}
,{"stream_name":"stdout","time":282.716674018,"data":"2026-09-24:03:59:34,141 INFO     [datasets_wrapper.py:500] Non-HF cache (for datasets) case: NonHfCacheCase.NOT_USED_BC_CACHE_UNAVAILABLE\r\n"}
,{"stream_name":"stdout","time":282.71667821,"data":"\rMap:   0%|                                       | 0/86 [00:00\u003c?, ? examples/s]\rMap: 100%|████████████████████████████| 86/86 [00:00\u003c00:00, 9336.84 examples/s]\r\n"}
,{"stream_name":"stdout","time":282.767258219,"data":"[task] mmlu_miscellaneous:rc::olmes split=validation shots=5: 86 docs\r\n"}
,{"stream_name":"stdout","time":283.527795759,"data":"\rmoral_disputes/test-00000-of-00001.parqu(…):   0%| | 0.00/60.9k [00:00\u003c?, ?B/s]\rmoral_disputes/test-00000-of-00001.parqu(…): 100%|█| 60.9k/60.9k [00:00\u003c00:00, \r\n"}
,{"stream_name":"stdout","time":283.731197053,"data":"\rmoral_disputes/validation-00000-of-00001(…):   0%| | 0.00/10.7k [00:00\u003c?, ?B/s]\rmoral_disputes/validation-00000-of-00001(…): 100%|█| 10.7k/10.7k [00:00\u003c00:00, \r\n"}
,{"stream_name":"stdout","time":283.93418762700003,"data":"\rmoral_disputes/dev-00000-of-00001.parque(…):   0%| | 0.00/4.41k [00:00\u003c?, ?B/s]\rmoral_disputes/dev-00000-of-00001.parque(…): 100%|█| 4.41k/4.41k [00:00\u003c00:00, \r\n"}
,{"stream_name":"stdout","time":283.934220359,"data":"\rGenerating test split:   0%|                    | 0/346 [00:00\u003c?, ? examples/s]\rGenerating test split: 100%|██████| 346/346 [00:00\u003c00:00, 112263.42 examples/s]\r\n"}
,{"stream_name":"stdout","time":283.934232269,"data":"\rGenerating validation split:   0%|               | 0/38 [00:00\u003c?, ? examples/s]\rGenerating validation split: 100%|███| 38/38 [00:00\u003c00:00, 16680.64 examples/s]\r\n"}
,{"stream_name":"stdout","time":283.934254022,"data":"\rGenerating dev split:   0%|                       | 0/5 [00:00\u003c?, ? examples/s]\rGenerating dev split: 100%|█████████████| 5/5 [00:00\u003c00:00, 2443.09 examples/s]\r\n"}
,{"stream_name":"stdout","time":283.934261731,"data":"2026-09-24:03:59:35,357 INFO     [datasets_wrapper.py:500] Non-HF cache (for datasets) case: NonHfCacheCase.NOT_USED_BC_CACHE_UNAVAILABLE\r\n"}
,{"stream_name":"stdout","time":283.93426843,"data":"\rMap:   0%|                                       | 0/38 [00:00\u003c?, ? examples/s]\rMap: 100%|████████████████████████████| 38/38 [00:00\u003c00:00, 5553.82 examples/s]\r\n"}
,{"stream_name":"stdout","time":283.934286836,"data":"[task] mmlu_moral_disputes:rc::olmes split=validation shots=5: 38 docs\r\n"}
,{"stream_name":"stdout","time":285.200673255,"data":"\rmoral_scenarios/test-00000-of-00001.parq(…):   0%| | 0.00/89.8k [00:00\u003c?, ?B/s]\rmoral_scenarios/test-00000-of-00001.parq(…): 100%|█| 89.8k/89.8k [00:00\u003c00:00, \r\n"}
,{"stream_name":"stdout","time":285.403354135,"data":"\rmoral_scenarios/validation-00000-of-0000(…):   0%| | 0.00/14.9k [00:00\u003c?, ?B/s]\rmoral_scenarios/validation-00000-of-0000(…): 100%|█| 14.9k/14.9k [00:00\u003c00:00, \r\n"}
,{"stream_name":"stdout","time":285.606795102,"data":"\rmoral_scenarios/dev-00000-of-00001.parqu(…):   0%| | 0.00/5.14k [00:00\u003c?, ?B/s]\rmoral_scenarios/dev-00000-of-00001.parqu(…): 100%|█| 5.14k/5.14k [00:00\u003c00:00, \rmoral_scenarios/dev-00000-of-00001.parqu(…): 100%|█| 5.14k/5.14k [00:00\u003c00:00, \r\n"}
,{"stream_name":"stdout","time":285.606824682,"data":"\rGenerating test split:   0%|                    | 0/895 [00:00\u003c?, ? examples/s]\rGenerating test split: 100%|██████| 895/895 [00:00\u003c00:00, 217541.85 examples/s]\r\n"}
,{"stream_name":"stdout","time":285.606830448,"data":"\rGenerating validation split:   0%|              | 0/100 [00:00\u003c?, ? examples/s]\rGenerating validation split: 100%|█| 100/100 [00:00\u003c00:00, 43873.47 examples/s]\r\n"}
,{"stream_name":"stdout","time":285.606835179,"data":"\rGenerating dev split:   0%|                       | 0/5 [00:00\u003c?, ? examples/s]\rGenerating dev split: 100%|█████████████| 5/5 [00:00\u003c00:00, 2387.47 examples/s]\r\n"}
,{"stream_name":"stdout","time":285.657426702,"data":"2026-09-24:03:59:37,054 INFO     [datasets_wrapper.py:500] Non-HF cache (for datasets) case: NonHfCacheCase.NOT_USED_BC_CACHE_UNAVAILABLE\r\n"}
,{"stream_name":"stdout","time":285.657458617,"data":"\rMap:   0%|                                      | 0/100 [00:00\u003c?, ? examples/s]\rMap: 100%|██████████████████████████| 100/100 [00:00\u003c00:00, 9968.16 examples/s]\r\n"}
,{"stream_name":"stdout","time":285.657464238,"data":"[task] mmlu_moral_scenarios:rc::olmes split=validation shots=5: 100 docs\r\n"}
,{"stream_name":"stdout","time":286.415730796,"data":"\rnutrition/test-00000-of-00001.parquet:   0%|       | 0.00/55.0k [00:00\u003c?, ?B/s]\rnutrition/test-00000-of-00001.parquet: 100%|█| 55.0k/55.0k [00:00\u003c00:00, 702kB/\r\n"}
,{"stream_name":"stdout","time":286.618520351,"data":"\rnutrition/validation-00000-of-00001.parq(…):   0%| | 0.00/9.02k [00:00\u003c?, ?B/s]\rnutrition/validation-00000-of-00001.parq(…): 100%|█| 9.02k/9.02k [00:00\u003c00:00, \r\n"}
,{"stream_name":"stdout","time":286.821538271,"data":"\rnutrition/dev-00000-of-00001.parquet:   0%|        | 0.00/4.99k [00:00\u003c?, ?B/s]\rnutrition/dev-00000-of-00001.parquet: 100%|█| 4.99k/4.99k [00:00\u003c00:00, 67.6kB/\r\n"}
,{"stream_name":"stdout","time":286.821568162,"data":"\rGenerating test split:   0%|                    | 0/306 [00:00\u003c?, ? examples/s]\rGenerating test split: 100%|██████| 306/306 [00:00\u003c00:00, 102537.11 examples/s]\r\n"}
,{"stream_name":"stdout","time":286.821572359,"data":"\rGenerating validation split:   0%|               | 0/33 [00:00\u003c?, ? examples/s]\rGenerating validation split: 100%|███| 33/33 [00:00\u003c00:00, 15562.41 examples/s]\r\n"}
,{"stream_name":"stdout","time":286.821575129,"data":"\rGenerating dev split:   0%|                       | 0/5 [00:00\u003c?, ? examples/s]\rGenerating dev split: 100%|█████████████| 5/5 [00:00\u003c00:00, 2540.46 examples/s]\r\n"}
,{"stream_name":"stdout","time":286.82157815,"data":"2026-09-24:03:59:38,241 INFO     [datasets_wrapper.py:500] Non-HF cache (for datasets) case: NonHfCacheCase.NOT_USED_BC_CACHE_UNAVAILABLE\r\n"}
,{"stream_name":"stdout","time":286.821591178,"data":"\rMap:   0%|                                       | 0/33 [00:00\u003c?, ? examples/s]\rMap: 100%|████████████████████████████| 33/33 [00:00\u003c00:00, 5369.18 examples/s]\r\n"}
,{"stream_name":"stdout","time":286.821594243,"data":"[task] mmlu_nutrition:rc::olmes split=validation shots=5: 33 docs\r\n"}
,{"stream_name":"stdout","time":287.579672217,"data":"\rphilosophy/test-00000-of-00001.parquet:   0%|      | 0.00/48.6k [00:00\u003c?, ?B/s]\rphilosophy/test-00000-of-00001.parquet: 100%|█| 48.6k/48.6k [00:00\u003c00:00, 647kB\r\n"}
,{"stream_name":"stdout","time":287.782389994,"data":"\rphilosophy/validation-00000-of-00001.par(…):   0%| | 0.00/9.15k [00:00\u003c?, ?B/s]\rphilosophy/validation-00000-of-00001.par(…): 100%|█| 9.15k/9.15k [00:00\u003c00:00, \r\n"}
,{"stream_name":"stdout","time":287.984809757,"data":"\rphilosophy/dev-00000-of-00001.parquet:   0%|       | 0.00/4.20k [00:00\u003c?, ?B/s]\rphilosophy/dev-00000-of-00001.parquet: 100%|█| 4.20k/4.20k [00:00\u003c00:00, 53.3kB\r\n"}
,{"stream_name":"stdout","time":287.984836292,"data":"\rGenerating test split:   0%|                    | 0/311 [00:00\u003c?, ? examples/s]\rGenerating test split: 100%|███████| 311/311 [00:00\u003c00:00, 96460.00 examples/s]\r\n"}
,{"stream_name":"stdout","time":287.984841916,"data":"\rGenerating validation split:   0%|               | 0/34 [00:00\u003c?, ? examples/s]\rGenerating validation split: 100%|███| 34/34 [00:00\u003c00:00, 13287.96 examples/s]\r\n"}
,{"stream_name":"stdout","time":287.984848678,"data":"\rGenerating dev split:   0%|                       | 0/5 [00:00\u003c?, ? examples/s]\rGenerating dev split: 100%|█████████████| 5/5 [00:00\u003c00:00, 2104.10 examples/s]\r\n"}
,{"stream_name":"stdout","time":287.984856165,"data":"2026-09-24:03:59:39,411 INFO     [datasets_wrapper.py:500] Non-HF cache (for datasets) case: NonHfCacheCase.NOT_USED_BC_CACHE_UNAVAILABLE\r\n"}
,{"stream_name":"stdout","time":287.984858961,"data":"\rMap:   0%|                                       | 0/34 [00:00\u003c?, ? examples/s]\rMap: 100%|████████████████████████████| 34/34 [00:00\u003c00:00, 4515.29 examples/s]\r\n"}
,{"stream_name":"stdout","time":287.984862296,"data":"[task] mmlu_philosophy:rc::olmes split=validation shots=5: 34 docs\r\n"}
,{"stream_name":"stdout","time":288.79335535,"data":"\rprehistory/test-00000-of-00001.parquet:   0%|      | 0.00/54.3k [00:00\u003c?, ?B/s]\rprehistory/test-00000-of-00001.parquet: 100%|█| 54.3k/54.3k [00:00\u003c00:00, 688kB\r\n"}
,{"stream_name":"stdout","time":288.996698089,"data":"\rprehistory/validation-00000-of-00001.par(…):   0%| | 0.00/9.89k [00:00\u003c?, ?B/s]\rprehistory/validation-00000-of-00001.par(…): 100%|█| 9.89k/9.89k [00:00\u003c00:00, \r\n"}
,{"stream_name":"stdout","time":289.200074399,"data":"\rprehistory/dev-00000-of-00001.parquet:   0%|       | 0.00/4.62k [00:00\u003c?, ?B/s]\rprehistory/dev-00000-of-00001.parquet: 100%|█| 4.62k/4.62k [00:00\u003c00:00, 63.7kB\r\n"}
,{"stream_name":"stdout","time":289.200109576,"data":"\rGenerating test split:   0%|                    | 0/324 [00:00\u003c?, ? examples/s]\rGenerating test split: 100%|██████| 324/324 [00:00\u003c00:00, 111417.11 examples/s]\r\n"}
,{"stream_name":"stdout","time":289.200115257,"data":"\rGenerating validation split:   0%|               | 0/35 [00:00\u003c?, ? examples/s]\rGenerating validation split: 100%|███| 35/35 [00:00\u003c00:00, 16130.17 examples/s]\r\n"}
,{"stream_name":"stdout","time":289.200135114,"data":"\rGenerating dev split:   0%|                       | 0/5 [00:00\u003c?, ? examples/s]\rGenerating dev split: 100%|█████████████| 5/5 [00:00\u003c00:00, 2335.88 examples/s]\r\n"}
,{"stream_name":"stdout","time":289.200156132,"data":"2026-09-24:03:59:40,617 INFO     [datasets_wrapper.py:500] Non-HF cache (for datasets) case: NonHfCacheCase.NOT_USED_BC_CACHE_UNAVAILABLE\r\n"}
,{"stream_name":"stdout","time":289.200161217,"data":"\rMap:   0%|                                       | 0/35 [00:00\u003c?, ? examples/s]\rMap: 100%|████████████████████████████| 35/35 [00:00\u003c00:00, 5819.19 examples/s]\r\n"}
,{"stream_name":"stdout","time":289.200166357,"data":"[task] mmlu_prehistory:rc::olmes split=validation shots=5: 35 docs\r\n"}
,{"stream_name":"stdout","time":289.959899138,"data":"\rprofessional_accounting/test-00000-of-00(…):   0%| | 0.00/69.5k [00:00\u003c?, ?B/s]\rprofessional_accounting/test-00000-of-00(…): 100%|█| 69.5k/69.5k [00:00\u003c00:00, \r\n"}
,{"stream_name":"stdout","time":290.162754526,"data":"\rprofessional_accounting/validation-00000(…):   0%| | 0.00/12.9k [00:00\u003c?, ?B/s]\rprofessional_accounting/validation-00000(…): 100%|█| 12.9k/12.9k [00:00\u003c00:00, \r\n"}
,{"stream_name":"stdout","time":290.36538891,"data":"\rprofessional_accounting/dev-00000-of-000(…):   0%| | 0.00/4.89k [00:00\u003c?, ?B/s]\rprofessional_accounting/dev-00000-of-000(…): 100%|█| 4.89k/4.89k [00:00\u003c00:00, \r\n"}
,{"stream_name":"stdout","time":290.416273476,"data":"\rGenerating test split:   0%|                    | 0/282 [00:00\u003c?, ? examples/s]\rGenerating test split: 100%|███████| 282/282 [00:00\u003c00:00, 93531.06 examples/s]\r\n"}
,{"stream_name":"stdout","time":290.416299375,"data":"\rGenerating validation split:   0%|               | 0/31 [00:00\u003c?, ? examples/s]\rGenerating validation split: 100%|███| 31/31 [00:00\u003c00:00, 13317.98 examples/s]\r\n"}
,{"stream_name":"stdout","time":290.416304453,"data":"\rGenerating dev split:   0%|                       | 0/5 [00:00\u003c?, ? examples/s]\rGenerating dev split: 100%|█████████████| 5/5 [00:00\u003c00:00, 2412.74 examples/s]\r\n"}
,{"stream_name":"stdout","time":290.416310551,"data":"2026-09-24:03:59:41,829 INFO     [datasets_wrapper.py:500] Non-HF cache (for datasets) case: NonHfCacheCase.NOT_USED_BC_CACHE_UNAVAILABLE\r\n"}
,{"stream_name":"stdout","time":290.416317632,"data":"\rMap:   0%|                                       | 0/31 [00:00\u003c?, ? examples/s]\rMap: 100%|████████████████████████████| 31/31 [00:00\u003c00:00, 5365.99 examples/s]\r\n"}
,{"stream_name":"stdout","time":290.416320658,"data":"[task] mmlu_professional_accounting:rc::olmes split=validation shots=5: 31 docs\r\n"}
,{"stream_name":"stdout","time":291.176386121,"data":"\rprofessional_law/test-00000-of-00001.par(…):   0%| | 0.00/1.04M [00:00\u003c?, ?B/s]\rprofessional_law/test-00000-of-00001.par(…): 100%|█| 1.04M/1.04M [00:00\u003c00:00, \r\n"}
,{"stream_name":"stdout","time":291.379507516,"data":"\rprofessional_law/validation-00000-of-000(…):   0%|  | 0.00/116k [00:00\u003c?, ?B/s]\rprofessional_law/validation-00000-of-000(…): 100%|█| 116k/116k [00:00\u003c00:00, 1.\r\n"}
,{"stream_name":"stdout","time":291.583075717,"data":"\rprofessional_law/dev-00000-of-00001.parq(…):   0%| | 0.00/15.1k [00:00\u003c?, ?B/s]\rprofessional_law/dev-00000-of-00001.parq(…): 100%|█| 15.1k/15.1k [00:00\u003c00:00, \r\n"}
,{"stream_name":"stdout","time":291.583109593,"data":"\rGenerating test split:   0%|                   | 0/1534 [00:00\u003c?, ? examples/s]\rGenerating test split: 100%|████| 1534/1534 [00:00\u003c00:00, 136407.36 examples/s]\r\n"}
,{"stream_name":"stdout","time":291.583113994,"data":"\rGenerating validation split:   0%|              | 0/170 [00:00\u003c?, ? examples/s]\rGenerating validation split: 100%|█| 170/170 [00:00\u003c00:00, 51890.81 examples/s]\r\n"}
,{"stream_name":"stdout","time":291.583126754,"data":"\rGenerating dev split:   0%|                       | 0/5 [00:00\u003c?, ? examples/s]\rGenerating dev split: 100%|█████████████| 5/5 [00:00\u003c00:00, 2192.99 examples/s]\r\n"}
,{"stream_name":"stdout","time":291.633600878,"data":"2026-09-24:03:59:43,035 INFO     [datasets_wrapper.py:500] Non-HF cache (for datasets) case: NonHfCacheCase.NOT_USED_BC_CACHE_UNAVAILABLE\r\n"}
,{"stream_name":"stdout","time":291.633640171,"data":"\rMap:   0%|                                      | 0/170 [00:00\u003c?, ? examples/s]\rMap: 100%|█████████████████████████| 170/170 [00:00\u003c00:00, 11839.27 examples/s]\r\n"}
,{"stream_name":"stdout","time":291.683664146,"data":"[task] mmlu_professional_law:rc::olmes split=validation shots=5: 170 docs\r\n"}
,{"stream_name":"stdout","time":292.39145033,"data":"\rprofessional_medicine/test-00000-of-0000(…):   0%|  | 0.00/125k [00:00\u003c?, ?B/s]\rprofessional_medicine/test-00000-of-0000(…): 100%|█| 125k/125k [00:00\u003c00:00, 1.\r\n"}
,{"stream_name":"stdout","time":292.594502064,"data":"\rprofessional_medicine/validation-00000-o(…):   0%| | 0.00/19.9k [00:00\u003c?, ?B/s]\rprofessional_medicine/validation-00000-o(…): 100%|█| 19.9k/19.9k [00:00\u003c00:00, \r\n"}
,{"stream_name":"stdout","time":292.797010072,"data":"\rprofessional_medicine/dev-00000-of-00001(…):   0%| | 0.00/8.45k [00:00\u003c?, ?B/s]\rprofessional_medicine/dev-00000-of-00001(…): 100%|█| 8.45k/8.45k [00:00\u003c00:00, \r\n"}
,{"stream_name":"stdout","time":292.79704004,"data":"\rGenerating test split:   0%|                    | 0/272 [00:00\u003c?, ? examples/s]\rGenerating test split: 100%|███████| 272/272 [00:00\u003c00:00, 72462.57 examples/s]\r\n"}
,{"stream_name":"stdout","time":292.797044102,"data":"\rGenerating validation split:   0%|               | 0/31 [00:00\u003c?, ? examples/s]\rGenerating validation split: 100%|███| 31/31 [00:00\u003c00:00, 13976.50 examples/s]\r\n"}
,{"stream_name":"stdout","time":292.797047115,"data":"\rGenerating dev split:   0%|                       | 0/5 [00:00\u003c?, ? examples/s]\rGenerating dev split: 100%|█████████████| 5/5 [00:00\u003c00:00, 2393.19 examples/s]\r\n"}
,{"stream_name":"stdout","time":292.797049888,"data":"2026-09-24:03:59:44,225 INFO     [datasets_wrapper.py:500] Non-HF cache (for datasets) case: NonHfCacheCase.NOT_USED_BC_CACHE_UNAVAILABLE\r\n"}
,{"stream_name":"stdout","time":292.797052618,"data":"\rMap:   0%|                                       | 0/31 [00:00\u003c?, ? examples/s]\rMap: 100%|████████████████████████████| 31/31 [00:00\u003c00:00, 5077.65 examples/s]\r\n"}
,{"stream_name":"stdout","time":292.797055403,"data":"[task] mmlu_professional_medicine:rc::olmes split=validation shots=5: 31 docs\r\n"}
,{"stream_name":"stdout","time":293.556386547,"data":"\rprofessional_psychology/test-00000-of-00(…):   0%|  | 0.00/133k [00:00\u003c?, ?B/s]\rprofessional_psychology/test-00000-of-00(…): 100%|█| 133k/133k [00:00\u003c00:00, 1.\r\n"}
,{"stream_name":"stdout","time":293.759177843,"data":"\rprofessional_psychology/validation-00000(…):   0%| | 0.00/22.1k [00:00\u003c?, ?B/s]\rprofessional_psychology/validation-00000(…): 100%|█| 22.1k/22.1k [00:00\u003c00:00, \r\n"}
,{"stream_name":"stdout","time":293.962252296,"data":"\rprofessional_psychology/dev-00000-of-000(…):   0%| | 0.00/4.69k [00:00\u003c?, ?B/s]\rprofessional_psychology/dev-00000-of-000(…): 100%|█| 4.69k/4.69k [00:00\u003c00:00, \r\n"}
,{"stream_name":"stdout","time":294.012797191,"data":"\rGenerating test split:   0%|                    | 0/612 [00:00\u003c?, ? examples/s]\rGenerating test split: 100%|██████| 612/612 [00:00\u003c00:00, 154011.76 examples/s]\r\n"}
,{"stream_name":"stdout","time":294.012841253,"data":"\rGenerating validation split:   0%|               | 0/69 [00:00\u003c?, ? examples/s]\rGenerating validation split: 100%|███| 69/69 [00:00\u003c00:00, 31684.58 examples/s]\r\n"}
,{"stream_name":"stdout","time":294.012859915,"data":"\rGenerating dev split:   0%|                       | 0/5 [00:00\u003c?, ? examples/s]\rGenerating dev split: 100%|█████████████| 5/5 [00:00\u003c00:00, 2375.03 examples/s]\r\n"}
,{"stream_name":"stdout","time":294.012865377,"data":"2026-09-24:03:59:45,423 INFO     [datasets_wrapper.py:500] Non-HF cache (for datasets) case: NonHfCacheCase.NOT_USED_BC_CACHE_UNAVAILABLE\r\n"}
,{"stream_name":"stdout","time":294.012870374,"data":"\rMap:   0%|                                       | 0/69 [00:00\u003c?, ? examples/s]\rMap: 100%|████████████████████████████| 69/69 [00:00\u003c00:00, 7894.35 examples/s]\r\n"}
,{"stream_name":"stdout","time":294.012875215,"data":"[task] mmlu_professional_psychology:rc::olmes split=validation shots=5: 69 docs\r\n"}
,{"stream_name":"stdout","time":294.822190836,"data":"\rpublic_relations/test-00000-of-00001.par(…):   0%| | 0.00/20.6k [00:00\u003c?, ?B/s]\rpublic_relations/test-00000-of-00001.par(…): 100%|█| 20.6k/20.6k [00:00\u003c00:00, \r\n"}
,{"stream_name":"stdout","time":295.024875339,"data":"\rpublic_relations/validation-00000-of-000(…):   0%| | 0.00/6.45k [00:00\u003c?, ?B/s]\rpublic_relations/validation-00000-of-000(…): 100%|█| 6.45k/6.45k [00:00\u003c00:00, \r\n"}
,{"stream_name":"stdout","time":295.228453939,"data":"\rpublic_relations/dev-00000-of-00001.parq(…):   0%| | 0.00/4.43k [00:00\u003c?, ?B/s]\rpublic_relations/dev-00000-of-00001.parq(…): 100%|█| 4.43k/4.43k [00:00\u003c00:00, \r\n"}
,{"stream_name":"stdout","time":295.22848201,"data":"\rGenerating test split:   0%|                    | 0/110 [00:00\u003c?, ? examples/s]\rGenerating test split: 100%|███████| 110/110 [00:00\u003c00:00, 43309.25 examples/s]\r\n"}
,{"stream_name":"stdout","time":295.228488558,"data":"\rGenerating validation split:   0%|               | 0/12 [00:00\u003c?, ? examples/s]\rGenerating validation split: 100%|████| 12/12 [00:00\u003c00:00, 5870.26 examples/s]\r\n"}
,{"stream_name":"stdout","time":295.228494111,"data":"\rGenerating dev split:   0%|                       | 0/5 [00:00\u003c?, ? examples/s]\rGenerating dev split: 100%|█████████████| 5/5 [00:00\u003c00:00, 2647.25 examples/s]\r\n"}
,{"stream_name":"stdout","time":295.228506522,"data":"2026-09-24:03:59:46,659 INFO     [datasets_wrapper.py:500] Non-HF cache (for datasets) case: NonHfCacheCase.NOT_USED_BC_CACHE_UNAVAILABLE\r\n"}
,{"stream_name":"stdout","time":295.22851058,"data":"\rMap:   0%|                                       | 0/12 [00:00\u003c?, ? examples/s]\rMap: 100%|████████████████████████████| 12/12 [00:00\u003c00:00, 2416.54 examples/s]\r\n"}
,{"stream_name":"stdout","time":295.228514596,"data":"[task] mmlu_public_relations:rc::olmes split=validation shots=5: 12 docs\r\n"}
,{"stream_name":"stdout","time":296.091404135,"data":"\rsecurity_studies/test-00000-of-00001.par(…):   0%|  | 0.00/114k [00:00\u003c?, ?B/s]\rsecurity_studies/test-00000-of-00001.par(…): 100%|█| 114k/114k [00:00\u003c00:00, 1.\r\n"}
,{"stream_name":"stdout","time":296.294324833,"data":"\rsecurity_studies/validation-00000-of-000(…):   0%| | 0.00/18.7k [00:00\u003c?, ?B/s]\rsecurity_studies/validation-00000-of-000(…): 100%|█| 18.7k/18.7k [00:00\u003c00:00, \r\n"}
,{"stream_name":"stdout","time":296.496989888,"data":"\rsecurity_studies/dev-00000-of-00001.parq(…):   0%| | 0.00/7.49k [00:00\u003c?, ?B/s]\rsecurity_studies/dev-00000-of-00001.parq(…): 100%|█| 7.49k/7.49k [00:00\u003c00:00, \r\n"}
,{"stream_name":"stdout","time":296.497032155,"data":"\rGenerating test split:   0%|                    | 0/245 [00:00\u003c?, ? examples/s]\rGenerating test split: 100%|███████| 245/245 [00:00\u003c00:00, 77438.17 examples/s]\r\n"}
,{"stream_name":"stdout","time":296.49703689,"data":"\rGenerating validation split:   0%|               | 0/27 [00:00\u003c?, ? examples/s]\rGenerating validation split: 100%|███| 27/27 [00:00\u003c00:00, 12207.20 examples/s]\r\n"}
,{"stream_name":"stdout","time":296.497039813,"data":"\rGenerating dev split:   0%|                       | 0/5 [00:00\u003c?, ? examples/s]\rGenerating dev split: 100%|█████████████| 5/5 [00:00\u003c00:00, 2525.17 examples/s]\r\n"}
,{"stream_name":"stdout","time":296.497042794,"data":"2026-09-24:03:59:47,919 INFO     [datasets_wrapper.py:500] Non-HF cache (for datasets) case: NonHfCacheCase.NOT_USED_BC_CACHE_UNAVAILABLE\r\n"}
,{"stream_name":"stdout","time":296.497045621,"data":"\rMap:   0%|                                       | 0/27 [00:00\u003c?, ? examples/s]\rMap: 100%|████████████████████████████| 27/27 [00:00\u003c00:00, 4608.75 examples/s]\r\n"}
,{"stream_name":"stdout","time":296.497048526,"data":"[task] mmlu_security_studies:rc::olmes split=validation shots=5: 27 docs\r\n"}
,{"stream_name":"stdout","time":297.254894674,"data":"\rsociology/test-00000-of-00001.parquet:   0%|       | 0.00/43.9k [00:00\u003c?, ?B/s]\rsociology/test-00000-of-00001.parquet: 100%|█| 43.9k/43.9k [00:00\u003c00:00, 606kB/\r\n"}
,{"stream_name":"stdout","time":297.457671203,"data":"\rsociology/validation-00000-of-00001.parq(…):   0%| | 0.00/8.36k [00:00\u003c?, ?B/s]\rsociology/validation-00000-of-00001.parq(…): 100%|█| 8.36k/8.36k [00:00\u003c00:00, \r\n"}
,{"stream_name":"stdout","time":297.660875238,"data":"\rsociology/dev-00000-of-00001.parquet:   0%|        | 0.00/4.21k [00:00\u003c?, ?B/s]\rsociology/dev-00000-of-00001.parquet: 100%|█| 4.21k/4.21k [00:00\u003c00:00, 52.7kB/\r\n"}
,{"stream_name":"stdout","time":297.660913383,"data":"\rGenerating test split:   0%|                    | 0/201 [00:00\u003c?, ? examples/s]\rGenerating test split: 100%|███████| 201/201 [00:00\u003c00:00, 66639.40 examples/s]\r\n"}
,{"stream_name":"stdout","time":297.660920676,"data":"\rGenerating validation split:   0%|               | 0/22 [00:00\u003c?, ? examples/s]\rGenerating validation split: 100%|████| 22/22 [00:00\u003c00:00, 9156.96 examples/s]\r\n"}
,{"stream_name":"stdout","time":297.711581015,"data":"\rGenerating dev split:   0%|                       | 0/5 [00:00\u003c?, ? examples/s]\rGenerating dev split: 100%|█████████████| 5/5 [00:00\u003c00:00, 1387.10 examples/s]\r\n"}
,{"stream_name":"stdout","time":297.711614553,"data":"2026-09-24:03:59:49,117 INFO     [datasets_wrapper.py:500] Non-HF cache (for datasets) case: NonHfCacheCase.NOT_USED_BC_CACHE_UNAVAILABLE\r\n"}
,{"stream_name":"stdout","time":297.711619895,"data":"\rMap:   0%|                                       | 0/22 [00:00\u003c?, ? examples/s]\rMap: 100%|████████████████████████████| 22/22 [00:00\u003c00:00, 3336.76 examples/s]\r\n"}
,{"stream_name":"stdout","time":297.711630969,"data":"[task] mmlu_sociology:rc::olmes split=validation shots=5: 22 docs\r\n"}
,{"stream_name":"stdout","time":298.472735039,"data":"\rus_foreign_policy/test-00000-of-00001.pa(…):   0%| | 0.00/19.5k [00:00\u003c?, ?B/s]\rus_foreign_policy/test-00000-of-00001.pa(…): 100%|█| 19.5k/19.5k [00:00\u003c00:00, \r\n"}
,{"stream_name":"stdout","time":298.675414126,"data":"\rus_foreign_policy/validation-00000-of-00(…):   0%| | 0.00/5.27k [00:00\u003c?, ?B/s]\rus_foreign_policy/validation-00000-of-00(…): 100%|█| 5.27k/5.27k [00:00\u003c00:00, \r\n"}
,{"stream_name":"stdout","time":298.929105727,"data":"\rus_foreign_policy/dev-00000-of-00001.par(…):   0%| | 0.00/4.22k [00:00\u003c?, ?B/s]\rus_foreign_policy/dev-00000-of-00001.par(…): 100%|█| 4.22k/4.22k [00:00\u003c00:00, \r\n"}
,{"stream_name":"stdout","time":298.9291317,"data":"\rGenerating test split:   0%|                    | 0/100 [00:00\u003c?, ? examples/s]\rGenerating test split: 100%|███████| 100/100 [00:00\u003c00:00, 35010.88 examples/s]\r\n"}
,{"stream_name":"stdout","time":298.929136642,"data":"\rGenerating validation split:   0%|               | 0/11 [00:00\u003c?, ? examples/s]\rGenerating validation split: 100%|████| 11/11 [00:00\u003c00:00, 4459.87 examples/s]\r\n"}
,{"stream_name":"stdout","time":298.929140124,"data":"\rGenerating dev split:   0%|                       | 0/5 [00:00\u003c?, ? examples/s]\rGenerating dev split: 100%|█████████████| 5/5 [00:00\u003c00:00, 2272.10 examples/s]\r\n"}
,{"stream_name":"stdout","time":298.929143426,"data":"2026-09-24:03:59:50,351 INFO     [datasets_wrapper.py:500] Non-HF cache (for datasets) case: NonHfCacheCase.NOT_USED_BC_CACHE_UNAVAILABLE\r\n"}
,{"stream_name":"stdout","time":298.929146393,"data":"\rMap:   0%|                                       | 0/11 [00:00\u003c?, ? examples/s]\rMap: 100%|████████████████████████████| 11/11 [00:00\u003c00:00, 2095.53 examples/s]\r\n"}
,{"stream_name":"stdout","time":298.929149702,"data":"[task] mmlu_us_foreign_policy:rc::olmes split=validation shots=5: 11 docs\r\n"}
,{"stream_name":"stdout","time":299.688819629,"data":"\rvirology/test-00000-of-00001.parquet:   0%|        | 0.00/27.3k [00:00\u003c?, ?B/s]\rvirology/test-00000-of-00001.parquet: 100%|█| 27.3k/27.3k [00:00\u003c00:00, 333kB/s\r\n"}
,{"stream_name":"stdout","time":299.89119664,"data":"\rvirology/validation-00000-of-00001.parqu(…):   0%| | 0.00/7.05k [00:00\u003c?, ?B/s]\rvirology/validation-00000-of-00001.parqu(…): 100%|█| 7.05k/7.05k [00:00\u003c00:00, \r\n"}
,{"stream_name":"stdout","time":300.094489914,"data":"\rvirology/dev-00000-of-00001.parquet:   0%|         | 0.00/3.87k [00:00\u003c?, ?B/s]\rvirology/dev-00000-of-00001.parquet: 100%|█| 3.87k/3.87k [00:00\u003c00:00, 49.9kB/s\r\n"}
,{"stream_name":"stdout","time":300.094517888,"data":"\rGenerating test split:   0%|                    | 0/166 [00:00\u003c?, ? examples/s]\rGenerating test split: 100%|███████| 166/166 [00:00\u003c00:00, 68997.57 examples/s]\r\n"}
,{"stream_name":"stdout","time":300.094524504,"data":"\rGenerating validation split:   0%|               | 0/18 [00:00\u003c?, ? examples/s]\rGenerating validation split: 100%|████| 18/18 [00:00\u003c00:00, 9479.84 examples/s]\r\n"}
,{"stream_name":"stdout","time":300.094532941,"data":"\rGenerating dev split:   0%|                       | 0/5 [00:00\u003c?, ? examples/s]\rGenerating dev split: 100%|█████████████| 5/5 [00:00\u003c00:00, 2488.61 examples/s]\r\n"}
,{"stream_name":"stdout","time":300.144886865,"data":"2026-09-24:03:59:51,546 INFO     [datasets_wrapper.py:500] Non-HF cache (for datasets) case: NonHfCacheCase.NOT_USED_BC_CACHE_UNAVAILABLE\r\n"}
,{"stream_name":"stdout","time":300.144919185,"data":"\rMap:   0%|                                       | 0/18 [00:00\u003c?, ? examples/s]\rMap: 100%|████████████████████████████| 18/18 [00:00\u003c00:00, 3287.22 examples/s]\r\n"}
,{"stream_name":"stdout","time":300.144928625,"data":"[task] mmlu_virology:rc::olmes split=validation shots=5: 18 docs\r\n"}
,{"stream_name":"stdout","time":301.057747595,"data":"\rworld_religions/test-00000-of-00001.parq(…):   0%| | 0.00/18.9k [00:00\u003c?, ?B/s]\rworld_religions/test-00000-of-00001.parq(…): 100%|█| 18.9k/18.9k [00:00\u003c00:00, \r\n"}
,{"stream_name":"stdout","time":301.260447412,"data":"\rworld_religions/validation-00000-of-0000(…):   0%| | 0.00/4.94k [00:00\u003c?, ?B/s]\rworld_religions/validation-00000-of-0000(…): 100%|█| 4.94k/4.94k [00:00\u003c00:00, \r\n"}
,{"stream_name":"stdout","time":301.463409694,"data":"\rworld_religions/dev-00000-of-00001.parqu(…):   0%| | 0.00/3.30k [00:00\u003c?, ?B/s]\rworld_religions/dev-00000-of-00001.parqu(…): 100%|█| 3.30k/3.30k [00:00\u003c00:00, \r\n"}
,{"stream_name":"stdout","time":301.463436396,"data":"\rGenerating test split:   0%|                    | 0/171 [00:00\u003c?, ? examples/s]\rGenerating test split: 100%|███████| 171/171 [00:00\u003c00:00, 63091.66 examples/s]\r\n"}
,{"stream_name":"stdout","time":301.463446138,"data":"\rGenerating validation split:   0%|               | 0/19 [00:00\u003c?, ? examples/s]\rGenerating validation split: 100%|████| 19/19 [00:00\u003c00:00, 9076.51 examples/s]\r\n"}
,{"stream_name":"stdout","time":301.463449978,"data":"\rGenerating dev split:   0%|                       | 0/5 [00:00\u003c?, ? examples/s]\rGenerating dev split: 100%|█████████████| 5/5 [00:00\u003c00:00, 2510.66 examples/s]\r\n"}
,{"stream_name":"stdout","time":301.463452972,"data":"2026-09-24:03:59:52,895 INFO     [datasets_wrapper.py:500] Non-HF cache (for datasets) case: NonHfCacheCase.NOT_USED_BC_CACHE_UNAVAILABLE\r\n"}
,{"stream_name":"stdout","time":301.463455692,"data":"\rMap:   0%|                                       | 0/19 [00:00\u003c?, ? examples/s]\rMap: 100%|████████████████████████████| 19/19 [00:00\u003c00:00, 3557.51 examples/s]\r\n"}
,{"stream_name":"stdout","time":301.463469157,"data":"[task] mmlu_world_religions:rc::olmes split=validation shots=5: 19 docs\r\n"}
,{"stream_name":"stdout","time":301.564788789,"data":"\rREADME.md: 0.00B [00:00, ?B/s]\rREADME.md: 9.06kB [00:00, 18.3MB/s]\r\n"}
,{"stream_name":"stdout","time":302.526021226,"data":"\rmain/train-00000-of-00001.parquet:   0%|            | 0.00/496k [00:00\u003c?, ?B/s]\rmain/train-00000-of-00001.parquet: 100%|████| 496k/496k [00:00\u003c00:00, 3.49MB/s]\rmain/train-00000-of-00001.parquet: 100%|████| 496k/496k [00:00\u003c00:00, 3.47MB/s]\r\n"}
,{"stream_name":"stdout","time":302.880315908,"data":"\rmain/validation-00000-of-00001.parquet:   0%|      | 0.00/58.2k [00:00\u003c?, ?B/s]\rmain/validation-00000-of-00001.parquet: 100%|█| 58.2k/58.2k [00:00\u003c00:00, 276kB\rmain/validation-00000-of-00001.parquet: 100%|█| 58.2k/58.2k [00:00\u003c00:00, 276kB\r\n"}
,{"stream_name":"stdout","time":303.134094176,"data":"\rmain/test-00000-of-00001.parquet:   0%|            | 0.00/55.5k [00:00\u003c?, ?B/s]\rmain/test-00000-of-00001.parquet: 100%|████| 55.5k/55.5k [00:00\u003c00:00, 355kB/s]\rmain/test-00000-of-00001.parquet: 100%|████| 55.5k/55.5k [00:00\u003c00:00, 354kB/s]\r\n"}
,{"stream_name":"stdout","time":303.134122895,"data":"\rGenerating train split:   0%|                  | 0/4957 [00:00\u003c?, ? examples/s]\rGenerating train split: 100%|███| 4957/4957 [00:00\u003c00:00, 634341.13 examples/s]\r\n"}
,{"stream_name":"stdout","time":303.134131904,"data":"\rGenerating validation split:   0%|              | 0/500 [00:00\u003c?, ? examples/s]\rGenerating validation split: 100%|█| 500/500 [00:00\u003c00:00, 183638.53 examples/s\r\n"}
,{"stream_name":"stdout","time":303.134136797,"data":"\rGenerating test split:   0%|                    | 0/500 [00:00\u003c?, ? examples/s]\rGenerating test split: 100%|██████| 500/500 [00:00\u003c00:00, 193321.53 examples/s]\r\n"}
,{"stream_name":"stdout","time":303.184736883,"data":"2026-09-24:03:59:54,586 INFO     [datasets_wrapper.py:500] Non-HF cache (for datasets) case: NonHfCacheCase.NOT_USED_BC_CACHE_UNAVAILABLE\r\n"}
,{"stream_name":"stdout","time":303.184783868,"data":"[task] openbookqa:rc::olmes split=validation shots=5: 500 docs\r\n"}
,{"stream_name":"stdout","time":303.286063809,"data":"\rREADME.md: 0.00B [00:00, ?B/s]\rREADME.md: 8.41kB [00:00, 22.9MB/s]\r\n"}
,{"stream_name":"stdout","time":303.387774813,"data":"\rpiqa.py: 0.00B [00:00, ?B/s]\rpiqa.py: 5.36kB [00:00, 13.9MB/s]\r\n"}
,{"stream_name":"stdout","time":303.84447166,"data":"\rDownloading data:   0%|                            | 0.00/1.82M [00:00\u003c?, ?B/s]\rDownloading data: 100%|████████████████████| 1.82M/1.82M [00:00\u003c00:00, 239MB/s]\r\n"}
,{"stream_name":"stdout","time":304.096991199,"data":"\rDownloading data:   0%|                             | 0.00/220k [00:00\u003c?, ?B/s]\rDownloading data: 815kB [00:00, 30.9MB/s]                                      \r\n"}
,{"stream_name":"stdout","time":304.503439189,"data":"\rGenerating train split:   0%|                 | 0/16113 [00:00\u003c?, ? examples/s]\rGenerating train split:  26%|▊  | 4263/16113 [00:00\u003c00:00, 42538.05 examples/s]\rGenerating train split:  58%|█▋ | 9388/16113 [00:00\u003c00:00, 47654.59 examples/s]\rGenerating train split:  90%|█▊| 14462/16113 [00:00\u003c00:00, 49057.03 examples/s]\rGenerating train split: 100%|██| 16113/16113 [00:00\u003c00:00, 48017.41 examples/s]\r\n"}
,{"stream_name":"stdout","time":304.554116554,"data":"\rGenerating test split:   0%|                   | 0/3084 [00:00\u003c?, ? examples/s]\rGenerating test split: 100%|█████| 3084/3084 [00:00\u003c00:00, 51044.28 examples/s]\r\n"}
,{"stream_name":"stdout","time":304.605110708,"data":"\rGenerating validation split:   0%|             | 0/1838 [00:00\u003c?, ? examples/s]\rGenerating validation split: 100%|█| 1838/1838 [00:00\u003c00:00, 47389.19 examples/\r\n"}
,{"stream_name":"stdout","time":304.605137293,"data":"2026-09-24:03:59:56,010 INFO     [datasets_wrapper.py:500] Non-HF cache (for datasets) case: NonHfCacheCase.NOT_USED_BC_CACHE_UNAVAILABLE\r\n"}
,{"stream_name":"stdout","time":305.367726895,"data":"\rMap:   0%|                                    | 0/16113 [00:00\u003c?, ? examples/s]\rMap:  13%|██▉                   | 2115/16113 [00:00\u003c00:00, 21003.55 examples/s]\rMap:  27%|█████▊                | 4299/16113 [00:00\u003c00:00, 21483.70 examples/s]\rMap:  46%|██████████            | 7374/16113 [00:00\u003c00:00, 20928.60 examples/s]\rMap:  59%|████████████▉         | 9489/16113 [00:00\u003c00:00, 21000.99 examples/s]\rMap:  73%|███████████████▎     | 11781/16113 [00:00\u003c00:00, 21632.89 examples/s]\rMap:  87%|██████████████████▏  | 14000/16113 [00:00\u003c00:00, 21653.50 examples/s]\rMap: 100%|█████████████████████| 16113/16113 [00:00\u003c00:00, 21474.73 examples/s]\r\n"}
,{"stream_name":"stdout","time":307.142027862,"data":"[task] piqa:rc::olmes split=train shots=5: 16113 docs\r\n"}
,{"stream_name":"stdout","time":307.294104436,"data":"\rREADME.md: 0.00B [00:00, ?B/s]\rREADME.md: 6.69kB [00:00, 25.5MB/s]\r\n"}
,{"stream_name":"stdout","time":307.395371279,"data":"\rsocial_i_qa.py: 0.00B [00:00, ?B/s]\rsocial_i_qa.py: 4.67kB [00:00, 19.2MB/s]\r\n"}
,{"stream_name":"stdout","time":307.800285487,"data":"\rDownloading data:   0%|                            | 0.00/2.20M [00:00\u003c?, ?B/s]\rDownloading data: 100%|████████████████████| 2.20M/2.20M [00:00\u003c00:00, 175MB/s]\r\n"}
,{"stream_name":"stdout","time":308.716217262,"data":"\rGenerating train split:   0%|                 | 0/33410 [00:00\u003c?, ? examples/s]\rGenerating train split:  12%|▎  | 3844/33410 [00:00\u003c00:00, 38351.89 examples/s]\rGenerating train split:  24%|▋  | 7996/33410 [00:00\u003c00:00, 40208.51 examples/s]\rGenerating train split:  36%|▋ | 12107/33410 [00:00\u003c00:00, 40366.24 examples/s]\rGenerating train split:  48%|▉ | 16146/33410 [00:00\u003c00:00, 40371.44 examples/s]\rGenerating train split:  66%|█▎| 21965/33410 [00:00\u003c00:00, 39120.22 examples/s]\rGenerating train split:  82%|█▋| 27508/33410 [00:00\u003c00:00, 38267.59 examples/s]\rGenerating train split:  98%|█▉| 32729/33410 [00:00\u003c00:00, 37022.65 examples/s]\rGenerating train split: 100%|██| 33410/33410 [00:00\u003c00:00, 38002.59 examples/s]\r\n"}
,{"stream_name":"stdout","time":308.767382092,"data":"\rGenerating validation split:   0%|             | 0/1954 [00:00\u003c?, ? examples/s]\rGenerating validation split: 100%|█| 1954/1954 [00:00\u003c00:00, 35388.55 examples/\r\n"}
,{"stream_name":"stdout","time":308.767412138,"data":"2026-09-24:04:00:00,206 INFO     [datasets_wrapper.py:500] Non-HF cache (for datasets) case: NonHfCacheCase.NOT_USED_BC_CACHE_UNAVAILABLE\r\n"}
,{"stream_name":"stdout","time":310.701026552,"data":"\rMap:   0%|                                    | 0/33410 [00:00\u003c?, ? examples/s]\rMap:   5%|█▏                    | 1780/33410 [00:00\u003c00:01, 17660.31 examples/s]\rMap:  11%|██▍                   | 3647/33410 [00:00\u003c00:01, 18246.67 examples/s]\rMap:  17%|███▋                  | 5536/33410 [00:00\u003c00:01, 18538.43 examples/s]\rMap:  22%|████▉                 | 7418/33410 [00:00\u003c00:01, 18643.63 examples/s]\rMap:  30%|██████▎              | 10000/33410 [00:00\u003c00:01, 17882.43 examples/s]\rMap:  38%|███████▉             | 12585/33410 [00:00\u003c00:01, 17621.64 examples/s]\rMap:  46%|█████████▌           | 15230/33410 [00:00\u003c00:01, 17623.35 examples/s]\rMap:  54%|███████████▎         | 17988/33410 [00:01\u003c00:00, 17850.19 examples/s]\rMap:  61%|████████████▊        | 20412/33410 [00:01\u003c00:00, 17294.86 examples/s]\rMap:  69%|██████████████▍      | 22991/33410 [00:01\u003c00:00, 17258.43 examples/s]\rMap:  76%|████████████████     | 25498/33410 [00:01\u003c00:00, 17086.01 examples/s]\rMap:  84%|█████████████████▌   | 28006/33410 [00:01\u003c00:00, 16971.52 examples/s]\rMap:  89%|██████████████████▋  | 29796/33410 [00:01\u003c00:00, 17180.60 examples/s]\rMap:  97%|████████████████████▎| 32307/33410 [00:01\u003c00:00, 17034.93 examples/s]\rMap: 100%|█████████████████████| 33410/33410 [00:01\u003c00:00, 17276.00 examples/s]\r\n"}
,{"stream_name":"stdout","time":315.163642207,"data":"[task] socialiqa:rc::olmes split=train shots=5: 33410 docs\r\n"}
,{"stream_name":"stdout","time":315.315653489,"data":"\rREADME.md: 0.00B [00:00, ?B/s]\rREADME.md: 11.2kB [00:00, 41.0MB/s]\r\n"}
,{"stream_name":"stdout","time":316.582368136,"data":"\rwinogrande_xl/train-00000-of-00001.parqu(…):   0%| | 0.00/2.06M [00:00\u003c?, ?B/s]\rwinogrande_xl/train-00000-of-00001.parqu(…): 100%|█| 2.06M/2.06M [00:00\u003c00:00, \rwinogrande_xl/train-00000-of-00001.parqu(…): 100%|█| 2.06M/2.06M [00:00\u003c00:00, \r\n"}
,{"stream_name":"stdout","time":316.835871739,"data":"\rwinogrande_xl/test-00000-of-00001.parque(…):   0%|  | 0.00/118k [00:00\u003c?, ?B/s]\rwinogrande_xl/test-00000-of-00001.parque(…): 100%|█| 118k/118k [00:00\u003c00:00, 85\rwinogrande_xl/test-00000-of-00001.parque(…): 100%|█| 118k/118k [00:00\u003c00:00, 85\r\n"}
,{"stream_name":"stdout","time":317.089296647,"data":"\rwinogrande_xl/validation-00000-of-00001.(…):   0%| | 0.00/85.9k [00:00\u003c?, ?B/s]\rwinogrande_xl/validation-00000-of-00001.(…): 100%|█| 85.9k/85.9k [00:00\u003c00:00, \rwinogrande_xl/validation-00000-of-00001.(…): 100%|█| 85.9k/85.9k [00:00\u003c00:00, \r\n"}
,{"stream_name":"stdout","time":317.140238106,"data":"\rGenerating train split:   0%|                 | 0/40398 [00:00\u003c?, ? examples/s]\rGenerating train split: 100%|█| 40398/40398 [00:00\u003c00:00, 1431117.87 examples/s\r\n"}
,{"stream_name":"stdout","time":317.140263768,"data":"\rGenerating test split:   0%|                   | 0/1767 [00:00\u003c?, ? examples/s]\rGenerating test split: 100%|████| 1767/1767 [00:00\u003c00:00, 528965.47 examples/s]\r\n"}
,{"stream_name":"stdout","time":317.140268989,"data":"\rGenerating validation split:   0%|             | 0/1267 [00:00\u003c?, ? examples/s]\rGenerating validation split: 100%|█| 1267/1267 [00:00\u003c00:00, 426670.67 examples\r\n"}
,{"stream_name":"stdout","time":317.140273449,"data":"2026-09-24:04:00:08,571 INFO     [datasets_wrapper.py:500] Non-HF cache (for datasets) case: NonHfCacheCase.NOT_USED_BC_CACHE_UNAVAILABLE\r\n"}
,{"stream_name":"stdout","time":318.459331275,"data":"\rMap:   0%|                                    | 0/40398 [00:00\u003c?, ? examples/s]\rMap:   7%|█▋                    | 3000/40398 [00:00\u003c00:01, 28225.53 examples/s]\rMap:  15%|███▎                  | 6115/40398 [00:00\u003c00:01, 29899.76 examples/s]\rMap:  27%|█████▋               | 10882/40398 [00:00\u003c00:00, 30869.16 examples/s]\rMap:  35%|███████▎             | 14000/40398 [00:00\u003c00:00, 30114.92 examples/s]\rMap:  43%|████████▉            | 17251/40398 [00:00\u003c00:00, 30886.80 examples/s]\rMap:  52%|██████████▊          | 20877/40398 [00:00\u003c00:00, 31971.70 examples/s]\rMap:  63%|█████████████▏       | 25324/40398 [00:00\u003c00:00, 31009.88 examples/s]\rMap:  71%|███████████████      | 28869/40398 [00:00\u003c00:00, 31743.03 examples/s]\rMap:  84%|█████████████████▌   | 33822/40398 [00:01\u003c00:00, 31854.99 examples/s]\rMap:  96%|████████████████████▏| 38854/40398 [00:01\u003c00:00, 32131.33 examples/s]\rMap: 100%|█████████████████████| 40398/40398 [00:01\u003c00:00, 31111.21 examples/s]\r\n"}
,{"stream_name":"stdout","time":322.100528811,"data":"[task] winogrande:rc::olmes split=train shots=5: 40398 docs\r\n"}
,{"stream_name":"stdout","time":328.655262517,"data":"[short] arc_challenge: bank 2 has 600 items against bank 1's 1172\r\n"}
,{"stream_name":"stdout","time":328.655345215,"data":"[short] arc_easy: bank 2 has 600 items against bank 1's 2376\r\n"}
,{"stream_name":"stdout","time":328.655349883,"data":"[short] boolq: bank 2 has 600 items against bank 1's 3270\r\n"}
,{"stream_name":"stdout","time":328.655355888,"data":"[short] csqa: bank 2 has 600 items against bank 1's 1221\r\n"}
,{"stream_name":"stdout","time":328.655359168,"data":"[short] hellaswag: bank 2 has 600 items against bank 1's 10042\r\n"}
,{"stream_name":"stdout","time":328.655362322,"data":"[short] mmlu: bank 2 has 1508 items against bank 1's 14042\r\n"}
,{"stream_name":"stdout","time":328.6553655,"data":"[short] piqa: bank 2 has 600 items against bank 1's 1838\r\n"}
,{"stream_name":"stdout","time":328.655368465,"data":"[short] socialiqa: bank 2 has 600 items against bank 1's 1954\r\n"}
,{"stream_name":"stdout","time":328.655371537,"data":"[short] winogrande: bank 2 has 600 items against bank 1's 1267\r\n"}
,{"stream_name":"stdout","time":329.160231047,"data":"{\r\n"}
,{"stream_name":"stdout","time":329.160262507,"data":" \"items\": 6808,\r\n"}
,{"stream_name":"stdout","time":329.160291578,"data":" \"per_trait\": {\r\n"}
,{"stream_name":"stdout","time":329.160294687,"data":"  \"arc_challenge\": 600,\r\n"}
,{"stream_name":"stdout","time":329.160297075,"data":"  \"arc_easy\": 600,\r\n"}
,{"stream_name":"stdout","time":329.160299411,"data":"  \"boolq\": 600,\r\n"}
,{"stream_name":"stdout","time":329.160301653,"data":"  \"csqa\": 600,\r\n"}
,{"stream_name":"stdout","time":329.160303911,"data":"  \"hellaswag\": 600,\r\n"}
,{"stream_name":"stdout","time":329.160306158,"data":"  \"mmlu\": 1508,\r\n"}
,{"stream_name":"stdout","time":329.16030851,"data":"  \"openbookqa\": 500,\r\n"}
,{"stream_name":"stdout","time":329.160310796,"data":"  \"piqa\": 600,\r\n"}
,{"stream_name":"stdout","time":329.160313007,"data":"  \"socialiqa\": 600,\r\n"}
,{"stream_name":"stdout","time":329.160315245,"data":"  \"winogrande\": 600\r\n"}
,{"stream_name":"stdout","time":329.160317428,"data":" },\r\n"}
,{"stream_name":"stdout","time":329.160319635,"data":" \"dropped\": {\r\n"}
,{"stream_name":"stdout","time":329.160321861,"data":"  \"arc_challenge:in_fewshot\": 5,\r\n"}
,{"stream_name":"stdout","time":329.160324138,"data":"  \"arc_challenge:in_bank1\": 6,\r\n"}
,{"stream_name":"stdout","time":329.160326379,"data":"  \"arc_easy:in_fewshot\": 5,\r\n"}
,{"stream_name":"stdout","time":329.160328606,"data":"  \"arc_easy:in_bank1\": 8,\r\n"}
,{"stream_name":"stdout","time":329.160330807,"data":"  \"boolq:in_fewshot\": 5,\r\n"}
,{"stream_name":"stdout","time":329.160333022,"data":"  \"csqa:in_fewshot\": 5,\r\n"}
,{"stream_name":"stdout","time":329.160335205,"data":"  \"hellaswag:in_fewshot\": 7,\r\n"}
,{"stream_name":"stdout","time":329.160338012,"data":"  \"hellaswag:in_bank1\": 14,\r\n"}
,{"stream_name":"stdout","time":329.160340275,"data":"  \"mmlu_college_physics:in_bank1\": 6,\r\n"}
,{"stream_name":"stdout","time":329.160342516,"data":"  \"mmlu_college_physics:in_fewshot\": 1,\r\n"}
,{"stream_name":"stdout","time":329.160344767,"data":"  \"mmlu_high_school_chemistry:in_bank1\": 1,\r\n"}
,{"stream_name":"stdout","time":329.160347039,"data":"  \"mmlu_high_school_computer_science:in_bank1\": 1,\r\n"}
,{"stream_name":"stdout","time":329.160349267,"data":"  \"mmlu_high_school_european_history:in_bank1\": 1,\r\n"}
,{"stream_name":"stdout","time":329.160351475,"data":"  \"mmlu_high_school_macroeconomics:in_bank1\": 1,\r\n"}
,{"stream_name":"stdout","time":329.160353783,"data":"  \"mmlu_high_school_mathematics:in_bank1\": 2,\r\n"}
,{"stream_name":"stdout","time":329.160355995,"data":"  \"mmlu_high_school_psychology:in_bank1\": 1,\r\n"}
,{"stream_name":"stdout","time":329.16035822,"data":"  \"mmlu_high_school_statistics:in_bank1\": 1,\r\n"}
,{"stream_name":"stdout","time":329.160360408,"data":"  \"mmlu_miscellaneous:in_bank1\": 1,\r\n"}
,{"stream_name":"stdout","time":329.160362724,"data":"  \"mmlu_moral_disputes:in_bank1\": 1,\r\n"}
,{"stream_name":"stdout","time":329.16036496,"data":"  \"mmlu_nutrition:in_bank1\": 1,\r\n"}
,{"stream_name":"stdout","time":329.160367161,"data":"  \"mmlu_professional_psychology:in_bank1\": 3,\r\n"}
,{"stream_name":"stdout","time":329.160369398,"data":"  \"mmlu_public_relations:in_bank1\": 2,\r\n"}
,{"stream_name":"stdout","time":329.160371624,"data":"  \"piqa:in_fewshot\": 5,\r\n"}
,{"stream_name":"stdout","time":329.16037381,"data":"  \"piqa:in_bank1\": 552,\r\n"}
,{"stream_name":"stdout","time":329.160376025,"data":"  \"socialiqa:in_fewshot\": 5,\r\n"}
,{"stream_name":"stdout","time":329.160378247,"data":"  \"winogrande:in_bank1\": 18,\r\n"}
,{"stream_name":"stdout","time":329.160380476,"data":"  \"winogrande:in_fewshot\": 6\r\n"}
,{"stream_name":"stdout","time":329.160394972,"data":" },\r\n"}
,{"stream_name":"stdout","time":329.160397387,"data":" \"sha256\": \"6190e0b24324ca357b3515206165acb6f024c310005d36fcf17fb2807cbc81d1\"\r\n"}
,{"stream_name":"stdout","time":329.160399922,"data":"}\r\n"}
,{"stream_name":"stdout","time":329.160402038,"data":"[done] 261s\r\n"}
,{"stream_name":"stdout","time":330.582916567,"data":"[freeze] bank1: 37682 items, sha256 3130d19f88c2cb5dd040ff203200a9a3464e29b873635c1cd7768704b19fbcaf\r\n"}
,{"stream_name":"stdout","time":330.582998076,"data":"[freeze] bank2: 6808 items, sha256 6190e0b24324ca357b3515206165acb6f024c310005d36fcf17fb2807cbc81d1\r\n"}
,{"stream_name":"stdout","time":330.733720365,"data":"bank2 sha256 6190e0b24324ca357b3515206165acb6f024c310005d36fcf17fb2807cbc81d1\n"}
,{"stream_name":"stdout","time":330.737119097,"data":"bank1_requests.jsonl.gz  bank2_requests.jsonl.gz\r\n"}
,{"stream_name":"stdout","time":330.737136599,"data":"bank1_summary.json\t bank2_summary.json\r\n"}
,{"stream_name":"stdout","time":330.883005015,"data":"name, memory.total [MiB]\r\n"}
,{"stream_name":"stdout","time":330.88303898,"data":"Tesla T4, 15360 MiB\r\n"}
,{"stream_name":"stdout","time":330.883042777,"data":"Tesla T4, 15360 MiB\r\n"}
,{"stream_name":"stdout","time":331.398588857,"data":"[plan] job pythia_bank2_final on bank2: 37 runs, 37 still to score, tasks all, gpus ['0', '1'], 0.0 card-hours by this job's own timings so far\r\n"}
,{"stream_name":"stdout","time":343.609513352,"data":"name, memory.total [MiB], driver_version\r\n"}
,{"stream_name":"stdout","time":343.609547271,"data":"Tesla T4, 15360 MiB, 580.159.04\r\n"}
,{"stream_name":"stdout","time":343.609553428,"data":"Tesla T4, 15360 MiB, 580.159.04\r\n"}
,{"stream_name":"stdout","time":343.609558293,"data":"\r\n"}
,{"stream_name":"stdout","time":11836.480614105,"data":"[worker 0] exit 0\r\n"}
,{"stream_name":"stdout","time":12369.993224073,"data":"[worker 1] exit 0\r\n"}
,{"stream_name":"stdout","time":12369.993290915,"data":"[done] job pythia_bank2_final: 37 of 37 scored, 0 failed, 0 not started, 12039s\r\n"}
,{"stream_name":"stdout","time":12370.690281347,"data":"polypythias__14m__seed-1__step-143000.npz\r\n"}
,{"stream_name":"stdout","time":12370.690321357,"data":"polypythias__14m__seed-2__step-143000.npz\r\n"}
,{"stream_name":"stdout","time":12370.69032736,"data":"polypythias__14m__seed-3__step-143000.npz\r\n"}
,{"stream_name":"stdout","time":12370.69033114,"data":"polypythias__14m__seed-4__step-143000.npz\r\n"}
,{"stream_name":"stdout","time":12370.690334676,"data":"polypythias__14m__seed-5__step-143000.npz\r\n"}
,{"stream_name":"stdout","time":12370.690338155,"data":"polypythias__14m__seed-6__step-143000.npz\r\n"}
,{"stream_name":"stdout","time":12370.690341595,"data":"polypythias__14m__seed-7__step-143000.npz\r\n"}
,{"stream_name":"stdout","time":12370.690345041,"data":"polypythias__14m__seed-8__step-143000.npz\r\n"}
,{"stream_name":"stdout","time":12370.690348449,"data":"polypythias__14m__seed-9__step-143000.npz\r\n"}
,{"stream_name":"stdout","time":12370.69035181,"data":"polypythias__160m__seed-1__step-143000.npz\r\n"}
,{"stream_name":"stdout","time":12370.690355296,"data":"polypythias__160m__seed-2__step-143000.npz\r\n"}
,{"stream_name":"stdout","time":12370.690358704,"data":"polypythias__160m__seed-3__step-143000.npz\r\n"}
,{"stream_name":"stdout","time":12370.690362125,"data":"polypythias__160m__seed-4__step-143000.npz\r\n"}
,{"stream_name":"stdout","time":12370.690365452,"data":"polypythias__160m__seed-5__step-143000.npz\r\n"}
,{"stream_name":"stdout","time":12370.690368782,"data":"polypythias__160m__seed-6__step-143000.npz\r\n"}
,{"stream_name":"stdout","time":12370.690382857,"data":"polypythias__160m__seed-7__step-143000.npz\r\n"}
,{"stream_name":"stdout","time":12370.690385717,"data":"polypythias__160m__seed-8__step-143000.npz\r\n"}
,{"stream_name":"stdout","time":12370.690388227,"data":"polypythias__160m__seed-9__step-143000.npz\r\n"}
,{"stream_name":"stdout","time":12370.690390836,"data":"polypythias__31m__seed-1__step-143000.npz\r\n"}
,{"stream_name":"stdout","time":12370.690393415,"data":"polypythias__31m__seed-2__step-143000.npz\r\n"}
,{"stream_name":"stdout","time":12370.6903959,"data":"polypythias__31m__seed-3__step-143000.npz\r\n"}
,{"stream_name":"stdout","time":12370.690398387,"data":"polypythias__31m__seed-4__step-143000.npz\r\n"}
,{"stream_name":"stdout","time":12370.690400942,"data":"polypythias__31m__seed-5__step-143000.npz\r\n"}
,{"stream_name":"stdout","time":12370.690403409,"data":"polypythias__31m__seed-6__step-143000.npz\r\n"}
,{"stream_name":"stdout","time":12370.690405972,"data":"polypythias__31m__seed-7__step-143000.npz\r\n"}
,{"stream_name":"stdout","time":12370.690408457,"data":"polypythias__31m__seed-8__step-143000.npz\r\n"}
,{"stream_name":"stdout","time":12370.69041095,"data":"polypythias__31m__seed-9__step-143000.npz\r\n"}
,{"stream_name":"stdout","time":12370.690413439,"data":"polypythias__410m__seed-9__step-143000.npz\r\n"}
,{"stream_name":"stdout","time":12370.690416,"data":"polypythias__70m__seed-1__step-143000.npz\r\n"}
,{"stream_name":"stdout","time":12370.690418472,"data":"polypythias__70m__seed-2__step-143000.npz\r\n"}
,{"stream_name":"stdout","time":12370.69042113,"data":"polypythias__70m__seed-3__step-143000.npz\r\n"}
,{"stream_name":"stdout","time":12370.69042371,"data":"polypythias__70m__seed-4__step-143000.npz\r\n"}
,{"stream_name":"stdout","time":12370.690426192,"data":"polypythias__70m__seed-5__step-143000.npz\r\n"}
,{"stream_name":"stdout","time":12370.690428665,"data":"polypythias__70m__seed-6__step-143000.npz\r\n"}
,{"stream_name":"stdout","time":12370.690431171,"data":"polypythias__70m__seed-7__step-143000.npz\r\n"}
,{"stream_name":"stdout","time":12370.69043365,"data":"polypythias__70m__seed-8__step-143000.npz\r\n"}
,{"stream_name":"stdout","time":12370.690436121,"data":"polypythias__70m__seed-9__step-143000.npz\r\n"}
,{"stream_name":"stdout","time":12370.690438635,"data":"report_20260924T040022.json\r\n"}
,{"stream_name":"stdout","time":12370.690441192,"data":"timing_20260924T040022.json\r\n"}
,{"stream_name":"stdout","time":12370.690443711,"data":"worker0.log\r\n"}
,{"stream_name":"stdout","time":12370.690446303,"data":"worker1.log\r\n"}
,{"stream_name":"stderr","time":12373.925364771,"data":"/usr/local/lib/python3.12/dist-packages/mistune.py:435: SyntaxWarning: invalid escape sequence '\\|'\n"}
,{"stream_name":"stderr","time":12373.92539682,"data":"  cells[i][c] = re.sub('\\\\\\\\\\|', '|', cell)\n"}
,{"stream_name":"stderr","time":12374.194057747,"data":"/usr/local/lib/python3.12/dist-packages/nbconvert/filters/filter_links.py:36: SyntaxWarning: invalid escape sequence '\\_'\n"}
,{"stream_name":"stderr","time":12374.194092768,"data":"  text = re.sub(r'_', '\\_', text) # Escape underscores in display text\n"}
,{"stream_name":"stderr","time":12374.947276207,"data":"[NbConvertApp] Converting notebook __notebook__.ipynb to notebook\n"}
,{"stream_name":"stderr","time":12375.355759112,"data":"[NbConvertApp] Writing 88847 bytes to __notebook__.ipynb\n"}
,{"stream_name":"stderr","time":12377.841788886,"data":"[NbConvertApp] Converting notebook __notebook__.ipynb to html\n"}
,{"stream_name":"stderr","time":12378.74238704,"data":"[NbConvertApp] Writing 359527 bytes to __results__.html\n"}
]