[{"stream_name":"stderr","time":7.918097193,"data":"0.00s - Debugger warning: It seems that frozen modules are being used, which may\n"}
,{"stream_name":"stderr","time":7.918169297,"data":"0.00s - make the debugger miss breakpoints. Please pass -Xfrozen_modules=off\n"}
,{"stream_name":"stderr","time":7.918176,"data":"0.00s - to python to disable frozen modules.\n"}
,{"stream_name":"stderr","time":7.918192755,"data":"0.00s - Note: Debugging will proceed. Set PYDEVD_DISABLE_FILE_VALIDATION=1 to disable this validation.\n"}
,{"stream_name":"stderr","time":8.549698998,"data":"0.00s - Debugger warning: It seems that frozen modules are being used, which may\n"}
,{"stream_name":"stderr","time":8.549731239,"data":"0.00s - make the debugger miss breakpoints. Please pass -Xfrozen_modules=off\n"}
,{"stream_name":"stderr","time":8.549736156,"data":"0.00s - to python to disable frozen modules.\n"}
,{"stream_name":"stderr","time":8.549739903999999,"data":"0.00s - Note: Debugging will proceed. Set PYDEVD_DISABLE_FILE_VALIDATION=1 to disable this validation.\n"}
,{"stream_name":"stdout","time":13.707649251,"data":"\u001b[?25l     \u001b[90m━━━━━━━━━━━━━━━━━━━━━━━━━━━━━━━━━━━━━━━━\u001b[0m \u001b[32m0.0/44.0 kB\u001b[0m \u001b[31m?\u001b[0m eta \u001b[36m-:--:--\u001b[0m\r\u001b[2K     \u001b[90m━━━━━━━━━━━━━━━━━━━━━━━━━━━━━━━━━━━━━━━━\u001b[0m \u001b[32m44.0/44.0 kB\u001b[0m \u001b[31m1.6 MB/s\u001b[0m eta \u001b[36m0:00:00\u001b[0m\r\n"}
,{"stream_name":"stdout","time":14.419130187,"data":"\u001b[?25h\u001b[?25l   \u001b[90m━━━━━━━━━━━━━━━━━━━━━━━━━━━━━━━━━━━━━━━━\u001b[0m \u001b[32m0.0/12.0 MB\u001b[0m \u001b[31m?\u001b[0m eta \u001b[36m-:--:--\u001b[0m\r\u001b[2K   \u001b[91m━━\u001b[0m\u001b[91m╸\u001b[0m\u001b[90m━━━━━━━━━━━━━━━━━━━━━━━━━━━━━━━━━━━━━\u001b[0m \u001b[32m0.8/12.0 MB\u001b[0m \u001b[31m24.1 MB/s\u001b[0m eta \u001b[36m0:00:01\u001b[0m\r\u001b[2K   \u001b[91m━━━━━━━━━━━━━━━━━\u001b[0m\u001b[90m╺\u001b[0m\u001b[90m━━━━━━━━━━━━━━━━━━━━━━\u001b[0m \u001b[32m5.2/12.0 MB\u001b[0m \u001b[31m75.3 MB/s\u001b[0m eta \u001b[36m0:00:01\u001b[0m\r\u001b[2K   \u001b[91m━━━━━━━━━━━━━━━━━━━━━━━━━━━━━━━━━━━━━━━\u001b[0m\u001b[91m╸\u001b[0m \u001b[32m12.0/12.0 MB\u001b[0m \u001b[31m187.9 MB/s\u001b[0m eta \u001b[36m0:00:01\u001b[0m\r\u001b[2K   \u001b[91m━━━━━━━━━━━━━━━━━━━━━━━━━━━━━━━━━━━━━━━\u001b[0m\u001b[91m╸\u001b[0m \u001b[32m12.0/12.0 MB\u001b[0m \u001b[31m187.9 MB/s\u001b[0m eta \u001b[36m0:00:01\u001b[0m\r\u001b[2K   \u001b[90m━━━━━━━━━━━━━━━━━━━━━━━━━━━━━━━━━━━━━━━━\u001b[0m \u001b[32m12.0/12.0 MB\u001b[0m \u001b[31m93.4 MB/s\u001b[0m eta \u001b[36m0:00:00\u001b[0m\r\n"}
,{"stream_name":"stdout","time":14.469389854,"data":"\u001b[?25h\u001b[?25l   \u001b[90m━━━━━━━━━━━━━━━━━━━━━━━━━━━━━━━━━━━━━━━━\u001b[0m \u001b[32m0.0/566.4 kB\u001b[0m \u001b[31m?\u001b[0m eta \u001b[36m-:--:--\u001b[0m\r\u001b[2K   \u001b[90m━━━━━━━━━━━━━━━━━━━━━━━━━━━━━━━━━━━━━━━━\u001b[0m \u001b[32m566.4/566.4 kB\u001b[0m \u001b[31m25.6 MB/s\u001b[0m eta \u001b[36m0:00:00\u001b[0m\r\n"}
,{"stream_name":"stdout","time":28.492078522,"data":"\u001b[?25h/tmp/SNAP/compute2\n"}
,{"stream_name":"stdout","time":28.492112263,"data":"6cfedee\r\n"}
,{"stream_name":"stdout","time":28.653231331,"data":"[{'step': [143000], 'seed': [1, 2, 3, 4, 5, 6, 7, 8], 'run_key': ['polypythias__410m__seed-1__step-143000', 'polypythias__410m__seed-2__step-143000', 'polypythias__410m__seed-3__step-143000', 'polypythias__410m__seed-4__step-143000', 'polypythias__410m__seed-5__step-143000', 'polypythias__410m__seed-6__step-143000', 'polypythias__410m__seed-7__step-143000', 'polypythias__410m__seed-8__step-143000']}]\n"}
,{"stream_name":"stdout","time":30.176047615,"data":"\rrequests/arc_challenge-requests.jsonl.gz:   0%|      | 0.00/460k [00:00\u003c?, ?B/s]\rrequests/arc_challenge-requests.jsonl.gz:   0%|      | 0.00/460k [00:00\u003c?, ?B/s]\rrequests/arc_challenge-requests.jsonl.gz:   0%|      | 0.00/460k [00:00\u003c?, ?B/s]\rrequests/arc_challenge-requests.jsonl.gz:   0%|      | 0.00/460k [00:00\u003c?, ?B/s]\rrequests/arc_challenge-requests.jsonl.gz: 100%|█| 460k/460k [00:00\u003c00:00, 2.30MB\rrequests/arc_challenge-requests.jsonl.gz: 100%|█| 460k/460k [00:00\u003c00:00, 547kB/\r\n"}
,{"stream_name":"stdout","time":30.278359221,"data":"[task] arc_challenge: 1172 docs\r\n"}
,{"stream_name":"stdout","time":30.635503218,"data":"\rrequests/arc_easy-requests.jsonl.gz:   0%|           | 0.00/840k [00:00\u003c?, ?B/s]\rrequests/arc_easy-requests.jsonl.gz: 100%|███| 840k/840k [00:00\u003c00:00, 3.93MB/s]\rrequests/arc_easy-requests.jsonl.gz: 100%|███| 840k/840k [00:00\u003c00:00, 3.92MB/s]\r\n"}
,{"stream_name":"stdout","time":30.889954932,"data":"[task] arc_easy: 2376 docs\r\n"}
,{"stream_name":"stdout","time":31.24581455,"data":"\rrequests/boolq-requests.jsonl.gz:   0%|             | 0.00/1.28M [00:00\u003c?, ?B/s]\rrequests/boolq-requests.jsonl.gz: 100%|████| 1.28M/1.28M [00:00\u003c00:00, 5.86MB/s]\rrequests/boolq-requests.jsonl.gz: 100%|████| 1.28M/1.28M [00:00\u003c00:00, 5.85MB/s]\r\n"}
,{"stream_name":"stdout","time":31.550831996,"data":"[task] boolq: 3270 docs\r\n"}
,{"stream_name":"stdout","time":32.311995151,"data":"\rrequests/csqa-requests.jsonl.gz:   0%|               | 0.00/406k [00:00\u003c?, ?B/s]\rrequests/csqa-requests.jsonl.gz:   0%|               | 0.00/406k [00:00\u003c?, ?B/s]\rrequests/csqa-requests.jsonl.gz:   0%|               | 0.00/406k [00:00\u003c?, ?B/s]\rrequests/csqa-requests.jsonl.gz: 100%|███████| 406k/406k [00:00\u003c00:00, 2.03MB/s]\rrequests/csqa-requests.jsonl.gz: 100%|████████| 406k/406k [00:00\u003c00:00, 663kB/s]\r\n"}
,{"stream_name":"stdout","time":32.413342121,"data":"[task] csqa: 1221 docs\r\n"}
,{"stream_name":"stdout","time":34.348855273,"data":"\rrequests/hellaswag-requests.jsonl.gz:   0%|         | 0.00/8.72M [00:00\u003c?, ?B/s]\rrequests/hellaswag-requests.jsonl.gz:   0%|         | 0.00/8.72M [00:00\u003c?, ?B/s]\rrequests/hellaswag-requests.jsonl.gz:   0%|         | 0.00/8.72M [00:00\u003c?, ?B/s]\rrequests/hellaswag-requests.jsonl.gz:   0%|         | 0.00/8.72M [00:00\u003c?, ?B/s]\rrequests/hellaswag-requests.jsonl.gz:   0%|         | 0.00/8.72M [00:00\u003c?, ?B/s]\rrequests/hellaswag-requests.jsonl.gz:   0%|         | 0.00/8.72M [00:01\u003c?, ?B/s]\rrequests/hellaswag-requests.jsonl.gz:   0%|         | 0.00/8.72M [00:01\u003c?, ?B/s]\rrequests/hellaswag-requests.jsonl.gz:   0%|         | 0.00/8.72M [00:01\u003c?, ?B/s]\rrequests/hellaswag-requests.jsonl.gz:   0%|         | 0.00/8.72M [00:01\u003c?, ?B/s]\rrequests/hellaswag-requests.jsonl.gz: 100%|█| 8.72M/8.72M [00:01\u003c00:00, 43.6MB/s\rrequests/hellaswag-requests.jsonl.gz: 100%|█| 8.72M/8.72M [00:01\u003c00:00, 4.81MB/s\r\n"}
,{"stream_name":"stdout","time":35.82079855,"data":"[task] hellaswag: 10042 docs\r\n"}
,{"stream_name":"stdout","time":36.175049586,"data":"\rrequests/mmlu_abstract_algebra-requests.(…):   0%|  | 0.00/26.4k [00:00\u003c?, ?B/s]\rrequests/mmlu_abstract_algebra-requests.(…): 100%|█| 26.4k/26.4k [00:00\u003c00:00, 1\rrequests/mmlu_abstract_algebra-requests.(…): 100%|█| 26.4k/26.4k [00:00\u003c00:00, 1\r\n"}
,{"stream_name":"stdout","time":36.175111953,"data":"[task] mmlu_abstract_algebra: 100 docs\r\n"}
,{"stream_name":"stdout","time":36.529704597,"data":"\rrequests/mmlu_anatomy-requests.jsonl.gz:   0%|      | 0.00/44.6k [00:00\u003c?, ?B/s]\rrequests/mmlu_anatomy-requests.jsonl.gz: 100%|█| 44.6k/44.6k [00:00\u003c00:00, 210kB\rrequests/mmlu_anatomy-requests.jsonl.gz: 100%|█| 44.6k/44.6k [00:00\u003c00:00, 210kB\r\n"}
,{"stream_name":"stdout","time":36.529736957,"data":"[task] mmlu_anatomy: 135 docs\r\n"}
,{"stream_name":"stdout","time":36.886118324,"data":"\rrequests/mmlu_astronomy-requests.jsonl.g(…):   0%|  | 0.00/65.0k [00:00\u003c?, ?B/s]\rrequests/mmlu_astronomy-requests.jsonl.g(…): 100%|█| 65.0k/65.0k [00:00\u003c00:00, 3\rrequests/mmlu_astronomy-requests.jsonl.g(…): 100%|█| 65.0k/65.0k [00:00\u003c00:00, 3\r\n"}
,{"stream_name":"stdout","time":36.886162343,"data":"[task] mmlu_astronomy: 152 docs\r\n"}
,{"stream_name":"stdout","time":37.242370289,"data":"\rrequests/mmlu_business_ethics-requests.j(…):   0%|  | 0.00/45.9k [00:00\u003c?, ?B/s]\rrequests/mmlu_business_ethics-requests.j(…): 100%|█| 45.9k/45.9k [00:00\u003c00:00, 2\rrequests/mmlu_business_ethics-requests.j(…): 100%|█| 45.9k/45.9k [00:00\u003c00:00, 2\r\n"}
,{"stream_name":"stdout","time":37.242422259,"data":"[task] mmlu_business_ethics: 100 docs\r\n"}
,{"stream_name":"stdout","time":37.597443664,"data":"\rrequests/mmlu_clinical_knowledge-request(…):   0%|  | 0.00/94.9k [00:00\u003c?, ?B/s]\rrequests/mmlu_clinical_knowledge-request(…): 100%|█| 94.9k/94.9k [00:00\u003c00:00, 4\rrequests/mmlu_clinical_knowledge-request(…): 100%|█| 94.9k/94.9k [00:00\u003c00:00, 4\r\n"}
,{"stream_name":"stdout","time":37.597476924,"data":"[task] mmlu_clinical_knowledge: 265 docs\r\n"}
,{"stream_name":"stdout","time":37.952089229,"data":"\rrequests/mmlu_college_biology-requests.j(…):   0%|  | 0.00/67.7k [00:00\u003c?, ?B/s]\rrequests/mmlu_college_biology-requests.j(…): 100%|█| 67.7k/67.7k [00:00\u003c00:00, 3\rrequests/mmlu_college_biology-requests.j(…): 100%|█| 67.7k/67.7k [00:00\u003c00:00, 3\r\n"}
,{"stream_name":"stdout","time":37.95212368,"data":"[task] mmlu_college_biology: 144 docs\r\n"}
,{"stream_name":"stdout","time":38.306872136,"data":"\rrequests/mmlu_college_chemistry-requests(…):   0%|  | 0.00/39.3k [00:00\u003c?, ?B/s]\rrequests/mmlu_college_chemistry-requests(…): 100%|█| 39.3k/39.3k [00:00\u003c00:00, 1\rrequests/mmlu_college_chemistry-requests(…): 100%|█| 39.3k/39.3k [00:00\u003c00:00, 1\r\n"}
,{"stream_name":"stdout","time":38.306912739,"data":"[task] mmlu_college_chemistry: 100 docs\r\n"}
,{"stream_name":"stdout","time":38.661944159,"data":"\rrequests/mmlu_college_computer_science-r(…):   0%|  | 0.00/61.3k [00:00\u003c?, ?B/s]\rrequests/mmlu_college_computer_science-r(…): 100%|█| 61.3k/61.3k [00:00\u003c00:00, 2\rrequests/mmlu_college_computer_science-r(…): 100%|█| 61.3k/61.3k [00:00\u003c00:00, 2\r\n"}
,{"stream_name":"stdout","time":38.712071296,"data":"[task] mmlu_college_computer_science: 100 docs\r\n"}
,{"stream_name":"stdout","time":39.01648831,"data":"\rrequests/mmlu_college_mathematics-reques(…):   0%|  | 0.00/39.7k [00:00\u003c?, ?B/s]\rrequests/mmlu_college_mathematics-reques(…): 100%|█| 39.7k/39.7k [00:00\u003c00:00, 1\rrequests/mmlu_college_mathematics-reques(…): 100%|█| 39.7k/39.7k [00:00\u003c00:00, 1\r\n"}
,{"stream_name":"stdout","time":39.066955136,"data":"[task] mmlu_college_mathematics: 100 docs\r\n"}
,{"stream_name":"stdout","time":39.371403289,"data":"\rrequests/mmlu_college_medicine-requests.(…):   0%|   | 0.00/109k [00:00\u003c?, ?B/s]\rrequests/mmlu_college_medicine-requests.(…): 100%|█| 109k/109k [00:00\u003c00:00, 506\rrequests/mmlu_college_medicine-requests.(…): 100%|█| 109k/109k [00:00\u003c00:00, 504\r\n"}
,{"stream_name":"stdout","time":39.421794567,"data":"[task] mmlu_college_medicine: 173 docs\r\n"}
,{"stream_name":"stdout","time":39.779103805,"data":"\rrequests/mmlu_college_physics-requests.j(…):   0%|  | 0.00/45.4k [00:00\u003c?, ?B/s]\rrequests/mmlu_college_physics-requests.j(…): 100%|█| 45.4k/45.4k [00:00\u003c00:00, 2\rrequests/mmlu_college_physics-requests.j(…): 100%|█| 45.4k/45.4k [00:00\u003c00:00, 2\r\n"}
,{"stream_name":"stdout","time":39.779131617,"data":"[task] mmlu_college_physics: 102 docs\r\n"}
,{"stream_name":"stdout","time":40.181133904,"data":"\rrequests/mmlu_computer_security-requests(…):   0%|  | 0.00/41.6k [00:00\u003c?, ?B/s]\rrequests/mmlu_computer_security-requests(…): 100%|█| 41.6k/41.6k [00:00\u003c00:00, 1\rrequests/mmlu_computer_security-requests(…): 100%|█| 41.6k/41.6k [00:00\u003c00:00, 1\r\n"}
,{"stream_name":"stdout","time":40.181177231,"data":"[task] mmlu_computer_security: 100 docs\r\n"}
,{"stream_name":"stdout","time":40.536138885,"data":"\rrequests/mmlu_conceptual_physics-request(…):   0%|  | 0.00/70.3k [00:00\u003c?, ?B/s]\rrequests/mmlu_conceptual_physics-request(…): 100%|█| 70.3k/70.3k [00:00\u003c00:00, 3\rrequests/mmlu_conceptual_physics-request(…): 100%|█| 70.3k/70.3k [00:00\u003c00:00, 3\r\n"}
,{"stream_name":"stdout","time":40.53618083,"data":"[task] mmlu_conceptual_physics: 235 docs\r\n"}
,{"stream_name":"stdout","time":40.892205417,"data":"\rrequests/mmlu_econometrics-requests.json(…):   0%|  | 0.00/56.2k [00:00\u003c?, ?B/s]\rrequests/mmlu_econometrics-requests.json(…): 100%|█| 56.2k/56.2k [00:00\u003c00:00, 2\rrequests/mmlu_econometrics-requests.json(…): 100%|█| 56.2k/56.2k [00:00\u003c00:00, 2\r\n"}
,{"stream_name":"stdout","time":40.892238249,"data":"[task] mmlu_econometrics: 114 docs\r\n"}
,{"stream_name":"stdout","time":41.248379846,"data":"\rrequests/mmlu_electrical_engineering-req(…):   0%|  | 0.00/44.1k [00:00\u003c?, ?B/s]\rrequests/mmlu_electrical_engineering-req(…): 100%|█| 44.1k/44.1k [00:00\u003c00:00, 2\rrequests/mmlu_electrical_engineering-req(…): 100%|█| 44.1k/44.1k [00:00\u003c00:00, 2\r\n"}
,{"stream_name":"stdout","time":41.248415483,"data":"[task] mmlu_electrical_engineering: 145 docs\r\n"}
,{"stream_name":"stdout","time":41.654865238,"data":"\rrequests/mmlu_elementary_mathematics-req(…):   0%|   | 0.00/120k [00:00\u003c?, ?B/s]\rrequests/mmlu_elementary_mathematics-req(…): 100%|█| 120k/120k [00:00\u003c00:00, 563\rrequests/mmlu_elementary_mathematics-req(…): 100%|█| 120k/120k [00:00\u003c00:00, 561\r\n"}
,{"stream_name":"stdout","time":41.705233586,"data":"[task] mmlu_elementary_mathematics: 378 docs\r\n"}
,{"stream_name":"stdout","time":42.009360399,"data":"\rrequests/mmlu_formal_logic-requests.json(…):   0%|  | 0.00/52.4k [00:00\u003c?, ?B/s]\rrequests/mmlu_formal_logic-requests.json(…): 100%|█| 52.4k/52.4k [00:00\u003c00:00, 2\rrequests/mmlu_formal_logic-requests.json(…): 100%|█| 52.4k/52.4k [00:00\u003c00:00, 2\r\n"}
,{"stream_name":"stdout","time":42.060198036,"data":"[task] mmlu_formal_logic: 126 docs\r\n"}
,{"stream_name":"stdout","time":42.414300561,"data":"\rrequests/mmlu_global_facts-requests.json(…):   0%|  | 0.00/30.1k [00:00\u003c?, ?B/s]\rrequests/mmlu_global_facts-requests.json(…): 100%|█| 30.1k/30.1k [00:00\u003c00:00, 1\rrequests/mmlu_global_facts-requests.json(…): 100%|█| 30.1k/30.1k [00:00\u003c00:00, 1\r\n"}
,{"stream_name":"stdout","time":42.41434803,"data":"[task] mmlu_global_facts: 100 docs\r\n"}
,{"stream_name":"stdout","time":42.972502492,"data":"\rrequests/mmlu_high_school_biology-reques(…):   0%|   | 0.00/149k [00:00\u003c?, ?B/s]\rrequests/mmlu_high_school_biology-reques(…):   0%|   | 0.00/149k [00:00\u003c?, ?B/s]\rrequests/mmlu_high_school_biology-reques(…): 100%|█| 149k/149k [00:00\u003c00:00, 745\rrequests/mmlu_high_school_biology-reques(…): 100%|█| 149k/149k [00:00\u003c00:00, 362\r\n"}
,{"stream_name":"stdout","time":43.022821654,"data":"[task] mmlu_high_school_biology: 310 docs\r\n"}
,{"stream_name":"stdout","time":43.328255585,"data":"\rrequests/mmlu_high_school_chemistry-requ(…):   0%|  | 0.00/83.7k [00:00\u003c?, ?B/s]\rrequests/mmlu_high_school_chemistry-requ(…): 100%|█| 83.7k/83.7k [00:00\u003c00:00, 3\rrequests/mmlu_high_school_chemistry-requ(…): 100%|█| 83.7k/83.7k [00:00\u003c00:00, 3\r\n"}
,{"stream_name":"stdout","time":43.379333942,"data":"[task] mmlu_high_school_chemistry: 203 docs\r\n"}
,{"stream_name":"stdout","time":43.684833016,"data":"\rrequests/mmlu_high_school_computer_scien(…):   0%|  | 0.00/58.9k [00:00\u003c?, ?B/s]\rrequests/mmlu_high_school_computer_scien(…): 100%|█| 58.9k/58.9k [00:00\u003c00:00, 2\rrequests/mmlu_high_school_computer_scien(…): 100%|█| 58.9k/58.9k [00:00\u003c00:00, 2\r\n"}
,{"stream_name":"stdout","time":43.736940386,"data":"[task] mmlu_high_school_computer_science: 100 docs\r\n"}
,{"stream_name":"stdout","time":44.042561616,"data":"\rrequests/mmlu_high_school_european_histo(…):   0%|   | 0.00/341k [00:00\u003c?, ?B/s]\rrequests/mmlu_high_school_european_histo(…): 100%|█| 341k/341k [00:00\u003c00:00, 1.6\rrequests/mmlu_high_school_european_histo(…): 100%|█| 341k/341k [00:00\u003c00:00, 1.5\r\n"}
,{"stream_name":"stdout","time":44.195036234,"data":"[task] mmlu_high_school_european_history: 165 docs\r\n"}
,{"stream_name":"stdout","time":44.500434497,"data":"\rrequests/mmlu_high_school_geography-requ(…):   0%|  | 0.00/69.5k [00:00\u003c?, ?B/s]\rrequests/mmlu_high_school_geography-requ(…): 100%|█| 69.5k/69.5k [00:00\u003c00:00, 3\rrequests/mmlu_high_school_geography-requ(…): 100%|█| 69.5k/69.5k [00:00\u003c00:00, 3\r\n"}
,{"stream_name":"stdout","time":44.551433782,"data":"[task] mmlu_high_school_geography: 198 docs\r\n"}
,{"stream_name":"stdout","time":44.906087008,"data":"\rrequests/mmlu_high_school_government_and(…):   0%|  | 0.00/90.0k [00:00\u003c?, ?B/s]\rrequests/mmlu_high_school_government_and(…): 100%|█| 90.0k/90.0k [00:00\u003c00:00, 4\rrequests/mmlu_high_school_government_and(…): 100%|█| 90.0k/90.0k [00:00\u003c00:00, 4\r\n"}
,{"stream_name":"stdout","time":44.906120047,"data":"[task] mmlu_high_school_government_and_politics: 193 docs\r\n"}
,{"stream_name":"stdout","time":45.261122922,"data":"\rrequests/mmlu_high_school_macroeconomics(…):   0%|   | 0.00/148k [00:00\u003c?, ?B/s]\rrequests/mmlu_high_school_macroeconomics(…): 100%|█| 148k/148k [00:00\u003c00:00, 697\rrequests/mmlu_high_school_macroeconomics(…): 100%|█| 148k/148k [00:00\u003c00:00, 695\r\n"}
,{"stream_name":"stdout","time":45.311789176,"data":"[task] mmlu_high_school_macroeconomics: 390 docs\r\n"}
,{"stream_name":"stdout","time":45.667149161,"data":"\rrequests/mmlu_high_school_mathematics-re(…):   0%|  | 0.00/96.8k [00:00\u003c?, ?B/s]\rrequests/mmlu_high_school_mathematics-re(…): 100%|█| 96.8k/96.8k [00:00\u003c00:00, 4\rrequests/mmlu_high_school_mathematics-re(…): 100%|█| 96.8k/96.8k [00:00\u003c00:00, 4\r\n"}
,{"stream_name":"stdout","time":45.667177882,"data":"[task] mmlu_high_school_mathematics: 270 docs\r\n"}
,{"stream_name":"stdout","time":46.022038748,"data":"\rrequests/mmlu_high_school_microeconomics(…):   0%|  | 0.00/92.9k [00:00\u003c?, ?B/s]\rrequests/mmlu_high_school_microeconomics(…): 100%|█| 92.9k/92.9k [00:00\u003c00:00, 4\rrequests/mmlu_high_school_microeconomics(…): 100%|█| 92.9k/92.9k [00:00\u003c00:00, 4\r\n"}
,{"stream_name":"stdout","time":46.022080206,"data":"[task] mmlu_high_school_microeconomics: 238 docs\r\n"}
,{"stream_name":"stdout","time":46.378147456,"data":"\rrequests/mmlu_high_school_physics-reques(…):   0%|  | 0.00/75.1k [00:00\u003c?, ?B/s]\rrequests/mmlu_high_school_physics-reques(…): 100%|█| 75.1k/75.1k [00:00\u003c00:00, 3\rrequests/mmlu_high_school_physics-reques(…): 100%|█| 75.1k/75.1k [00:00\u003c00:00, 3\r\n"}
,{"stream_name":"stdout","time":46.378212597,"data":"[task] mmlu_high_school_physics: 151 docs\r\n"}
,{"stream_name":"stdout","time":46.734676165,"data":"\rrequests/mmlu_high_school_psychology-req(…):   0%|   | 0.00/243k [00:00\u003c?, ?B/s]\rrequests/mmlu_high_school_psychology-req(…): 100%|█| 243k/243k [00:00\u003c00:00, 1.1\rrequests/mmlu_high_school_psychology-req(…): 100%|█| 243k/243k [00:00\u003c00:00, 1.1\r\n"}
,{"stream_name":"stdout","time":46.837207846,"data":"[task] mmlu_high_school_psychology: 545 docs\r\n"}
,{"stream_name":"stdout","time":47.142292381,"data":"\rrequests/mmlu_high_school_statistics-req(…):   0%|   | 0.00/133k [00:00\u003c?, ?B/s]\rrequests/mmlu_high_school_statistics-req(…): 100%|█| 133k/133k [00:00\u003c00:00, 624\rrequests/mmlu_high_school_statistics-req(…): 100%|█| 133k/133k [00:00\u003c00:00, 622\r\n"}
,{"stream_name":"stdout","time":47.193207651,"data":"[task] mmlu_high_school_statistics: 216 docs\r\n"}
,{"stream_name":"stdout","time":47.498286058,"data":"\rrequests/mmlu_high_school_us_history-req(…):   0%|   | 0.00/376k [00:00\u003c?, ?B/s]\rrequests/mmlu_high_school_us_history-req(…): 100%|█| 376k/376k [00:00\u003c00:00, 1.7\rrequests/mmlu_high_school_us_history-req(…): 100%|█| 376k/376k [00:00\u003c00:00, 1.7\r\n"}
,{"stream_name":"stdout","time":47.650846422,"data":"[task] mmlu_high_school_us_history: 204 docs\r\n"}
,{"stream_name":"stdout","time":47.955427752,"data":"\rrequests/mmlu_high_school_world_history-(…):   0%|   | 0.00/447k [00:00\u003c?, ?B/s]\rrequests/mmlu_high_school_world_history-(…): 100%|█| 447k/447k [00:00\u003c00:00, 2.1\rrequests/mmlu_high_school_world_history-(…): 100%|█| 447k/447k [00:00\u003c00:00, 2.0\r\n"}
,{"stream_name":"stdout","time":48.057057042,"data":"[task] mmlu_high_school_world_history: 237 docs\r\n"}
,{"stream_name":"stdout","time":48.412435435,"data":"\rrequests/mmlu_human_aging-requests.jsonl(…):   0%|  | 0.00/77.3k [00:00\u003c?, ?B/s]\rrequests/mmlu_human_aging-requests.jsonl(…): 100%|█| 77.3k/77.3k [00:00\u003c00:00, 3\rrequests/mmlu_human_aging-requests.jsonl(…): 100%|█| 77.3k/77.3k [00:00\u003c00:00, 3\r\n"}
,{"stream_name":"stdout","time":48.463116488,"data":"[task] mmlu_human_aging: 223 docs\r\n"}
,{"stream_name":"stdout","time":48.767311018,"data":"\rrequests/mmlu_human_sexuality-requests.j(…):   0%|  | 0.00/49.8k [00:00\u003c?, ?B/s]\rrequests/mmlu_human_sexuality-requests.j(…): 100%|█| 49.8k/49.8k [00:00\u003c00:00, 2\rrequests/mmlu_human_sexuality-requests.j(…): 100%|█| 49.8k/49.8k [00:00\u003c00:00, 2\r\n"}
,{"stream_name":"stdout","time":48.767342606,"data":"[task] mmlu_human_sexuality: 131 docs\r\n"}
,{"stream_name":"stdout","time":49.122027966,"data":"\rrequests/mmlu_international_law-requests(…):   0%|  | 0.00/60.3k [00:00\u003c?, ?B/s]\rrequests/mmlu_international_law-requests(…): 100%|█| 60.3k/60.3k [00:00\u003c00:00, 2\rrequests/mmlu_international_law-requests(…): 100%|█| 60.3k/60.3k [00:00\u003c00:00, 2\r\n"}
,{"stream_name":"stdout","time":49.172978546,"data":"[task] mmlu_international_law: 121 docs\r\n"}
,{"stream_name":"stdout","time":49.47751327,"data":"\rrequests/mmlu_jurisprudence-requests.jso(…):   0%|  | 0.00/47.9k [00:00\u003c?, ?B/s]\rrequests/mmlu_jurisprudence-requests.jso(…): 100%|█| 47.9k/47.9k [00:00\u003c00:00, 2\rrequests/mmlu_jurisprudence-requests.jso(…): 100%|█| 47.9k/47.9k [00:00\u003c00:00, 2\r\n"}
,{"stream_name":"stdout","time":49.528485694,"data":"[task] mmlu_jurisprudence: 108 docs\r\n"}
,{"stream_name":"stdout","time":49.833380462,"data":"\rrequests/mmlu_logical_fallacies-requests(…):   0%|  | 0.00/66.1k [00:00\u003c?, ?B/s]\rrequests/mmlu_logical_fallacies-requests(…): 100%|█| 66.1k/66.1k [00:00\u003c00:00, 3\rrequests/mmlu_logical_fallacies-requests(…): 100%|█| 66.1k/66.1k [00:00\u003c00:00, 3\r\n"}
,{"stream_name":"stdout","time":49.884310437,"data":"[task] mmlu_logical_fallacies: 163 docs\r\n"}
,{"stream_name":"stdout","time":50.239346447,"data":"\rrequests/mmlu_machine_learning-requests.(…):   0%|  | 0.00/48.4k [00:00\u003c?, ?B/s]\rrequests/mmlu_machine_learning-requests.(…): 100%|█| 48.4k/48.4k [00:00\u003c00:00, 2\rrequests/mmlu_machine_learning-requests.(…): 100%|█| 48.4k/48.4k [00:00\u003c00:00, 2\r\n"}
,{"stream_name":"stdout","time":50.23939041,"data":"[task] mmlu_machine_learning: 112 docs\r\n"}
,{"stream_name":"stdout","time":50.596254182,"data":"\rrequests/mmlu_management-requests.jsonl.(…):   0%|  | 0.00/32.2k [00:00\u003c?, ?B/s]\rrequests/mmlu_management-requests.jsonl.(…): 100%|█| 32.2k/32.2k [00:00\u003c00:00, 1\rrequests/mmlu_management-requests.jsonl.(…): 100%|█| 32.2k/32.2k [00:00\u003c00:00, 1\r\n"}
,{"stream_name":"stdout","time":50.596304163,"data":"[task] mmlu_management: 103 docs\r\n"}
,{"stream_name":"stdout","time":50.902702053,"data":"\rrequests/mmlu_marketing-requests.jsonl.g(…):   0%|  | 0.00/94.1k [00:00\u003c?, ?B/s]\rrequests/mmlu_marketing-requests.jsonl.g(…): 100%|█| 94.1k/94.1k [00:00\u003c00:00, 4\rrequests/mmlu_marketing-requests.jsonl.g(…): 100%|█| 94.1k/94.1k [00:00\u003c00:00, 4\r\n"}
,{"stream_name":"stdout","time":50.955170061,"data":"[task] mmlu_marketing: 234 docs\r\n"}
,{"stream_name":"stdout","time":51.315037556,"data":"\rrequests/mmlu_medical_genetics-requests.(…):   0%|  | 0.00/33.8k [00:00\u003c?, ?B/s]\rrequests/mmlu_medical_genetics-requests.(…): 100%|█| 33.8k/33.8k [00:00\u003c00:00, 1\rrequests/mmlu_medical_genetics-requests.(…): 100%|█| 33.8k/33.8k [00:00\u003c00:00, 1\r\n"}
,{"stream_name":"stdout","time":51.315076465,"data":"[task] mmlu_medical_genetics: 100 docs\r\n"}
,{"stream_name":"stdout","time":51.67092279,"data":"\rrequests/mmlu_miscellaneous-requests.jso(…):   0%|   | 0.00/257k [00:00\u003c?, ?B/s]\rrequests/mmlu_miscellaneous-requests.jso(…): 100%|█| 257k/257k [00:00\u003c00:00, 1.2\rrequests/mmlu_miscellaneous-requests.jso(…): 100%|█| 257k/257k [00:00\u003c00:00, 1.2\r\n"}
,{"stream_name":"stdout","time":51.721236262,"data":"[task] mmlu_miscellaneous: 783 docs\r\n"}
,{"stream_name":"stdout","time":52.075688862,"data":"\rrequests/mmlu_moral_disputes-requests.js(…):   0%|   | 0.00/149k [00:00\u003c?, ?B/s]\rrequests/mmlu_moral_disputes-requests.js(…): 100%|█| 149k/149k [00:00\u003c00:00, 699\rrequests/mmlu_moral_disputes-requests.js(…): 100%|█| 149k/149k [00:00\u003c00:00, 697\r\n"}
,{"stream_name":"stdout","time":52.12632547,"data":"[task] mmlu_moral_disputes: 346 docs\r\n"}
,{"stream_name":"stdout","time":52.430784716,"data":"\rrequests/mmlu_moral_scenarios-requests.j(…):   0%|   | 0.00/310k [00:00\u003c?, ?B/s]\rrequests/mmlu_moral_scenarios-requests.j(…): 100%|█| 310k/310k [00:00\u003c00:00, 1.4\rrequests/mmlu_moral_scenarios-requests.j(…): 100%|█| 310k/310k [00:00\u003c00:00, 1.4\r\n"}
,{"stream_name":"stdout","time":52.583113597,"data":"[task] mmlu_moral_scenarios: 895 docs\r\n"}
,{"stream_name":"stdout","time":52.937837031,"data":"\rrequests/mmlu_nutrition-requests.jsonl.g(…):   0%|   | 0.00/132k [00:00\u003c?, ?B/s]\rrequests/mmlu_nutrition-requests.jsonl.g(…): 100%|█| 132k/132k [00:00\u003c00:00, 621\rrequests/mmlu_nutrition-requests.jsonl.g(…): 100%|█| 132k/132k [00:00\u003c00:00, 619\r\n"}
,{"stream_name":"stdout","time":52.937865607,"data":"[task] mmlu_nutrition: 306 docs\r\n"}
,{"stream_name":"stdout","time":53.293434801,"data":"\rrequests/mmlu_philosophy-requests.jsonl.(…):   0%|   | 0.00/117k [00:00\u003c?, ?B/s]\rrequests/mmlu_philosophy-requests.jsonl.(…): 100%|█| 117k/117k [00:00\u003c00:00, 548\rrequests/mmlu_philosophy-requests.jsonl.(…): 100%|█| 117k/117k [00:00\u003c00:00, 546\r\n"}
,{"stream_name":"stdout","time":53.344055366,"data":"[task] mmlu_philosophy: 311 docs\r\n"}
,{"stream_name":"stdout","time":53.699700495,"data":"\rrequests/mmlu_prehistory-requests.jsonl.(…):   0%|   | 0.00/133k [00:00\u003c?, ?B/s]\rrequests/mmlu_prehistory-requests.jsonl.(…): 100%|█| 133k/133k [00:00\u003c00:00, 623\rrequests/mmlu_prehistory-requests.jsonl.(…): 100%|█| 133k/133k [00:00\u003c00:00, 621\r\n"}
,{"stream_name":"stdout","time":53.750533859,"data":"[task] mmlu_prehistory: 324 docs\r\n"}
,{"stream_name":"stdout","time":54.107079606,"data":"\rrequests/mmlu_professional_accounting-re(…):   0%|   | 0.00/167k [00:00\u003c?, ?B/s]\rrequests/mmlu_professional_accounting-re(…): 100%|█| 167k/167k [00:00\u003c00:00, 777\rrequests/mmlu_professional_accounting-re(…): 100%|█| 167k/167k [00:00\u003c00:00, 775\r\n"}
,{"stream_name":"stdout","time":54.158353174,"data":"[task] mmlu_professional_accounting: 282 docs\r\n"}
,{"stream_name":"stdout","time":54.463178149,"data":"\rrequests/mmlu_professional_law-requests.(…):   0%|  | 0.00/2.16M [00:00\u003c?, ?B/s]\rrequests/mmlu_professional_law-requests.(…): 100%|█| 2.16M/2.16M [00:00\u003c00:00, 1\rrequests/mmlu_professional_law-requests.(…): 100%|█| 2.16M/2.16M [00:00\u003c00:00, 1\r\n"}
,{"stream_name":"stdout","time":54.91925536,"data":"[task] mmlu_professional_law: 1534 docs\r\n"}
,{"stream_name":"stdout","time":55.680466192,"data":"\rrequests/mmlu_professional_medicine-requ(…):   0%|   | 0.00/276k [00:00\u003c?, ?B/s]\rrequests/mmlu_professional_medicine-requ(…):   0%|   | 0.00/276k [00:00\u003c?, ?B/s]\rrequests/mmlu_professional_medicine-requ(…):   0%|   | 0.00/276k [00:00\u003c?, ?B/s]\rrequests/mmlu_professional_medicine-requ(…): 100%|█| 276k/276k [00:00\u003c00:00, 1.3\rrequests/mmlu_professional_medicine-requ(…): 100%|█| 276k/276k [00:00\u003c00:00, 451\r\n"}
,{"stream_name":"stdout","time":55.731086645,"data":"[task] mmlu_professional_medicine: 272 docs\r\n"}
,{"stream_name":"stdout","time":56.08728553,"data":"\rrequests/mmlu_professional_psychology-re(…):   0%|   | 0.00/316k [00:00\u003c?, ?B/s]\rrequests/mmlu_professional_psychology-re(…): 100%|█| 316k/316k [00:00\u003c00:00, 1.4\rrequests/mmlu_professional_psychology-re(…): 100%|█| 316k/316k [00:00\u003c00:00, 1.4\r\n"}
,{"stream_name":"stdout","time":56.188831153,"data":"[task] mmlu_professional_psychology: 612 docs\r\n"}
,{"stream_name":"stdout","time":56.4935804,"data":"\rrequests/mmlu_public_relations-requests.(…):   0%|  | 0.00/44.6k [00:00\u003c?, ?B/s]\rrequests/mmlu_public_relations-requests.(…): 100%|█| 44.6k/44.6k [00:00\u003c00:00, 2\rrequests/mmlu_public_relations-requests.(…): 100%|█| 44.6k/44.6k [00:00\u003c00:00, 2\r\n"}
,{"stream_name":"stdout","time":56.544441874,"data":"[task] mmlu_public_relations: 110 docs\r\n"}
,{"stream_name":"stdout","time":56.849871587,"data":"\rrequests/mmlu_security_studies-requests.(…):   0%|   | 0.00/220k [00:00\u003c?, ?B/s]\rrequests/mmlu_security_studies-requests.(…): 100%|█| 220k/220k [00:00\u003c00:00, 1.0\rrequests/mmlu_security_studies-requests.(…): 100%|█| 220k/220k [00:00\u003c00:00, 1.0\r\n"}
,{"stream_name":"stdout","time":56.900967913,"data":"[task] mmlu_security_studies: 245 docs\r\n"}
,{"stream_name":"stdout","time":57.258825051,"data":"\rrequests/mmlu_sociology-requests.jsonl.g(…):   0%|  | 0.00/94.2k [00:00\u003c?, ?B/s]\rrequests/mmlu_sociology-requests.jsonl.g(…): 100%|█| 94.2k/94.2k [00:00\u003c00:00, 4\rrequests/mmlu_sociology-requests.jsonl.g(…): 100%|█| 94.2k/94.2k [00:00\u003c00:00, 4\r\n"}
,{"stream_name":"stdout","time":57.258893362,"data":"[task] mmlu_sociology: 201 docs\r\n"}
,{"stream_name":"stdout","time":57.615396343,"data":"\rrequests/mmlu_us_foreign_policy-requests(…):   0%|  | 0.00/40.5k [00:00\u003c?, ?B/s]\rrequests/mmlu_us_foreign_policy-requests(…): 100%|█| 40.5k/40.5k [00:00\u003c00:00, 1\rrequests/mmlu_us_foreign_policy-requests(…): 100%|█| 40.5k/40.5k [00:00\u003c00:00, 1\r\n"}
,{"stream_name":"stdout","time":57.615428837,"data":"[task] mmlu_us_foreign_policy: 100 docs\r\n"}
,{"stream_name":"stdout","time":57.970193265,"data":"\rrequests/mmlu_virology-requests.jsonl.gz:   0%|     | 0.00/61.6k [00:00\u003c?, ?B/s]\rrequests/mmlu_virology-requests.jsonl.gz: 100%|█| 61.6k/61.6k [00:00\u003c00:00, 288k\rrequests/mmlu_virology-requests.jsonl.gz: 100%|█| 61.6k/61.6k [00:00\u003c00:00, 287k\r\n"}
,{"stream_name":"stdout","time":57.970231657,"data":"[task] mmlu_virology: 166 docs\r\n"}
,{"stream_name":"stdout","time":58.325107418,"data":"\rrequests/mmlu_world_religions-requests.j(…):   0%|  | 0.00/47.3k [00:00\u003c?, ?B/s]\rrequests/mmlu_world_religions-requests.j(…): 100%|█| 47.3k/47.3k [00:00\u003c00:00, 2\rrequests/mmlu_world_religions-requests.j(…): 100%|█| 47.3k/47.3k [00:00\u003c00:00, 2\r\n"}
,{"stream_name":"stdout","time":58.325138116,"data":"[task] mmlu_world_religions: 171 docs\r\n"}
,{"stream_name":"stdout","time":58.679756743,"data":"\rrequests/openbookqa-requests.jsonl.gz:   0%|         | 0.00/133k [00:00\u003c?, ?B/s]\rrequests/openbookqa-requests.jsonl.gz: 100%|██| 133k/133k [00:00\u003c00:00, 624kB/s]\rrequests/openbookqa-requests.jsonl.gz: 100%|██| 133k/133k [00:00\u003c00:00, 622kB/s]\r\n"}
,{"stream_name":"stdout","time":58.730383818,"data":"[task] openbookqa: 500 docs\r\n"}
,{"stream_name":"stdout","time":59.085717686,"data":"\rrequests/piqa-requests.jsonl.gz:   0%|               | 0.00/529k [00:00\u003c?, ?B/s]\rrequests/piqa-requests.jsonl.gz: 100%|███████| 529k/529k [00:00\u003c00:00, 2.49MB/s]\rrequests/piqa-requests.jsonl.gz: 100%|███████| 529k/529k [00:00\u003c00:00, 2.48MB/s]\r\n"}
,{"stream_name":"stdout","time":59.187672142,"data":"[task] piqa: 1838 docs\r\n"}
,{"stream_name":"stdout","time":59.493017689,"data":"\rrequests/socialiqa-requests.jsonl.gz:   0%|          | 0.00/618k [00:00\u003c?, ?B/s]\rrequests/socialiqa-requests.jsonl.gz: 100%|██| 618k/618k [00:00\u003c00:00, 2.92MB/s]\rrequests/socialiqa-requests.jsonl.gz: 100%|██| 618k/618k [00:00\u003c00:00, 2.91MB/s]\r\n"}
,{"stream_name":"stdout","time":59.644552294,"data":"[task] socialiqa: 1954 docs\r\n"}
,{"stream_name":"stdout","time":60.000277869,"data":"\rrequests/winogrande-requests.jsonl.gz:   0%|         | 0.00/115k [00:00\u003c?, ?B/s]\rrequests/winogrande-requests.jsonl.gz: 100%|██| 115k/115k [00:00\u003c00:00, 543kB/s]\rrequests/winogrande-requests.jsonl.gz: 100%|██| 115k/115k [00:00\u003c00:00, 542kB/s]\r\n"}
,{"stream_name":"stdout","time":60.051131768,"data":"[task] winogrande: 1267 docs\r\n"}
,{"stream_name":"stdout","time":63.857254102,"data":"{\r\n"}
,{"stream_name":"stdout","time":63.857283811,"data":" \"items\": 37682,\r\n"}
,{"stream_name":"stdout","time":63.857287162,"data":" \"per_trait\": {\r\n"}
,{"stream_name":"stdout","time":63.857289644,"data":"  \"arc_challenge\": 1172,\r\n"}
,{"stream_name":"stdout","time":63.857292009,"data":"  \"arc_easy\": 2376,\r\n"}
,{"stream_name":"stdout","time":63.857294304,"data":"  \"boolq\": 3270,\r\n"}
,{"stream_name":"stdout","time":63.8572966,"data":"  \"csqa\": 1221,\r\n"}
,{"stream_name":"stdout","time":63.857299002,"data":"  \"hellaswag\": 10042,\r\n"}
,{"stream_name":"stdout","time":63.857301466,"data":"  \"mmlu\": 14042,\r\n"}
,{"stream_name":"stdout","time":63.857303771,"data":"  \"openbookqa\": 500,\r\n"}
,{"stream_name":"stdout","time":63.857315282,"data":"  \"piqa\": 1838,\r\n"}
,{"stream_name":"stdout","time":63.857328696,"data":"  \"socialiqa\": 1954,\r\n"}
,{"stream_name":"stdout","time":63.857332918,"data":"  \"winogrande\": 1267\r\n"}
,{"stream_name":"stdout","time":63.8573369,"data":" },\r\n"}
,{"stream_name":"stdout","time":63.857340264,"data":" \"sha256\": \"3130d19f88c2cb5dd040ff203200a9a3464e29b873635c1cd7768704b19fbcaf\"\r\n"}
,{"stream_name":"stdout","time":63.857344591,"data":"}\r\n"}
,{"stream_name":"stdout","time":66.449240971,"data":"\u001b[?25l   \u001b[90m━━━━━━━━━━━━━━━━━━━━━━━━━━━━━━━━━━━━━━━━\u001b[0m \u001b[32m0.0/20.5 MB\u001b[0m \u001b[31m?\u001b[0m eta \u001b[36m-:--:--\u001b[0m\r\u001b[2K   \u001b[91m╸\u001b[0m\u001b[90m━━━━━━━━━━━━━━━━━━━━━━━━━━━━━━━━━━━━━━━\u001b[0m \u001b[32m0.3/20.5 MB\u001b[0m \u001b[31m10.1 MB/s\u001b[0m eta \u001b[36m0:00:03\u001b[0m\r\u001b[2K   \u001b[91m━━━━━━\u001b[0m\u001b[90m╺\u001b[0m\u001b[90m━━━━━━━━━━━━━━━━━━━━━━━━━━━━━━━━━\u001b[0m \u001b[32m3.2/20.5 MB\u001b[0m \u001b[31m46.2 MB/s\u001b[0m eta \u001b[36m0:00:01\u001b[0m\r\u001b[2K   \u001b[91m━━━━━━━━━━━━━━━━━━━\u001b[0m\u001b[91m╸\u001b[0m\u001b[90m━━━━━━━━━━━━━━━━━━━━\u001b[0m \u001b[32m10.0/20.5 MB\u001b[0m \u001b[31m95.9 MB/s\u001b[0m eta \u001b[36m0:00:01\u001b[0m\r\u001b[2K   \u001b[91m━━━━━━━━━━━━━━━━━━━━━━━━━━━━━━━━━━\u001b[0m\u001b[91m╸\u001b[0m\u001b[90m━━━━━\u001b[0m \u001b[32m17.9/20.5 MB\u001b[0m \u001b[31m201.1 MB/s\u001b[0m eta \u001b[36m0:00:01\u001b[0m\r\u001b[2K   \u001b[91m━━━━━━━━━━━━━━━━━━━━━━━━━━━━━━━━━━━━━━━\u001b[0m\u001b[91m╸\u001b[0m \u001b[32m20.4/20.5 MB\u001b[0m \u001b[31m234.3 MB/s\u001b[0m eta \u001b[36m0:00:01\u001b[0m\r\u001b[2K   \u001b[91m━━━━━━━━━━━━━━━━━━━━━━━━━━━━━━━━━━━━━━━\u001b[0m\u001b[91m╸\u001b[0m \u001b[32m20.4/20.5 MB\u001b[0m \u001b[31m234.3 MB/s\u001b[0m eta \u001b[36m0:00:01\u001b[0m\r\u001b[2K   \u001b[90m━━━━━━━━━━━━━━━━━━━━━━━━━━━━━━━━━━━━━━━━\u001b[0m \u001b[32m20.5/20.5 MB\u001b[0m \u001b[31m74.1 MB/s\u001b[0m eta \u001b[36m0:00:00\u001b[0m\r\n"}
,{"stream_name":"stdout","time":69.191021587,"data":"\u001b[?25h\u001b[1m\u001b[33mwarning\u001b[39m\u001b[0m\u001b[1m:\u001b[0m \u001b[1mThe `--system` flag has no effect, `uv venv` always ignores virtual environments when finding a Python interpreter; did you mean `--no-managed-python`?\u001b[0m\r\n"}
,{"stream_name":"stdout","time":69.343118503,"data":"Using CPython 3.12.13 interpreter at: \u001b[36m/usr/bin/python3\u001b[39m\r\n"}
,{"stream_name":"stdout","time":69.343151432,"data":"Creating virtual environment at: \u001b[36mtmp/olmes/olmes-env\u001b[39m\r\n"}
,{"stream_name":"stdout","time":69.343156841,"data":"Activate with: \u001b[32msource tmp/olmes/olmes-env/bin/activate\u001b[39m\r\n"}
,{"stream_name":"stdout","time":163.810407519,"data":"/tmp/SNAP/compute2/tmp/olmes/olmes-env/lib/python3.12/site-packages/oe_eval/configs/tasks.py:1348: SyntaxWarning: invalid escape sequence '\\$'\r\n"}
,{"stream_name":"stdout","time":163.810446674,"data":"  \"answer_format_regex\": \"(?i)Answer[ \\t]*:[ \\t]*\\$?([A-D])\\$?\",\r\n"}
,{"stream_name":"stdout","time":163.850300807,"data":"/tmp/SNAP/compute2/tmp/olmes/olmes-env/lib/python3.12/site-packages/oe_eval/configs/tasks.py:3570: SyntaxWarning: invalid escape sequence '\\s'\r\n"}
,{"stream_name":"stdout","time":163.850390925,"data":"  \"[\\s\\S]*?\\\\\\\\boxed\\\\{(.*?)\\\\}[\\s\\S]*?\",\r\n"}
,{"stream_name":"stdout","time":163.850402388,"data":"/tmp/SNAP/compute2/tmp/olmes/olmes-env/lib/python3.12/site-packages/oe_eval/configs/tasks.py:3571: SyntaxWarning: invalid escape sequence '\\.'\r\n"}
,{"stream_name":"stdout","time":163.850410059,"data":"  \"(.*)\\.?\",\r\n"}
,{"stream_name":"stdout","time":163.850412837,"data":"/tmp/SNAP/compute2/tmp/olmes/olmes-env/lib/python3.12/site-packages/oe_eval/configs/tasks.py:3616: SyntaxWarning: invalid escape sequence '\\s'\r\n"}
,{"stream_name":"stdout","time":163.850415918,"data":"  \"[\\s\\S]*?\\\\\\\\boxed\\\\{(.*?)\\\\}[\\s\\S]*?\",\r\n"}
,{"stream_name":"stdout","time":163.850419003,"data":"/tmp/SNAP/compute2/tmp/olmes/olmes-env/lib/python3.12/site-packages/oe_eval/configs/tasks.py:3617: SyntaxWarning: invalid escape sequence '\\.'\r\n"}
,{"stream_name":"stdout","time":163.85042202,"data":"  \"(.*)\\.?\",\r\n"}
,{"stream_name":"stdout","time":163.85042462,"data":"/tmp/SNAP/compute2/tmp/olmes/olmes-env/lib/python3.12/site-packages/oe_eval/configs/tasks.py:3662: SyntaxWarning: invalid escape sequence '\\s'\r\n"}
,{"stream_name":"stdout","time":163.850428061,"data":"  \"[\\s\\S]*?\\\\\\\\boxed\\\\{(.*?)\\\\}[\\s\\S]*?\",\r\n"}
,{"stream_name":"stdout","time":163.850446239,"data":"/tmp/SNAP/compute2/tmp/olmes/olmes-env/lib/python3.12/site-packages/oe_eval/configs/tasks.py:3663: SyntaxWarning: invalid escape sequence '\\.'\r\n"}
,{"stream_name":"stdout","time":163.850451584,"data":"  \"(.*)\\.?\",\r\n"}
,{"stream_name":"stdout","time":163.850456129,"data":"/tmp/SNAP/compute2/tmp/olmes/olmes-env/lib/python3.12/site-packages/oe_eval/configs/tasks.py:4496: SyntaxWarning: invalid escape sequence '\\s'\r\n"}
,{"stream_name":"stdout","time":163.850461789,"data":"  \"[\\s\\S]*?\\\\\\\\boxed\\\\{(.*?)\\\\}[\\s\\S]*?\",\r\n"}
,{"stream_name":"stdout","time":163.850466966,"data":"/tmp/SNAP/compute2/tmp/olmes/olmes-env/lib/python3.12/site-packages/oe_eval/configs/tasks.py:4497: SyntaxWarning: invalid escape sequence '\\.'\r\n"}
,{"stream_name":"stdout","time":163.850471453,"data":"  \"(.*)\\.?\",\r\n"}
,{"stream_name":"stdout","time":163.850475236,"data":"/tmp/SNAP/compute2/tmp/olmes/olmes-env/lib/python3.12/site-packages/oe_eval/configs/tasks.py:4537: SyntaxWarning: invalid escape sequence '\\s'\r\n"}
,{"stream_name":"stdout","time":163.850479422,"data":"  \"[\\s\\S]*?\\\\\\\\boxed\\\\{(.*?)\\\\}[\\s\\S]*?\",\r\n"}
,{"stream_name":"stdout","time":163.850483532,"data":"/tmp/SNAP/compute2/tmp/olmes/olmes-env/lib/python3.12/site-packages/oe_eval/configs/tasks.py:4538: SyntaxWarning: invalid escape sequence '\\.'\r\n"}
,{"stream_name":"stdout","time":163.850487771,"data":"  \"(.*)\\.?\",\r\n"}
,{"stream_name":"stdout","time":163.850491548,"data":"/tmp/SNAP/compute2/tmp/olmes/olmes-env/lib/python3.12/site-packages/oe_eval/configs/tasks.py:4584: SyntaxWarning: invalid escape sequence '\\s'\r\n"}
,{"stream_name":"stdout","time":163.850495811,"data":"  \"[\\s\\S]*?\\\\\\\\boxed\\\\{(.*?)\\\\}[\\s\\S]*?\",\r\n"}
,{"stream_name":"stdout","time":163.850501812,"data":"/tmp/SNAP/compute2/tmp/olmes/olmes-env/lib/python3.12/site-packages/oe_eval/configs/tasks.py:4585: SyntaxWarning: invalid escape sequence '\\.'\r\n"}
,{"stream_name":"stdout","time":163.85050613,"data":"  \"(.*)\\.?\",\r\n"}
,{"stream_name":"stdout","time":163.850509981,"data":"/tmp/SNAP/compute2/tmp/olmes/olmes-env/lib/python3.12/site-packages/oe_eval/configs/tasks.py:5814: SyntaxWarning: invalid escape sequence '\\s'\r\n"}
,{"stream_name":"stdout","time":163.850519893,"data":"  \"[\\s\\S]*?\\\\\\\\boxed\\\\{(.*?)\\\\}[\\s\\S]*?\",\r\n"}
,{"stream_name":"stdout","time":163.850523406,"data":"/tmp/SNAP/compute2/tmp/olmes/olmes-env/lib/python3.12/site-packages/oe_eval/configs/tasks.py:5816: SyntaxWarning: invalid escape sequence '\\.'\r\n"}
,{"stream_name":"stdout","time":163.850531207,"data":"  \"(.*)\\.?\",\r\n"}
,{"stream_name":"stdout","time":163.850550468,"data":"/tmp/SNAP/compute2/tmp/olmes/olmes-env/lib/python3.12/site-packages/oe_eval/configs/tasks.py:5863: SyntaxWarning: invalid escape sequence '\\s'\r\n"}
,{"stream_name":"stdout","time":163.850555668,"data":"  \"[\\s\\S]*?\\\\\\\\boxed\\\\{(.*?)\\\\}[\\s\\S]*?\",\r\n"}
,{"stream_name":"stdout","time":163.850560609,"data":"/tmp/SNAP/compute2/tmp/olmes/olmes-env/lib/python3.12/site-packages/oe_eval/configs/tasks.py:5865: SyntaxWarning: invalid escape sequence '\\.'\r\n"}
,{"stream_name":"stdout","time":163.850565629,"data":"  \"(.*)\\.?\",\r\n"}
,{"stream_name":"stdout","time":163.850569546,"data":"/tmp/SNAP/compute2/tmp/olmes/olmes-env/lib/python3.12/site-packages/oe_eval/configs/tasks.py:5912: SyntaxWarning: invalid escape sequence '\\s'\r\n"}
,{"stream_name":"stdout","time":163.850573747,"data":"  \"[\\s\\S]*?\\\\\\\\boxed\\\\{(.*?)\\\\}[\\s\\S]*?\",\r\n"}
,{"stream_name":"stdout","time":163.850577906,"data":"/tmp/SNAP/compute2/tmp/olmes/olmes-env/lib/python3.12/site-packages/oe_eval/configs/tasks.py:5914: SyntaxWarning: invalid escape sequence '\\.'\r\n"}
,{"stream_name":"stdout","time":163.850582116,"data":"  \"(.*)\\.?\",\r\n"}
,{"stream_name":"stdout","time":163.85058589,"data":"/tmp/SNAP/compute2/tmp/olmes/olmes-env/lib/python3.12/site-packages/oe_eval/configs/tasks.py:5958: SyntaxWarning: invalid escape sequence '\\s'\r\n"}
,{"stream_name":"stdout","time":163.850590216,"data":"  \"[\\s\\S]*?\\\\\\\\boxed\\\\{(.*?)\\\\}[\\s\\S]*?\",\r\n"}
,{"stream_name":"stdout","time":163.850594218,"data":"/tmp/SNAP/compute2/tmp/olmes/olmes-env/lib/python3.12/site-packages/oe_eval/configs/tasks.py:5960: SyntaxWarning: invalid escape sequence '\\.'\r\n"}
,{"stream_name":"stdout","time":163.850598464,"data":"  \"(.*)\\.?\",\r\n"}
,{"stream_name":"stdout","time":163.850602214,"data":"/tmp/SNAP/compute2/tmp/olmes/olmes-env/lib/python3.12/site-packages/oe_eval/configs/tasks.py:6005: SyntaxWarning: invalid escape sequence '\\s'\r\n"}
,{"stream_name":"stdout","time":163.850606361,"data":"  \"[\\s\\S]*?\\\\\\\\boxed\\\\{(.*?)\\\\}[\\s\\S]*?\",\r\n"}
,{"stream_name":"stdout","time":163.850610512,"data":"/tmp/SNAP/compute2/tmp/olmes/olmes-env/lib/python3.12/site-packages/oe_eval/configs/tasks.py:6007: SyntaxWarning: invalid escape sequence '\\.'\r\n"}
,{"stream_name":"stdout","time":163.850630189,"data":"  \"(.*)\\.?\",\r\n"}
,{"stream_name":"stdout","time":163.850647346,"data":"/tmp/SNAP/compute2/tmp/olmes/olmes-env/lib/python3.12/site-packages/oe_eval/configs/tasks.py:6058: SyntaxWarning: invalid escape sequence '\\s'\r\n"}
,{"stream_name":"stdout","time":163.850652182,"data":"  \"[\\s\\S]*?\\\\\\\\boxed\\\\{(.*?)\\\\}[\\s\\S]*?\",\r\n"}
,{"stream_name":"stdout","time":163.850657811,"data":"/tmp/SNAP/compute2/tmp/olmes/olmes-env/lib/python3.12/site-packages/oe_eval/configs/tasks.py:6060: SyntaxWarning: invalid escape sequence '\\.'\r\n"}
,{"stream_name":"stdout","time":163.850663095,"data":"  \"(.*)\\.?\",\r\n"}
,{"stream_name":"stdout","time":181.776901501,"data":"Skipping import of cpp extensions due to incompatible torch version 2.8.0+cu128 for torchao version 0.15.0             Please see https://github.com/pytorch/ao/issues/2919 for more info\r\n"}
,{"stream_name":"stdout","time":182.944729467,"data":"/tmp/SNAP/compute2/tmp/olmes/olmes-env/lib/python3.12/site-packages/torchao/quantization/quant_api.py:2525: SyntaxWarning: invalid escape sequence '\\.'\r\n"}
,{"stream_name":"stdout","time":182.944768266,"data":"  * regex for parameter names, must start with `re:`, e.g. `re:language\\.layers\\..+\\.q_proj.weight`.\r\n"}
,{"stream_name":"stdout","time":187.82397204,"data":"/tmp/SNAP/compute2/tmp/olmes/olmes-env/lib/python3.12/site-packages/lm_eval/filters/extraction.py:98: SyntaxWarning: invalid escape sequence '\\s'\r\n"}
,{"stream_name":"stdout","time":187.824002174,"data":"  - step 2 : We parse the choice with regex :[\\s]*([A-?]), where ? varies by number of choices.\r\n"}
,{"stream_name":"stdout","time":187.82400803,"data":"/tmp/SNAP/compute2/tmp/olmes/olmes-env/lib/python3.12/site-packages/lm_eval/filters/extraction.py:168: SyntaxWarning: invalid escape sequence '\\s'\r\n"}
,{"stream_name":"stdout","time":187.824012775,"data":"  f\":[\\s]*({without_paren_fallback_regex})\"\r\n"}
,{"stream_name":"stdout","time":187.824016952,"data":"/tmp/SNAP/compute2/tmp/olmes/olmes-env/lib/python3.12/site-packages/lm_eval/tasks/hendrycks_math/utils.py:199: SyntaxWarning: invalid escape sequence '\\%'\r\n"}
,{"stream_name":"stdout","time":187.824021221,"data":"  string = string.replace(\"\\%\", \"\")  # noqa: W605\r\n"}
,{"stream_name":"stdout","time":188.231701072,"data":"/tmp/SNAP/compute2/tmp/olmes/olmes-env/lib/python3.12/site-packages/alpaca_eval/utils.py:20: UserWarning: pkg_resources is deprecated as an API. See https://setuptools.pypa.io/en/latest/pkg_resources.html. The pkg_resources package is slated for removal as early as 2025-11-30. Refrain from using this package or pin to Setuptools\u003c81.\r\n"}
,{"stream_name":"stdout","time":188.231731981,"data":"  import pkg_resources\r\n"}
,{"stream_name":"stdout","time":197.423948162,"data":"2026-09-24:03:58:07,080 INFO     [rouge_scorer.py:83] Using default tokenizer.\r\n"}
,{"stream_name":"stdout","time":200.861620063,"data":"\rREADME.md: 0.00B [00:00, ?B/s]\rREADME.md: 9.00kB [00:00, 18.9MB/s]\r\n"}
,{"stream_name":"stdout","time":202.227614216,"data":"\rARC-Challenge/train-00000-of-00001.parqu(…):   0%|  | 0.00/190k [00:00\u003c?, ?B/s]\rARC-Challenge/train-00000-of-00001.parqu(…): 100%|█| 190k/190k [00:00\u003c00:00, 63\rARC-Challenge/train-00000-of-00001.parqu(…): 100%|█| 190k/190k [00:00\u003c00:00, 62\r\n"}
,{"stream_name":"stdout","time":202.481319803,"data":"\rARC-Challenge/test-00000-of-00001.parque(…):   0%|  | 0.00/204k [00:00\u003c?, ?B/s]\rARC-Challenge/test-00000-of-00001.parque(…): 100%|█| 204k/204k [00:00\u003c00:00, 1.\rARC-Challenge/test-00000-of-00001.parque(…): 100%|█| 204k/204k [00:00\u003c00:00, 1.\r\n"}
,{"stream_name":"stdout","time":202.684465229,"data":"\rARC-Challenge/validation-00000-of-00001.(…):   0%| | 0.00/55.7k [00:00\u003c?, ?B/s]\rARC-Challenge/validation-00000-of-00001.(…): 100%|█| 55.7k/55.7k [00:00\u003c00:00, \rARC-Challenge/validation-00000-of-00001.(…): 100%|█| 55.7k/55.7k [00:00\u003c00:00, \r\n"}
,{"stream_name":"stdout","time":202.735280368,"data":"\rGenerating train split:   0%|                  | 0/1119 [00:00\u003c?, ? examples/s]\rGenerating train split: 100%|███| 1119/1119 [00:00\u003c00:00, 137331.06 examples/s]\r\n"}
,{"stream_name":"stdout","time":202.735310178,"data":"\rGenerating test split:   0%|                   | 0/1172 [00:00\u003c?, ? examples/s]\rGenerating test split: 100%|████| 1172/1172 [00:00\u003c00:00, 210460.43 examples/s]\r\n"}
,{"stream_name":"stdout","time":202.73532129,"data":"\rGenerating validation split:   0%|              | 0/299 [00:00\u003c?, ? examples/s]\rGenerating validation split: 100%|█| 299/299 [00:00\u003c00:00, 108158.42 examples/s\r\n"}
,{"stream_name":"stdout","time":202.735325732,"data":"2026-09-24:03:58:12,417 INFO     [datasets_wrapper.py:500] Non-HF cache (for datasets) case: NonHfCacheCase.NOT_USED_BC_CACHE_UNAVAILABLE\r\n"}
,{"stream_name":"stdout","time":202.836433299,"data":"[task] arc_challenge:rc::olmes split=train shots=5: 1119 docs\r\n"}
,{"stream_name":"stdout","time":203.697564507,"data":"\rARC-Easy/train-00000-of-00001.parquet:   0%|        | 0.00/331k [00:00\u003c?, ?B/s]\rARC-Easy/train-00000-of-00001.parquet: 100%|█| 331k/331k [00:00\u003c00:00, 2.23MB/s\rARC-Easy/train-00000-of-00001.parquet: 100%|█| 331k/331k [00:00\u003c00:00, 2.22MB/s\r\n"}
,{"stream_name":"stdout","time":203.950677033,"data":"\rARC-Easy/test-00000-of-00001.parquet:   0%|         | 0.00/346k [00:00\u003c?, ?B/s]\rARC-Easy/test-00000-of-00001.parquet: 100%|█| 346k/346k [00:00\u003c00:00, 2.60MB/s]\rARC-Easy/test-00000-of-00001.parquet: 100%|█| 346k/346k [00:00\u003c00:00, 2.59MB/s]\r\n"}
,{"stream_name":"stdout","time":204.203321753,"data":"\rARC-Easy/validation-00000-of-00001.parqu(…):   0%| | 0.00/86.1k [00:00\u003c?, ?B/s]\rARC-Easy/validation-00000-of-00001.parqu(…): 100%|█| 86.1k/86.1k [00:00\u003c00:00, \rARC-Easy/validation-00000-of-00001.parqu(…): 100%|█| 86.1k/86.1k [00:00\u003c00:00, \r\n"}
,{"stream_name":"stdout","time":204.254443913,"data":"\rGenerating train split:   0%|                  | 0/2251 [00:00\u003c?, ? examples/s]\rGenerating train split: 100%|███| 2251/2251 [00:00\u003c00:00, 252227.46 examples/s]\r\n"}
,{"stream_name":"stdout","time":204.254476303,"data":"\rGenerating test split:   0%|                   | 0/2376 [00:00\u003c?, ? examples/s]\rGenerating test split: 100%|████| 2376/2376 [00:00\u003c00:00, 319760.84 examples/s]\r\n"}
,{"stream_name":"stdout","time":204.254482883,"data":"\rGenerating validation split:   0%|              | 0/570 [00:00\u003c?, ? examples/s]\rGenerating validation split: 100%|█| 570/570 [00:00\u003c00:00, 189757.38 examples/s\r\n"}
,{"stream_name":"stdout","time":204.254487931,"data":"2026-09-24:03:58:13,949 INFO     [datasets_wrapper.py:500] Non-HF cache (for datasets) case: NonHfCacheCase.NOT_USED_BC_CACHE_UNAVAILABLE\r\n"}
,{"stream_name":"stdout","time":204.914145448,"data":"[task] arc_easy:rc::olmes split=train shots=5: 2251 docs\r\n"}
,{"stream_name":"stdout","time":205.015673306,"data":"\rREADME.md: 0.00B [00:00, ?B/s]\rREADME.md: 19.7kB [00:00, 37.0MB/s]\r\n"}
,{"stream_name":"stdout","time":206.130837235,"data":"\rboolq/train-00000-of-00001.parquet:   0%|          | 0.00/3.85M [00:00\u003c?, ?B/s]\rboolq/train-00000-of-00001.parquet: 100%|█| 3.85M/3.85M [00:00\u003c00:00, 14.7MB/s]\rboolq/train-00000-of-00001.parquet: 100%|█| 3.85M/3.85M [00:00\u003c00:00, 14.7MB/s]\r\n"}
,{"stream_name":"stdout","time":206.3840677,"data":"\rboolq/validation-00000-of-00001.parquet:   0%|     | 0.00/1.31M [00:00\u003c?, ?B/s]\rboolq/validation-00000-of-00001.parquet: 100%|█| 1.31M/1.31M [00:00\u003c00:00, 10.5\rboolq/validation-00000-of-00001.parquet: 100%|█| 1.31M/1.31M [00:00\u003c00:00, 10.5\r\n"}
,{"stream_name":"stdout","time":206.740581201,"data":"\rboolq/test-00000-of-00001.parquet:   0%|           | 0.00/1.31M [00:00\u003c?, ?B/s]\rboolq/test-00000-of-00001.parquet: 100%|██| 1.31M/1.31M [00:00\u003c00:00, 5.43MB/s]\rboolq/test-00000-of-00001.parquet: 100%|██| 1.31M/1.31M [00:00\u003c00:00, 5.42MB/s]\r\n"}
,{"stream_name":"stdout","time":206.740613739,"data":"\rGenerating train split:   0%|                  | 0/9427 [00:00\u003c?, ? examples/s]\rGenerating train split: 100%|███| 9427/9427 [00:00\u003c00:00, 286756.48 examples/s]\r\n"}
,{"stream_name":"stdout","time":206.790866228,"data":"\rGenerating validation split:   0%|             | 0/3270 [00:00\u003c?, ? examples/s]\rGenerating validation split: 100%|█| 3270/3270 [00:00\u003c00:00, 289892.08 examples\r\n"}
,{"stream_name":"stdout","time":206.790892571,"data":"\rGenerating test split:   0%|                   | 0/3245 [00:00\u003c?, ? examples/s]\rGenerating test split: 100%|████| 3245/3245 [00:00\u003c00:00, 316082.59 examples/s]\r\n"}
,{"stream_name":"stdout","time":206.790898215,"data":"2026-09-24:03:58:16,484 INFO     [datasets_wrapper.py:500] Non-HF cache (for datasets) case: NonHfCacheCase.NOT_USED_BC_CACHE_UNAVAILABLE\r\n"}
,{"stream_name":"stdout","time":207.956280824,"data":"[task] boolq:rc::olmes split=train shots=5: 9427 docs\r\n"}
,{"stream_name":"stdout","time":208.057345154,"data":"\rREADME.md: 0.00B [00:00, ?B/s]\rREADME.md: 7.39kB [00:00, 23.2MB/s]\r\n"}
,{"stream_name":"stdout","time":210.695411831,"data":"\rdata/train-00000-of-00001.parquet:   0%|           | 0.00/1.25M [00:00\u003c?, ?B/s]\rdata/train-00000-of-00001.parquet: 100%|███| 1.25M/1.25M [00:01\u003c00:00, 661kB/s]\rdata/train-00000-of-00001.parquet: 100%|███| 1.25M/1.25M [00:01\u003c00:00, 661kB/s]\r\n"}
,{"stream_name":"stdout","time":210.951170758,"data":"\rdata/validation-00000-of-00001.parquet:   0%|       | 0.00/160k [00:00\u003c?, ?B/s]\rdata/validation-00000-of-00001.parquet: 100%|█| 160k/160k [00:00\u003c00:00, 1.24MB/\rdata/validation-00000-of-00001.parquet: 100%|█| 160k/160k [00:00\u003c00:00, 1.23MB/\r\n"}
,{"stream_name":"stdout","time":211.307912998,"data":"\rdata/test-00000-of-00001.parquet:   0%|             | 0.00/151k [00:00\u003c?, ?B/s]\rdata/test-00000-of-00001.parquet: 100%|██████| 151k/151k [00:00\u003c00:00, 767kB/s]\rdata/test-00000-of-00001.parquet: 100%|██████| 151k/151k [00:00\u003c00:00, 764kB/s]\r\n"}
,{"stream_name":"stdout","time":211.307946175,"data":"\rGenerating train split:   0%|                  | 0/9741 [00:00\u003c?, ? examples/s]\rGenerating train split: 100%|███| 9741/9741 [00:00\u003c00:00, 572262.98 examples/s]\r\n"}
,{"stream_name":"stdout","time":211.307952162,"data":"\rGenerating validation split:   0%|             | 0/1221 [00:00\u003c?, ? examples/s]\rGenerating validation split: 100%|█| 1221/1221 [00:00\u003c00:00, 282069.02 examples\r\n"}
,{"stream_name":"stdout","time":211.307957681,"data":"\rGenerating test split:   0%|                   | 0/1140 [00:00\u003c?, ? examples/s]\rGenerating test split: 100%|████| 1140/1140 [00:00\u003c00:00, 256477.31 examples/s]\r\n"}
,{"stream_name":"stdout","time":211.307972211,"data":"2026-09-24:03:58:21,017 INFO     [datasets_wrapper.py:500] Non-HF cache (for datasets) case: NonHfCacheCase.NOT_USED_BC_CACHE_UNAVAILABLE\r\n"}
,{"stream_name":"stdout","time":212.675299194,"data":"[task] csqa:rc::olmes split=train shots=5: 9741 docs\r\n"}
,{"stream_name":"stdout","time":212.827683574,"data":"\rREADME.md:   0%|                                     | 0.00/823 [00:00\u003c?, ?B/s]\rREADME.md: 100%|██████████████████████████████| 823/823 [00:00\u003c00:00, 4.52MB/s]\r\n"}
,{"stream_name":"stdout","time":213.995198008,"data":"\rdata/train-00000-of-00001.parquet:   0%|           | 0.00/24.3M [00:00\u003c?, ?B/s]\rdata/train-00000-of-00001.parquet: 100%|██| 24.3M/24.3M [00:00\u003c00:00, 58.1MB/s]\rdata/train-00000-of-00001.parquet: 100%|██| 24.3M/24.3M [00:00\u003c00:00, 58.0MB/s]\r\n"}
,{"stream_name":"stdout","time":214.450363832,"data":"\rdata/test-00000-of-00001.parquet:   0%|            | 0.00/6.09M [00:00\u003c?, ?B/s]\rdata/test-00000-of-00001.parquet: 100%|███| 6.09M/6.09M [00:00\u003c00:00, 18.2MB/s]\rdata/test-00000-of-00001.parquet: 100%|███| 6.09M/6.09M [00:00\u003c00:00, 18.2MB/s]\r\n"}
,{"stream_name":"stdout","time":215.56824932,"data":"\rdata/validation-00000-of-00001.parquet:   0%|      | 0.00/6.29M [00:00\u003c?, ?B/s]\rdata/validation-00000-of-00001.parquet: 100%|█| 6.29M/6.29M [00:00\u003c00:00, 6.37M\rdata/validation-00000-of-00001.parquet: 100%|█| 6.29M/6.29M [00:00\u003c00:00, 6.36M\r\n"}
,{"stream_name":"stdout","time":215.721720742,"data":"\rGenerating train split:   0%|                 | 0/39905 [00:00\u003c?, ? examples/s]\rGenerating train split:  60%|▌| 24000/39905 [00:00\u003c00:00, 232793.79 examples/s]\rGenerating train split: 100%|█| 39905/39905 [00:00\u003c00:00, 231681.87 examples/s]\r\n"}
,{"stream_name":"stdout","time":215.775442277,"data":"\rGenerating test split:   0%|                  | 0/10003 [00:00\u003c?, ? examples/s]\rGenerating test split: 100%|██| 10003/10003 [00:00\u003c00:00, 237010.64 examples/s]\r\n"}
,{"stream_name":"stdout","time":215.823176523,"data":"\rGenerating validation split:   0%|            | 0/10042 [00:00\u003c?, ? examples/s]\rGenerating validation split: 100%|█| 10042/10042 [00:00\u003c00:00, 221425.95 exampl\r\n"}
,{"stream_name":"stdout","time":215.823221646,"data":"2026-09-24:03:58:25,520 INFO     [datasets_wrapper.py:500] Non-HF cache (for datasets) case: NonHfCacheCase.NOT_USED_BC_CACHE_UNAVAILABLE\r\n"}
,{"stream_name":"stdout","time":232.839388493,"data":"[task] hellaswag:rc::olmes split=train shots=5: 39905 docs\r\n"}
,{"stream_name":"stdout","time":233.022629706,"data":"\rREADME.md: 0.00B [00:00, ?B/s]\rREADME.md: 53.2kB [00:00, 93.2MB/s]\r\n"}
,{"stream_name":"stdout","time":233.934710924,"data":"\rdataset_infos.json: 0.00B [00:00, ?B/s]\rdataset_infos.json: 138kB [00:00, 161MB/s]\r\n"}
,{"stream_name":"stdout","time":234.237856855,"data":"\rabstract_algebra/test-00000-of-00001.par(…):   0%| | 0.00/9.96k [00:00\u003c?, ?B/s]\rabstract_algebra/test-00000-of-00001.par(…): 100%|█| 9.96k/9.96k [00:00\u003c00:00, \rabstract_algebra/test-00000-of-00001.par(…): 100%|█| 9.96k/9.96k [00:00\u003c00:00, \r\n"}
,{"stream_name":"stdout","time":234.492002646,"data":"\rabstract_algebra/validation-00000-of-000(…):   0%| | 0.00/3.73k [00:00\u003c?, ?B/s]\rabstract_algebra/validation-00000-of-000(…): 100%|█| 3.73k/3.73k [00:00\u003c00:00, \rabstract_algebra/validation-00000-of-000(…): 100%|█| 3.73k/3.73k [00:00\u003c00:00, \r\n"}
,{"stream_name":"stdout","time":234.69473862,"data":"\rabstract_algebra/dev-00000-of-00001.parq(…):   0%| | 0.00/3.45k [00:00\u003c?, ?B/s]\rabstract_algebra/dev-00000-of-00001.parq(…): 100%|█| 3.45k/3.45k [00:00\u003c00:00, \rabstract_algebra/dev-00000-of-00001.parq(…): 100%|█| 3.45k/3.45k [00:00\u003c00:00, \r\n"}
,{"stream_name":"stdout","time":234.694773692,"data":"\rGenerating test split:   0%|                    | 0/100 [00:00\u003c?, ? examples/s]\rGenerating test split: 100%|███████| 100/100 [00:00\u003c00:00, 38060.83 examples/s]\r\n"}
,{"stream_name":"stdout","time":234.694782025,"data":"\rGenerating validation split:   0%|               | 0/11 [00:00\u003c?, ? examples/s]\rGenerating validation split: 100%|████| 11/11 [00:00\u003c00:00, 4635.06 examples/s]\r\n"}
,{"stream_name":"stdout","time":234.69478916,"data":"\rGenerating dev split:   0%|                       | 0/5 [00:00\u003c?, ? examples/s]\rGenerating dev split: 100%|█████████████| 5/5 [00:00\u003c00:00, 2532.49 examples/s]\r\n"}
,{"stream_name":"stdout","time":234.694795515,"data":"2026-09-24:03:58:44,402 INFO     [datasets_wrapper.py:500] Non-HF cache (for datasets) case: NonHfCacheCase.NOT_USED_BC_CACHE_UNAVAILABLE\r\n"}
,{"stream_name":"stdout","time":234.746182498,"data":"\rMap:   0%|                                       | 0/11 [00:00\u003c?, ? examples/s]\rMap: 100%|████████████████████████████| 11/11 [00:00\u003c00:00, 1286.49 examples/s]\r\n"}
,{"stream_name":"stdout","time":234.797417016,"data":"[task] mmlu_abstract_algebra:rc::olmes split=validation shots=5: 11 docs\r\n"}
,{"stream_name":"stdout","time":235.761901849,"data":"\ranatomy/test-00000-of-00001.parquet:   0%|         | 0.00/20.1k [00:00\u003c?, ?B/s]\ranatomy/test-00000-of-00001.parquet: 100%|█| 20.1k/20.1k [00:00\u003c00:00, 190kB/s]\ranatomy/test-00000-of-00001.parquet: 100%|█| 20.1k/20.1k [00:00\u003c00:00, 189kB/s]\r\n"}
,{"stream_name":"stdout","time":236.169467532,"data":"\ranatomy/validation-00000-of-00001.parque(…):   0%| | 0.00/5.28k [00:00\u003c?, ?B/s]\ranatomy/validation-00000-of-00001.parque(…): 100%|█| 5.28k/5.28k [00:00\u003c00:00, \ranatomy/validation-00000-of-00001.parque(…): 100%|█| 5.28k/5.28k [00:00\u003c00:00, \r\n"}
,{"stream_name":"stdout","time":236.372174665,"data":"\ranatomy/dev-00000-of-00001.parquet:   0%|          | 0.00/3.50k [00:00\u003c?, ?B/s]\ranatomy/dev-00000-of-00001.parquet: 100%|█| 3.50k/3.50k [00:00\u003c00:00, 41.6kB/s]\r\n"}
,{"stream_name":"stdout","time":236.372222484,"data":"\rGenerating test split:   0%|                    | 0/135 [00:00\u003c?, ? examples/s]\rGenerating test split: 100%|███████| 135/135 [00:00\u003c00:00, 28581.65 examples/s]\r\n"}
,{"stream_name":"stdout","time":236.372228482,"data":"\rGenerating validation split:   0%|               | 0/14 [00:00\u003c?, ? examples/s]\rGenerating validation split: 100%|████| 14/14 [00:00\u003c00:00, 6143.57 examples/s]\r\n"}
,{"stream_name":"stdout","time":236.422932167,"data":"\rGenerating dev split:   0%|                       | 0/5 [00:00\u003c?, ? examples/s]\rGenerating dev split: 100%|█████████████| 5/5 [00:00\u003c00:00, 2098.83 examples/s]\r\n"}
,{"stream_name":"stdout","time":236.422968121,"data":"2026-09-24:03:58:46,096 INFO     [datasets_wrapper.py:500] Non-HF cache (for datasets) case: NonHfCacheCase.NOT_USED_BC_CACHE_UNAVAILABLE\r\n"}
,{"stream_name":"stdout","time":236.422972147,"data":"\rMap:   0%|                                       | 0/14 [00:00\u003c?, ? examples/s]\rMap: 100%|████████████████████████████| 14/14 [00:00\u003c00:00, 2328.23 examples/s]\r\n"}
,{"stream_name":"stdout","time":236.422975857,"data":"[task] mmlu_anatomy:rc::olmes split=validation shots=5: 14 docs\r\n"}
,{"stream_name":"stdout","time":237.182523832,"data":"\rastronomy/test-00000-of-00001.parquet:   0%|       | 0.00/28.3k [00:00\u003c?, ?B/s]\rastronomy/test-00000-of-00001.parquet: 100%|█| 28.3k/28.3k [00:00\u003c00:00, 338kB/\r\n"}
,{"stream_name":"stdout","time":237.436100141,"data":"\rastronomy/validation-00000-of-00001.parq(…):   0%| | 0.00/6.05k [00:00\u003c?, ?B/s]\rastronomy/validation-00000-of-00001.parq(…): 100%|█| 6.05k/6.05k [00:00\u003c00:00, \rastronomy/validation-00000-of-00001.parq(…): 100%|█| 6.05k/6.05k [00:00\u003c00:00, \r\n"}
,{"stream_name":"stdout","time":237.639285059,"data":"\rastronomy/dev-00000-of-00001.parquet:   0%|        | 0.00/4.94k [00:00\u003c?, ?B/s]\rastronomy/dev-00000-of-00001.parquet: 100%|█| 4.94k/4.94k [00:00\u003c00:00, 48.7kB/\rastronomy/dev-00000-of-00001.parquet: 100%|█| 4.94k/4.94k [00:00\u003c00:00, 48.4kB/\r\n"}
,{"stream_name":"stdout","time":237.639315381,"data":"\rGenerating test split:   0%|                    | 0/152 [00:00\u003c?, ? examples/s]\rGenerating test split: 100%|███████| 152/152 [00:00\u003c00:00, 49636.73 examples/s]\r\n"}
,{"stream_name":"stdout","time":237.639322834,"data":"\rGenerating validation split:   0%|               | 0/16 [00:00\u003c?, ? examples/s]\rGenerating validation split: 100%|████| 16/16 [00:00\u003c00:00, 6874.50 examples/s]\r\n"}
,{"stream_name":"stdout","time":237.639330187,"data":"\rGenerating dev split:   0%|                       | 0/5 [00:00\u003c?, ? examples/s]\rGenerating dev split: 100%|█████████████| 5/5 [00:00\u003c00:00, 2425.29 examples/s]\r\n"}
,{"stream_name":"stdout","time":237.690316467,"data":"2026-09-24:03:58:47,356 INFO     [datasets_wrapper.py:500] Non-HF cache (for datasets) case: NonHfCacheCase.NOT_USED_BC_CACHE_UNAVAILABLE\r\n"}
,{"stream_name":"stdout","time":237.69034233,"data":"\rMap:   0%|                                       | 0/16 [00:00\u003c?, ? examples/s]\rMap: 100%|████████████████████████████| 16/16 [00:00\u003c00:00, 2850.36 examples/s]\r\n"}
,{"stream_name":"stdout","time":237.690424454,"data":"[task] mmlu_astronomy:rc::olmes split=validation shots=5: 16 docs\r\n"}
,{"stream_name":"stdout","time":238.449906249,"data":"\rbusiness_ethics/test-00000-of-00001.parq(…):   0%| | 0.00/21.6k [00:00\u003c?, ?B/s]\rbusiness_ethics/test-00000-of-00001.parq(…): 100%|█| 21.6k/21.6k [00:00\u003c00:00, \r\n"}
,{"stream_name":"stdout","time":238.653198472,"data":"\rbusiness_ethics/validation-00000-of-0000(…):   0%| | 0.00/5.09k [00:00\u003c?, ?B/s]\rbusiness_ethics/validation-00000-of-0000(…): 100%|█| 5.09k/5.09k [00:00\u003c00:00, \r\n"}
,{"stream_name":"stdout","time":238.85625723,"data":"\rbusiness_ethics/dev-00000-of-00001.parqu(…):   0%| | 0.00/4.96k [00:00\u003c?, ?B/s]\rbusiness_ethics/dev-00000-of-00001.parqu(…): 100%|█| 4.96k/4.96k [00:00\u003c00:00, \r\n"}
,{"stream_name":"stdout","time":238.856297715,"data":"\rGenerating test split:   0%|                    | 0/100 [00:00\u003c?, ? examples/s]\rGenerating test split: 100%|███████| 100/100 [00:00\u003c00:00, 36876.24 examples/s]\r\n"}
,{"stream_name":"stdout","time":238.856307819,"data":"\rGenerating validation split:   0%|               | 0/11 [00:00\u003c?, ? examples/s]\rGenerating validation split: 100%|████| 11/11 [00:00\u003c00:00, 4788.02 examples/s]\r\n"}
,{"stream_name":"stdout","time":238.856311059,"data":"\rGenerating dev split:   0%|                       | 0/5 [00:00\u003c?, ? examples/s]\rGenerating dev split: 100%|█████████████| 5/5 [00:00\u003c00:00, 2278.27 examples/s]\r\n"}
,{"stream_name":"stdout","time":238.856314269,"data":"2026-09-24:03:58:48,544 INFO     [datasets_wrapper.py:500] Non-HF cache (for datasets) case: NonHfCacheCase.NOT_USED_BC_CACHE_UNAVAILABLE\r\n"}
,{"stream_name":"stdout","time":238.856317061,"data":"\rMap:   0%|                                       | 0/11 [00:00\u003c?, ? examples/s]\rMap: 100%|████████████████████████████| 11/11 [00:00\u003c00:00, 1818.58 examples/s]\r\n"}
,{"stream_name":"stdout","time":238.856320234,"data":"[task] mmlu_business_ethics:rc::olmes split=validation shots=5: 11 docs\r\n"}
,{"stream_name":"stdout","time":239.6157014,"data":"\rclinical_knowledge/test-00000-of-00001.p(…):   0%| | 0.00/40.5k [00:00\u003c?, ?B/s]\rclinical_knowledge/test-00000-of-00001.p(…): 100%|█| 40.5k/40.5k [00:00\u003c00:00, \r\n"}
,{"stream_name":"stdout","time":239.820099323,"data":"\rclinical_knowledge/validation-00000-of-0(…):   0%| | 0.00/7.48k [00:00\u003c?, ?B/s]\rclinical_knowledge/validation-00000-of-0(…): 100%|█| 7.48k/7.48k [00:00\u003c00:00, \r\n"}
,{"stream_name":"stdout","time":240.023992882,"data":"\rclinical_knowledge/dev-00000-of-00001.pa(…):   0%| | 0.00/3.67k [00:00\u003c?, ?B/s]\rclinical_knowledge/dev-00000-of-00001.pa(…): 100%|█| 3.67k/3.67k [00:00\u003c00:00, \r\n"}
,{"stream_name":"stdout","time":240.074733491,"data":"\rGenerating test split:   0%|                    | 0/265 [00:00\u003c?, ? examples/s]\rGenerating test split: 100%|███████| 265/265 [00:00\u003c00:00, 65640.50 examples/s]\r\n"}
,{"stream_name":"stdout","time":240.074775274,"data":"\rGenerating validation split:   0%|               | 0/29 [00:00\u003c?, ? examples/s]\rGenerating validation split: 100%|████| 29/29 [00:00\u003c00:00, 9483.46 examples/s]\r\n"}
,{"stream_name":"stdout","time":240.074779849,"data":"\rGenerating dev split:   0%|                       | 0/5 [00:00\u003c?, ? examples/s]\rGenerating dev split: 100%|█████████████| 5/5 [00:00\u003c00:00, 1750.54 examples/s]\r\n"}
,{"stream_name":"stdout","time":240.0747843,"data":"2026-09-24:03:58:49,756 INFO     [datasets_wrapper.py:500] Non-HF cache (for datasets) case: NonHfCacheCase.NOT_USED_BC_CACHE_UNAVAILABLE\r\n"}
,{"stream_name":"stdout","time":240.07478758,"data":"\rMap:   0%|                                       | 0/29 [00:00\u003c?, ? examples/s]\rMap: 100%|████████████████████████████| 29/29 [00:00\u003c00:00, 3628.62 examples/s]\r\n"}
,{"stream_name":"stdout","time":240.0748044,"data":"[task] mmlu_clinical_knowledge:rc::olmes split=validation shots=5: 29 docs\r\n"}
,{"stream_name":"stdout","time":240.885609738,"data":"\rcollege_biology/test-00000-of-00001.parq(…):   0%| | 0.00/31.8k [00:00\u003c?, ?B/s]\rcollege_biology/test-00000-of-00001.parq(…): 100%|█| 31.8k/31.8k [00:00\u003c00:00, \r\n"}
,{"stream_name":"stdout","time":241.038923079,"data":"\rcollege_biology/validation-00000-of-0000(…):   0%| | 0.00/6.90k [00:00\u003c?, ?B/s]\rcollege_biology/validation-00000-of-0000(…): 100%|█| 6.90k/6.90k [00:00\u003c00:00, \r\n"}
,{"stream_name":"stdout","time":241.292418073,"data":"\rcollege_biology/dev-00000-of-00001.parqu(…):   0%| | 0.00/4.27k [00:00\u003c?, ?B/s]\rcollege_biology/dev-00000-of-00001.parqu(…): 100%|█| 4.27k/4.27k [00:00\u003c00:00, \r\n"}
,{"stream_name":"stdout","time":241.292450152,"data":"\rGenerating test split:   0%|                    | 0/144 [00:00\u003c?, ? examples/s]\rGenerating test split: 100%|███████| 144/144 [00:00\u003c00:00, 46686.23 examples/s]\r\n"}
,{"stream_name":"stdout","time":241.292454093,"data":"\rGenerating validation split:   0%|               | 0/16 [00:00\u003c?, ? examples/s]\rGenerating validation split: 100%|████| 16/16 [00:00\u003c00:00, 6050.20 examples/s]\r\n"}
,{"stream_name":"stdout","time":241.292456907,"data":"\rGenerating dev split:   0%|                       | 0/5 [00:00\u003c?, ? examples/s]\rGenerating dev split: 100%|█████████████| 5/5 [00:00\u003c00:00, 2343.97 examples/s]\r\n"}
,{"stream_name":"stdout","time":241.292459846,"data":"2026-09-24:03:58:50,987 INFO     [datasets_wrapper.py:500] Non-HF cache (for datasets) case: NonHfCacheCase.NOT_USED_BC_CACHE_UNAVAILABLE\r\n"}
,{"stream_name":"stdout","time":241.292462576,"data":"\rMap:   0%|                                       | 0/16 [00:00\u003c?, ? examples/s]\rMap: 100%|████████████████████████████| 16/16 [00:00\u003c00:00, 2810.37 examples/s]\r\n"}
,{"stream_name":"stdout","time":241.292465409,"data":"[task] mmlu_college_biology:rc::olmes split=validation shots=5: 16 docs\r\n"}
,{"stream_name":"stdout","time":242.050829983,"data":"\rcollege_chemistry/test-00000-of-00001.pa(…):   0%| | 0.00/17.9k [00:00\u003c?, ?B/s]\rcollege_chemistry/test-00000-of-00001.pa(…): 100%|█| 17.9k/17.9k [00:00\u003c00:00, \r\n"}
,{"stream_name":"stdout","time":242.304051244,"data":"\rcollege_chemistry/validation-00000-of-00(…):   0%| | 0.00/4.87k [00:00\u003c?, ?B/s]\rcollege_chemistry/validation-00000-of-00(…): 100%|█| 4.87k/4.87k [00:00\u003c00:00, \r\n"}
,{"stream_name":"stdout","time":242.50745323,"data":"\rcollege_chemistry/dev-00000-of-00001.par(…):   0%| | 0.00/4.04k [00:00\u003c?, ?B/s]\rcollege_chemistry/dev-00000-of-00001.par(…): 100%|█| 4.04k/4.04k [00:00\u003c00:00, \r\n"}
,{"stream_name":"stdout","time":242.507490938,"data":"\rGenerating test split:   0%|                    | 0/100 [00:00\u003c?, ? examples/s]\rGenerating test split: 100%|███████| 100/100 [00:00\u003c00:00, 29310.30 examples/s]\r\n"}
,{"stream_name":"stdout","time":242.507497598,"data":"\rGenerating validation split:   0%|                | 0/8 [00:00\u003c?, ? examples/s]\rGenerating validation split: 100%|██████| 8/8 [00:00\u003c00:00, 3530.56 examples/s]\r\n"}
,{"stream_name":"stdout","time":242.507502603,"data":"\rGenerating dev split:   0%|                       | 0/5 [00:00\u003c?, ? examples/s]\rGenerating dev split: 100%|█████████████| 5/5 [00:00\u003c00:00, 1996.72 examples/s]\r\n"}
,{"stream_name":"stdout","time":242.507518719,"data":"2026-09-24:03:58:52,209 INFO     [datasets_wrapper.py:500] Non-HF cache (for datasets) case: NonHfCacheCase.NOT_USED_BC_CACHE_UNAVAILABLE\r\n"}
,{"stream_name":"stdout","time":242.507522633,"data":"\rMap:   0%|                                        | 0/8 [00:00\u003c?, ? examples/s]\rMap: 100%|██████████████████████████████| 8/8 [00:00\u003c00:00, 1387.81 examples/s]\r\n"}
,{"stream_name":"stdout","time":242.558294388,"data":"[task] mmlu_college_chemistry:rc::olmes split=validation shots=5: 8 docs\r\n"}
,{"stream_name":"stdout","time":243.319767469,"data":"\rcollege_computer_science/test-00000-of-0(…):   0%| | 0.00/28.1k [00:00\u003c?, ?B/s]\rcollege_computer_science/test-00000-of-0(…): 100%|█| 28.1k/28.1k [00:00\u003c00:00, \r\n"}
,{"stream_name":"stdout","time":243.62488297,"data":"\rcollege_computer_science/validation-0000(…):   0%| | 0.00/6.25k [00:00\u003c?, ?B/s]\rcollege_computer_science/validation-0000(…): 100%|█| 6.25k/6.25k [00:00\u003c00:00, \r\n"}
,{"stream_name":"stdout","time":243.827207281,"data":"\rcollege_computer_science/dev-00000-of-00(…):   0%| | 0.00/6.81k [00:00\u003c?, ?B/s]\rcollege_computer_science/dev-00000-of-00(…): 100%|█| 6.81k/6.81k [00:00\u003c00:00, \r\n"}
,{"stream_name":"stdout","time":243.827240627,"data":"\rGenerating test split:   0%|                    | 0/100 [00:00\u003c?, ? examples/s]\rGenerating test split: 100%|███████| 100/100 [00:00\u003c00:00, 34813.28 examples/s]\r\n"}
,{"stream_name":"stdout","time":243.82726142,"data":"\rGenerating validation split:   0%|               | 0/11 [00:00\u003c?, ? examples/s]\rGenerating validation split: 100%|████| 11/11 [00:00\u003c00:00, 4830.63 examples/s]\r\n"}
,{"stream_name":"stdout","time":243.827266808,"data":"\rGenerating dev split:   0%|                       | 0/5 [00:00\u003c?, ? examples/s]\rGenerating dev split: 100%|█████████████| 5/5 [00:00\u003c00:00, 2290.72 examples/s]\r\n"}
,{"stream_name":"stdout","time":243.827271719,"data":"2026-09-24:03:58:53,540 INFO     [datasets_wrapper.py:500] Non-HF cache (for datasets) case: NonHfCacheCase.NOT_USED_BC_CACHE_UNAVAILABLE\r\n"}
,{"stream_name":"stdout","time":243.877915956,"data":"\rMap:   0%|                                       | 0/11 [00:00\u003c?, ? examples/s]\rMap: 100%|████████████████████████████| 11/11 [00:00\u003c00:00, 1960.95 examples/s]\r\n"}
,{"stream_name":"stdout","time":243.877966592,"data":"[task] mmlu_college_computer_science:rc::olmes split=validation shots=5: 11 docs\r\n"}
,{"stream_name":"stdout","time":244.640592724,"data":"\rcollege_mathematics/test-00000-of-00001.(…):   0%| | 0.00/16.6k [00:00\u003c?, ?B/s]\rcollege_mathematics/test-00000-of-00001.(…): 100%|█| 16.6k/16.6k [00:00\u003c00:00, \r\n"}
,{"stream_name":"stdout","time":244.844044499,"data":"\rcollege_mathematics/validation-00000-of-(…):   0%| | 0.00/5.00k [00:00\u003c?, ?B/s]\rcollege_mathematics/validation-00000-of-(…): 100%|█| 5.00k/5.00k [00:00\u003c00:00, \r\n"}
,{"stream_name":"stdout","time":245.047506355,"data":"\rcollege_mathematics/dev-00000-of-00001.p(…):   0%| | 0.00/5.16k [00:00\u003c?, ?B/s]\rcollege_mathematics/dev-00000-of-00001.p(…): 100%|█| 5.16k/5.16k [00:00\u003c00:00, \r\n"}
,{"stream_name":"stdout","time":245.047530884,"data":"\rGenerating test split:   0%|                    | 0/100 [00:00\u003c?, ? examples/s]\rGenerating test split: 100%|███████| 100/100 [00:00\u003c00:00, 34577.94 examples/s]\r\n"}
,{"stream_name":"stdout","time":245.047534603,"data":"\rGenerating validation split:   0%|               | 0/11 [00:00\u003c?, ? examples/s]\rGenerating validation split: 100%|████| 11/11 [00:00\u003c00:00, 4550.48 examples/s]\r\n"}
,{"stream_name":"stdout","time":245.047547369,"data":"\rGenerating dev split:   0%|                       | 0/5 [00:00\u003c?, ? examples/s]\rGenerating dev split: 100%|█████████████| 5/5 [00:00\u003c00:00, 2341.36 examples/s]\r\n"}
,{"stream_name":"stdout","time":245.047550391,"data":"2026-09-24:03:58:54,748 INFO     [datasets_wrapper.py:500] Non-HF cache (for datasets) case: NonHfCacheCase.NOT_USED_BC_CACHE_UNAVAILABLE\r\n"}
,{"stream_name":"stdout","time":245.047552934,"data":"\rMap:   0%|                                       | 0/11 [00:00\u003c?, ? examples/s]\rMap: 100%|████████████████████████████| 11/11 [00:00\u003c00:00, 1904.46 examples/s]\r\n"}
,{"stream_name":"stdout","time":245.047555749,"data":"[task] mmlu_college_mathematics:rc::olmes split=validation shots=5: 11 docs\r\n"}
,{"stream_name":"stdout","time":245.807202855,"data":"\rcollege_medicine/test-00000-of-00001.par(…):   0%| | 0.00/42.5k [00:00\u003c?, ?B/s]\rcollege_medicine/test-00000-of-00001.par(…): 100%|█| 42.5k/42.5k [00:00\u003c00:00, \r\n"}
,{"stream_name":"stdout","time":246.009707481,"data":"\rcollege_medicine/validation-00000-of-000(…):   0%| | 0.00/8.99k [00:00\u003c?, ?B/s]\rcollege_medicine/validation-00000-of-000(…): 100%|█| 8.99k/8.99k [00:00\u003c00:00, \r\n"}
,{"stream_name":"stdout","time":246.212260712,"data":"\rcollege_medicine/dev-00000-of-00001.parq(…):   0%| | 0.00/4.84k [00:00\u003c?, ?B/s]\rcollege_medicine/dev-00000-of-00001.parq(…): 100%|█| 4.84k/4.84k [00:00\u003c00:00, \r\n"}
,{"stream_name":"stdout","time":246.212289034,"data":"\rGenerating test split:   0%|                    | 0/173 [00:00\u003c?, ? examples/s]\rGenerating test split: 100%|███████| 173/173 [00:00\u003c00:00, 55649.56 examples/s]\r\n"}
,{"stream_name":"stdout","time":246.21229462,"data":"\rGenerating validation split:   0%|               | 0/22 [00:00\u003c?, ? examples/s]\rGenerating validation split: 100%|████| 22/22 [00:00\u003c00:00, 9432.15 examples/s]\r\n"}
,{"stream_name":"stdout","time":246.212299239,"data":"\rGenerating dev split:   0%|                       | 0/5 [00:00\u003c?, ? examples/s]\rGenerating dev split: 100%|█████████████| 5/5 [00:00\u003c00:00, 2607.10 examples/s]\r\n"}
,{"stream_name":"stdout","time":246.212306078,"data":"2026-09-24:03:58:55,926 INFO     [datasets_wrapper.py:500] Non-HF cache (for datasets) case: NonHfCacheCase.NOT_USED_BC_CACHE_UNAVAILABLE\r\n"}
,{"stream_name":"stdout","time":246.262771333,"data":"\rMap:   0%|                                       | 0/22 [00:00\u003c?, ? examples/s]\rMap: 100%|████████████████████████████| 22/22 [00:00\u003c00:00, 3815.68 examples/s]\r\n"}
,{"stream_name":"stdout","time":246.262794554,"data":"[task] mmlu_college_medicine:rc::olmes split=validation shots=5: 22 docs\r\n"}
,{"stream_name":"stdout","time":247.021059399,"data":"\rcollege_physics/test-00000-of-00001.parq(…):   0%| | 0.00/18.6k [00:00\u003c?, ?B/s]\rcollege_physics/test-00000-of-00001.parq(…): 100%|█| 18.6k/18.6k [00:00\u003c00:00, \r\n"}
,{"stream_name":"stdout","time":247.223724252,"data":"\rcollege_physics/validation-00000-of-0000(…):   0%| | 0.00/6.39k [00:00\u003c?, ?B/s]\rcollege_physics/validation-00000-of-0000(…): 100%|█| 6.39k/6.39k [00:00\u003c00:00, \rcollege_physics/validation-00000-of-0000(…): 100%|█| 6.39k/6.39k [00:00\u003c00:00, \r\n"}
,{"stream_name":"stdout","time":247.426752912,"data":"\rcollege_physics/dev-00000-of-00001.parqu(…):   0%| | 0.00/4.51k [00:00\u003c?, ?B/s]\rcollege_physics/dev-00000-of-00001.parqu(…): 100%|█| 4.51k/4.51k [00:00\u003c00:00, \r\n"}
,{"stream_name":"stdout","time":247.426780648,"data":"\rGenerating test split:   0%|                    | 0/102 [00:00\u003c?, ? examples/s]\rGenerating test split: 100%|███████| 102/102 [00:00\u003c00:00, 32687.88 examples/s]\r\n"}
,{"stream_name":"stdout","time":247.4780299,"data":"\rGenerating validation split:   0%|               | 0/11 [00:00\u003c?, ? examples/s]\rGenerating validation split: 100%|████| 11/11 [00:00\u003c00:00, 4075.38 examples/s]\r\n"}
,{"stream_name":"stdout","time":247.478069064,"data":"\rGenerating dev split:   0%|                       | 0/5 [00:00\u003c?, ? examples/s]\rGenerating dev split: 100%|█████████████| 5/5 [00:00\u003c00:00, 2066.97 examples/s]\r\n"}
,{"stream_name":"stdout","time":247.47807536,"data":"2026-09-24:03:58:57,154 INFO     [datasets_wrapper.py:500] Non-HF cache (for datasets) case: NonHfCacheCase.NOT_USED_BC_CACHE_UNAVAILABLE\r\n"}
,{"stream_name":"stdout","time":247.478079557,"data":"\rMap:   0%|                                       | 0/11 [00:00\u003c?, ? examples/s]\rMap: 100%|████████████████████████████| 11/11 [00:00\u003c00:00, 1751.74 examples/s]\r\n"}
,{"stream_name":"stdout","time":247.478084708,"data":"[task] mmlu_college_physics:rc::olmes split=validation shots=5: 11 docs\r\n"}
,{"stream_name":"stdout","time":248.694523061,"data":"\rcomputer_security/test-00000-of-00001.pa(…):   0%| | 0.00/19.1k [00:00\u003c?, ?B/s]\rcomputer_security/test-00000-of-00001.pa(…): 100%|█| 19.1k/19.1k [00:00\u003c00:00, \r\n"}
,{"stream_name":"stdout","time":248.898531258,"data":"\rcomputer_security/validation-00000-of-00(…):   0%| | 0.00/6.67k [00:00\u003c?, ?B/s]\rcomputer_security/validation-00000-of-00(…): 100%|█| 6.67k/6.67k [00:00\u003c00:00, \rcomputer_security/validation-00000-of-00(…): 100%|█| 6.67k/6.67k [00:00\u003c00:00, \r\n"}
,{"stream_name":"stdout","time":249.102920103,"data":"\rcomputer_security/dev-00000-of-00001.par(…):   0%| | 0.00/4.33k [00:00\u003c?, ?B/s]\rcomputer_security/dev-00000-of-00001.par(…): 100%|█| 4.33k/4.33k [00:00\u003c00:00, \r\n"}
,{"stream_name":"stdout","time":249.102954043,"data":"\rGenerating test split:   0%|                    | 0/100 [00:00\u003c?, ? examples/s]\rGenerating test split: 100%|███████| 100/100 [00:00\u003c00:00, 29100.84 examples/s]\r\n"}
,{"stream_name":"stdout","time":249.153395695,"data":"\rGenerating validation split:   0%|               | 0/11 [00:00\u003c?, ? examples/s]\rGenerating validation split: 100%|████| 11/11 [00:00\u003c00:00, 3727.67 examples/s]\r\n"}
,{"stream_name":"stdout","time":249.153433792,"data":"\rGenerating dev split:   0%|                       | 0/5 [00:00\u003c?, ? examples/s]\rGenerating dev split: 100%|█████████████| 5/5 [00:00\u003c00:00, 1751.57 examples/s]\r\n"}
,{"stream_name":"stdout","time":249.153437762,"data":"2026-09-24:03:58:58,829 INFO     [datasets_wrapper.py:500] Non-HF cache (for datasets) case: NonHfCacheCase.NOT_USED_BC_CACHE_UNAVAILABLE\r\n"}
,{"stream_name":"stdout","time":249.153440758,"data":"\rMap:   0%|                                       | 0/11 [00:00\u003c?, ? examples/s]\rMap: 100%|████████████████████████████| 11/11 [00:00\u003c00:00, 1681.88 examples/s]\r\n"}
,{"stream_name":"stdout","time":249.153443801,"data":"[task] mmlu_computer_security:rc::olmes split=validation shots=5: 11 docs\r\n"}
,{"stream_name":"stdout","time":249.913663327,"data":"\rconceptual_physics/test-00000-of-00001.p(…):   0%| | 0.00/25.0k [00:00\u003c?, ?B/s]\rconceptual_physics/test-00000-of-00001.p(…): 100%|█| 25.0k/25.0k [00:00\u003c00:00, \r\n"}
,{"stream_name":"stdout","time":250.11724749,"data":"\rconceptual_physics/validation-00000-of-0(…):   0%| | 0.00/5.98k [00:00\u003c?, ?B/s]\rconceptual_physics/validation-00000-of-0(…): 100%|█| 5.98k/5.98k [00:00\u003c00:00, \r\n"}
,{"stream_name":"stdout","time":250.320890732,"data":"\rconceptual_physics/dev-00000-of-00001.pa(…):   0%| | 0.00/3.96k [00:00\u003c?, ?B/s]\rconceptual_physics/dev-00000-of-00001.pa(…): 100%|█| 3.96k/3.96k [00:00\u003c00:00, \r\n"}
,{"stream_name":"stdout","time":250.320921186,"data":"\rGenerating test split:   0%|                    | 0/235 [00:00\u003c?, ? examples/s]\rGenerating test split: 100%|███████| 235/235 [00:00\u003c00:00, 91697.97 examples/s]\r\n"}
,{"stream_name":"stdout","time":250.320927362,"data":"\rGenerating validation split:   0%|               | 0/26 [00:00\u003c?, ? examples/s]\rGenerating validation split: 100%|███| 26/26 [00:00\u003c00:00, 13216.81 examples/s]\r\n"}
,{"stream_name":"stdout","time":250.320932348,"data":"\rGenerating dev split:   0%|                       | 0/5 [00:00\u003c?, ? examples/s]\rGenerating dev split: 100%|█████████████| 5/5 [00:00\u003c00:00, 2696.26 examples/s]\r\n"}
,{"stream_name":"stdout","time":250.320944104,"data":"2026-09-24:03:59:00,034 INFO     [datasets_wrapper.py:500] Non-HF cache (for datasets) case: NonHfCacheCase.NOT_USED_BC_CACHE_UNAVAILABLE\r\n"}
,{"stream_name":"stdout","time":250.371708688,"data":"\rMap:   0%|                                       | 0/26 [00:00\u003c?, ? examples/s]\rMap: 100%|████████████████████████████| 26/26 [00:00\u003c00:00, 4479.62 examples/s]\r\n"}
,{"stream_name":"stdout","time":250.371737245,"data":"[task] mmlu_conceptual_physics:rc::olmes split=validation shots=5: 26 docs\r\n"}
,{"stream_name":"stdout","time":251.132723443,"data":"\reconometrics/test-00000-of-00001.parquet:   0%|    | 0.00/24.5k [00:00\u003c?, ?B/s]\reconometrics/test-00000-of-00001.parquet: 100%|█| 24.5k/24.5k [00:00\u003c00:00, 314\r\n"}
,{"stream_name":"stdout","time":251.437151099,"data":"\reconometrics/validation-00000-of-00001.p(…):   0%| | 0.00/7.02k [00:00\u003c?, ?B/s]\reconometrics/validation-00000-of-00001.p(…): 100%|█| 7.02k/7.02k [00:00\u003c00:00, \reconometrics/validation-00000-of-00001.p(…): 100%|█| 7.02k/7.02k [00:00\u003c00:00, \r\n"}
,{"stream_name":"stdout","time":251.640413055,"data":"\reconometrics/dev-00000-of-00001.parquet:   0%|     | 0.00/4.54k [00:00\u003c?, ?B/s]\reconometrics/dev-00000-of-00001.parquet: 100%|█| 4.54k/4.54k [00:00\u003c00:00, 62.3\r\n"}
,{"stream_name":"stdout","time":251.640439804,"data":"\rGenerating test split:   0%|                    | 0/114 [00:00\u003c?, ? examples/s]\rGenerating test split: 100%|███████| 114/114 [00:00\u003c00:00, 40941.06 examples/s]\r\n"}
,{"stream_name":"stdout","time":251.640445303,"data":"\rGenerating validation split:   0%|               | 0/12 [00:00\u003c?, ? examples/s]\rGenerating validation split: 100%|████| 12/12 [00:00\u003c00:00, 5671.81 examples/s]\r\n"}
,{"stream_name":"stdout","time":251.691017944,"data":"\rGenerating dev split:   0%|                       | 0/5 [00:00\u003c?, ? examples/s]\rGenerating dev split: 100%|█████████████| 5/5 [00:00\u003c00:00, 2457.70 examples/s]\r\n"}
,{"stream_name":"stdout","time":251.691045829,"data":"2026-09-24:03:59:01,362 INFO     [datasets_wrapper.py:500] Non-HF cache (for datasets) case: NonHfCacheCase.NOT_USED_BC_CACHE_UNAVAILABLE\r\n"}
,{"stream_name":"stdout","time":251.691050836,"data":"\rMap:   0%|                                       | 0/12 [00:00\u003c?, ? examples/s]\rMap: 100%|████████████████████████████| 12/12 [00:00\u003c00:00, 2464.34 examples/s]\r\n"}
,{"stream_name":"stdout","time":251.691060245,"data":"[task] mmlu_econometrics:rc::olmes split=validation shots=5: 12 docs\r\n"}
,{"stream_name":"stdout","time":252.450229284,"data":"\relectrical_engineering/test-00000-of-000(…):   0%| | 0.00/17.6k [00:00\u003c?, ?B/s]\relectrical_engineering/test-00000-of-000(…): 100%|█| 17.6k/17.6k [00:00\u003c00:00, \r\n"}
,{"stream_name":"stdout","time":252.905745725,"data":"\relectrical_engineering/validation-00000-(…):   0%| | 0.00/5.08k [00:00\u003c?, ?B/s]\relectrical_engineering/validation-00000-(…): 100%|█| 5.08k/5.08k [00:00\u003c00:00, \relectrical_engineering/validation-00000-(…): 100%|█| 5.08k/5.08k [00:00\u003c00:00, \r\n"}
,{"stream_name":"stdout","time":253.058106938,"data":"\relectrical_engineering/dev-00000-of-0000(…):   0%| | 0.00/4.08k [00:00\u003c?, ?B/s]\relectrical_engineering/dev-00000-of-0000(…): 100%|█| 4.08k/4.08k [00:00\u003c00:00, \r\n"}
,{"stream_name":"stdout","time":253.058137611,"data":"\rGenerating test split:   0%|                    | 0/145 [00:00\u003c?, ? examples/s]\rGenerating test split: 100%|███████| 145/145 [00:00\u003c00:00, 50978.55 examples/s]\r\n"}
,{"stream_name":"stdout","time":253.10922259,"data":"\rGenerating validation split:   0%|               | 0/16 [00:00\u003c?, ? examples/s]\rGenerating validation split: 100%|████| 16/16 [00:00\u003c00:00, 5672.77 examples/s]\r\n"}
,{"stream_name":"stdout","time":253.109254988,"data":"\rGenerating dev split:   0%|                       | 0/5 [00:00\u003c?, ? examples/s]\rGenerating dev split: 100%|█████████████| 5/5 [00:00\u003c00:00, 2367.26 examples/s]\r\n"}
,{"stream_name":"stdout","time":253.109259104,"data":"2026-09-24:03:59:02,786 INFO     [datasets_wrapper.py:500] Non-HF cache (for datasets) case: NonHfCacheCase.NOT_USED_BC_CACHE_UNAVAILABLE\r\n"}
,{"stream_name":"stdout","time":253.109262028,"data":"\rMap:   0%|                                       | 0/16 [00:00\u003c?, ? examples/s]\rMap: 100%|████████████████████████████| 16/16 [00:00\u003c00:00, 2604.96 examples/s]\r\n"}
,{"stream_name":"stdout","time":253.10926523,"data":"[task] mmlu_electrical_engineering:rc::olmes split=validation shots=5: 16 docs\r\n"}
,{"stream_name":"stdout","time":253.871987782,"data":"\relementary_mathematics/test-00000-of-000(…):   0%| | 0.00/41.1k [00:00\u003c?, ?B/s]\relementary_mathematics/test-00000-of-000(…): 100%|█| 41.1k/41.1k [00:00\u003c00:00, \r\n"}
,{"stream_name":"stdout","time":254.076178711,"data":"\relementary_mathematics/validation-00000-(…):   0%| | 0.00/9.38k [00:00\u003c?, ?B/s]\relementary_mathematics/validation-00000-(…): 100%|█| 9.38k/9.38k [00:00\u003c00:00, \r\n"}
,{"stream_name":"stdout","time":254.381828078,"data":"\relementary_mathematics/dev-00000-of-0000(…):   0%| | 0.00/4.55k [00:00\u003c?, ?B/s]\relementary_mathematics/dev-00000-of-0000(…): 100%|█| 4.55k/4.55k [00:00\u003c00:00, \relementary_mathematics/dev-00000-of-0000(…): 100%|█| 4.55k/4.55k [00:00\u003c00:00, \r\n"}
,{"stream_name":"stdout","time":254.381860049,"data":"\rGenerating test split:   0%|                    | 0/378 [00:00\u003c?, ? examples/s]\rGenerating test split: 100%|██████| 378/378 [00:00\u003c00:00, 124018.06 examples/s]\r\n"}
,{"stream_name":"stdout","time":254.381866454,"data":"\rGenerating validation split:   0%|               | 0/41 [00:00\u003c?, ? examples/s]\rGenerating validation split: 100%|███| 41/41 [00:00\u003c00:00, 16623.15 examples/s]\r\n"}
,{"stream_name":"stdout","time":254.381871742,"data":"\rGenerating dev split:   0%|                       | 0/5 [00:00\u003c?, ? examples/s]\rGenerating dev split: 100%|█████████████| 5/5 [00:00\u003c00:00, 1920.47 examples/s]\r\n"}
,{"stream_name":"stdout","time":254.381876969,"data":"2026-09-24:03:59:04,079 INFO     [datasets_wrapper.py:500] Non-HF cache (for datasets) case: NonHfCacheCase.NOT_USED_BC_CACHE_UNAVAILABLE\r\n"}
,{"stream_name":"stdout","time":254.381881675,"data":"\rMap:   0%|                                       | 0/41 [00:00\u003c?, ? examples/s]\rMap: 100%|████████████████████████████| 41/41 [00:00\u003c00:00, 5088.07 examples/s]\r\n"}
,{"stream_name":"stdout","time":254.432349371,"data":"[task] mmlu_elementary_mathematics:rc::olmes split=validation shots=5: 41 docs\r\n"}
,{"stream_name":"stdout","time":255.142238165,"data":"\rformal_logic/test-00000-of-00001.parquet:   0%|    | 0.00/21.5k [00:00\u003c?, ?B/s]\rformal_logic/test-00000-of-00001.parquet: 100%|█| 21.5k/21.5k [00:00\u003c00:00, 285\r\n"}
,{"stream_name":"stdout","time":255.397067528,"data":"\rformal_logic/validation-00000-of-00001.p(…):   0%| | 0.00/6.56k [00:00\u003c?, ?B/s]\rformal_logic/validation-00000-of-00001.p(…): 100%|█| 6.56k/6.56k [00:00\u003c00:00, \r\n"}
,{"stream_name":"stdout","time":255.651270052,"data":"\rformal_logic/dev-00000-of-00001.parquet:   0%|     | 0.00/4.81k [00:00\u003c?, ?B/s]\rformal_logic/dev-00000-of-00001.parquet: 100%|█| 4.81k/4.81k [00:00\u003c00:00, 68.4\r\n"}
,{"stream_name":"stdout","time":255.651298807,"data":"\rGenerating test split:   0%|                    | 0/126 [00:00\u003c?, ? examples/s]\rGenerating test split: 100%|███████| 126/126 [00:00\u003c00:00, 49161.14 examples/s]\r\n"}
,{"stream_name":"stdout","time":255.651305551,"data":"\rGenerating validation split:   0%|               | 0/14 [00:00\u003c?, ? examples/s]\rGenerating validation split: 100%|████| 14/14 [00:00\u003c00:00, 6264.16 examples/s]\r\n"}
,{"stream_name":"stdout","time":255.651310034,"data":"\rGenerating dev split:   0%|                       | 0/5 [00:00\u003c?, ? examples/s]\rGenerating dev split: 100%|█████████████| 5/5 [00:00\u003c00:00, 2482.72 examples/s]\r\n"}
,{"stream_name":"stdout","time":255.651314425,"data":"2026-09-24:03:59:05,353 INFO     [datasets_wrapper.py:500] Non-HF cache (for datasets) case: NonHfCacheCase.NOT_USED_BC_CACHE_UNAVAILABLE\r\n"}
,{"stream_name":"stdout","time":255.651318187,"data":"\rMap:   0%|                                       | 0/14 [00:00\u003c?, ? examples/s]\rMap: 100%|████████████████████████████| 14/14 [00:00\u003c00:00, 2455.89 examples/s]\r\n"}
,{"stream_name":"stdout","time":255.70155882,"data":"[task] mmlu_formal_logic:rc::olmes split=validation shots=5: 14 docs\r\n"}
,{"stream_name":"stdout","time":256.409856138,"data":"\rglobal_facts/test-00000-of-00001.parquet:   0%|    | 0.00/11.5k [00:00\u003c?, ?B/s]\rglobal_facts/test-00000-of-00001.parquet: 100%|█| 11.5k/11.5k [00:00\u003c00:00, 155\r\n"}
,{"stream_name":"stdout","time":256.612285254,"data":"\rglobal_facts/validation-00000-of-00001.p(…):   0%| | 0.00/4.19k [00:00\u003c?, ?B/s]\rglobal_facts/validation-00000-of-00001.p(…): 100%|█| 4.19k/4.19k [00:00\u003c00:00, \r\n"}
,{"stream_name":"stdout","time":256.815860688,"data":"\rglobal_facts/dev-00000-of-00001.parquet:   0%|     | 0.00/3.58k [00:00\u003c?, ?B/s]\rglobal_facts/dev-00000-of-00001.parquet: 100%|█| 3.58k/3.58k [00:00\u003c00:00, 47.4\r\n"}
,{"stream_name":"stdout","time":256.815941182,"data":"\rGenerating test split:   0%|                    | 0/100 [00:00\u003c?, ? examples/s]\rGenerating test split: 100%|███████| 100/100 [00:00\u003c00:00, 37844.48 examples/s]\r\n"}
,{"stream_name":"stdout","time":256.86726457,"data":"\rGenerating validation split:   0%|               | 0/10 [00:00\u003c?, ? examples/s]\rGenerating validation split: 100%|████| 10/10 [00:00\u003c00:00, 4165.98 examples/s]\r\n"}
,{"stream_name":"stdout","time":256.867312716,"data":"\rGenerating dev split:   0%|                       | 0/5 [00:00\u003c?, ? examples/s]\rGenerating dev split: 100%|█████████████| 5/5 [00:00\u003c00:00, 2441.96 examples/s]\r\n"}
,{"stream_name":"stdout","time":256.867333876,"data":"2026-09-24:03:59:06,542 INFO     [datasets_wrapper.py:500] Non-HF cache (for datasets) case: NonHfCacheCase.NOT_USED_BC_CACHE_UNAVAILABLE\r\n"}
,{"stream_name":"stdout","time":256.867336987,"data":"\rMap:   0%|                                       | 0/10 [00:00\u003c?, ? examples/s]\rMap: 100%|████████████████████████████| 10/10 [00:00\u003c00:00, 1748.94 examples/s]\r\n"}
,{"stream_name":"stdout","time":256.867344169,"data":"[task] mmlu_global_facts:rc::olmes split=validation shots=5: 10 docs\r\n"}
,{"stream_name":"stdout","time":257.628863335,"data":"\rhigh_school_biology/test-00000-of-00001.(…):   0%| | 0.00/62.7k [00:00\u003c?, ?B/s]\rhigh_school_biology/test-00000-of-00001.(…): 100%|█| 62.7k/62.7k [00:00\u003c00:00, \r\n"}
,{"stream_name":"stdout","time":257.882669361,"data":"\rhigh_school_biology/validation-00000-of-(…):   0%| | 0.00/10.6k [00:00\u003c?, ?B/s]\rhigh_school_biology/validation-00000-of-(…): 100%|█| 10.6k/10.6k [00:00\u003c00:00, \r\n"}
,{"stream_name":"stdout","time":258.085573813,"data":"\rhigh_school_biology/dev-00000-of-00001.p(…):   0%| | 0.00/4.94k [00:00\u003c?, ?B/s]\rhigh_school_biology/dev-00000-of-00001.p(…): 100%|█| 4.94k/4.94k [00:00\u003c00:00, \r\n"}
,{"stream_name":"stdout","time":258.085603773,"data":"\rGenerating test split:   0%|                    | 0/310 [00:00\u003c?, ? examples/s]\rGenerating test split: 100%|███████| 310/310 [00:00\u003c00:00, 93400.92 examples/s]\r\n"}
,{"stream_name":"stdout","time":258.085610015,"data":"\rGenerating validation split:   0%|               | 0/32 [00:00\u003c?, ? examples/s]\rGenerating validation split: 100%|███| 32/32 [00:00\u003c00:00, 13147.00 examples/s]\r\n"}
,{"stream_name":"stdout","time":258.085614735,"data":"\rGenerating dev split:   0%|                       | 0/5 [00:00\u003c?, ? examples/s]\rGenerating dev split: 100%|█████████████| 5/5 [00:00\u003c00:00, 2398.12 examples/s]\r\n"}
,{"stream_name":"stdout","time":258.085625081,"data":"2026-09-24:03:59:07,779 INFO     [datasets_wrapper.py:500] Non-HF cache (for datasets) case: NonHfCacheCase.NOT_USED_BC_CACHE_UNAVAILABLE\r\n"}
,{"stream_name":"stdout","time":258.085628615,"data":"\rMap:   0%|                                       | 0/32 [00:00\u003c?, ? examples/s]\rMap: 100%|████████████████████████████| 32/32 [00:00\u003c00:00, 4642.77 examples/s]\r\n"}
,{"stream_name":"stdout","time":258.085631726,"data":"[task] mmlu_high_school_biology:rc::olmes split=validation shots=5: 32 docs\r\n"}
,{"stream_name":"stdout","time":258.845222199,"data":"\rhigh_school_chemistry/test-00000-of-0000(…):   0%| | 0.00/33.3k [00:00\u003c?, ?B/s]\rhigh_school_chemistry/test-00000-of-0000(…): 100%|█| 33.3k/33.3k [00:00\u003c00:00, \r\n"}
,{"stream_name":"stdout","time":259.04765914,"data":"\rhigh_school_chemistry/validation-00000-o(…):   0%| | 0.00/8.31k [00:00\u003c?, ?B/s]\rhigh_school_chemistry/validation-00000-o(…): 100%|█| 8.31k/8.31k [00:00\u003c00:00, \r\n"}
,{"stream_name":"stdout","time":259.250608683,"data":"\rhigh_school_chemistry/dev-00000-of-00001(…):   0%| | 0.00/4.16k [00:00\u003c?, ?B/s]\rhigh_school_chemistry/dev-00000-of-00001(…): 100%|█| 4.16k/4.16k [00:00\u003c00:00, \r\n"}
,{"stream_name":"stdout","time":259.250639808,"data":"\rGenerating test split:   0%|                    | 0/203 [00:00\u003c?, ? examples/s]\rGenerating test split: 100%|███████| 203/203 [00:00\u003c00:00, 67676.95 examples/s]\r\n"}
,{"stream_name":"stdout","time":259.250645846,"data":"\rGenerating validation split:   0%|               | 0/22 [00:00\u003c?, ? examples/s]\rGenerating validation split: 100%|████| 22/22 [00:00\u003c00:00, 9988.60 examples/s]\r\n"}
,{"stream_name":"stdout","time":259.250660762,"data":"\rGenerating dev split:   0%|                       | 0/5 [00:00\u003c?, ? examples/s]\rGenerating dev split: 100%|█████████████| 5/5 [00:00\u003c00:00, 2661.36 examples/s]\r\n"}
,{"stream_name":"stdout","time":259.25066537,"data":"2026-09-24:03:59:08,949 INFO     [datasets_wrapper.py:500] Non-HF cache (for datasets) case: NonHfCacheCase.NOT_USED_BC_CACHE_UNAVAILABLE\r\n"}
,{"stream_name":"stdout","time":259.250669354,"data":"\rMap:   0%|                                       | 0/22 [00:00\u003c?, ? examples/s]\rMap: 100%|████████████████████████████| 22/22 [00:00\u003c00:00, 3946.40 examples/s]\r\n"}
,{"stream_name":"stdout","time":259.250673797,"data":"[task] mmlu_high_school_chemistry:rc::olmes split=validation shots=5: 22 docs\r\n"}
,{"stream_name":"stdout","time":260.062716423,"data":"\rhigh_school_computer_science/test-00000-(…):   0%| | 0.00/27.3k [00:00\u003c?, ?B/s]\rhigh_school_computer_science/test-00000-(…): 100%|█| 27.3k/27.3k [00:00\u003c00:00, \r\n"}
,{"stream_name":"stdout","time":260.267203884,"data":"\rhigh_school_computer_science/validation-(…):   0%| | 0.00/5.28k [00:00\u003c?, ?B/s]\rhigh_school_computer_science/validation-(…): 100%|█| 5.28k/5.28k [00:00\u003c00:00, \r\n"}
,{"stream_name":"stdout","time":260.471166978,"data":"\rhigh_school_computer_science/dev-00000-o(…):   0%| | 0.00/6.54k [00:00\u003c?, ?B/s]\rhigh_school_computer_science/dev-00000-o(…): 100%|█| 6.54k/6.54k [00:00\u003c00:00, \r\n"}
,{"stream_name":"stdout","time":260.471200297,"data":"\rGenerating test split:   0%|                    | 0/100 [00:00\u003c?, ? examples/s]\rGenerating test split: 100%|███████| 100/100 [00:00\u003c00:00, 33396.80 examples/s]\r\n"}
,{"stream_name":"stdout","time":260.471206695,"data":"\rGenerating validation split:   0%|                | 0/9 [00:00\u003c?, ? examples/s]\rGenerating validation split: 100%|██████| 9/9 [00:00\u003c00:00, 3563.55 examples/s]\r\n"}
,{"stream_name":"stdout","time":260.471212023,"data":"\rGenerating dev split:   0%|                       | 0/5 [00:00\u003c?, ? examples/s]\rGenerating dev split: 100%|█████████████| 5/5 [00:00\u003c00:00, 2071.67 examples/s]\r\n"}
,{"stream_name":"stdout","time":260.471217696,"data":"2026-09-24:03:59:10,179 INFO     [datasets_wrapper.py:500] Non-HF cache (for datasets) case: NonHfCacheCase.NOT_USED_BC_CACHE_UNAVAILABLE\r\n"}
,{"stream_name":"stdout","time":260.522397657,"data":"\rMap:   0%|                                        | 0/9 [00:00\u003c?, ? examples/s]\rMap: 100%|██████████████████████████████| 9/9 [00:00\u003c00:00, 1348.22 examples/s]\r\n"}
,{"stream_name":"stdout","time":260.522456487,"data":"[task] mmlu_high_school_computer_science:rc::olmes split=validation shots=5: 9 docs\r\n"}
,{"stream_name":"stdout","time":261.28253758,"data":"\rhigh_school_european_history/test-00000-(…):   0%|  | 0.00/142k [00:00\u003c?, ?B/s]\rhigh_school_european_history/test-00000-(…): 100%|█| 142k/142k [00:00\u003c00:00, 1.\r\n"}
,{"stream_name":"stdout","time":261.485244846,"data":"\rhigh_school_european_history/validation-(…):   0%| | 0.00/31.6k [00:00\u003c?, ?B/s]\rhigh_school_european_history/validation-(…): 100%|█| 31.6k/31.6k [00:00\u003c00:00, \rhigh_school_european_history/validation-(…): 100%|█| 31.6k/31.6k [00:00\u003c00:00, \r\n"}
,{"stream_name":"stdout","time":261.687592868,"data":"\rhigh_school_european_history/dev-00000-o(…):   0%| | 0.00/22.2k [00:00\u003c?, ?B/s]\rhigh_school_european_history/dev-00000-o(…): 100%|█| 22.2k/22.2k [00:00\u003c00:00, \r\n"}
,{"stream_name":"stdout","time":261.687615528,"data":"\rGenerating test split:   0%|                    | 0/165 [00:00\u003c?, ? examples/s]\rGenerating test split: 100%|███████| 165/165 [00:00\u003c00:00, 40466.62 examples/s]\r\n"}
,{"stream_name":"stdout","time":261.687636144,"data":"\rGenerating validation split:   0%|               | 0/18 [00:00\u003c?, ? examples/s]\rGenerating validation split: 100%|████| 18/18 [00:00\u003c00:00, 7526.42 examples/s]\r\n"}
,{"stream_name":"stdout","time":261.738283768,"data":"\rGenerating dev split:   0%|                       | 0/5 [00:00\u003c?, ? examples/s]\rGenerating dev split: 100%|█████████████| 5/5 [00:00\u003c00:00, 2252.34 examples/s]\r\n"}
,{"stream_name":"stdout","time":261.738309084,"data":"2026-09-24:03:59:11,411 INFO     [datasets_wrapper.py:500] Non-HF cache (for datasets) case: NonHfCacheCase.NOT_USED_BC_CACHE_UNAVAILABLE\r\n"}
,{"stream_name":"stdout","time":261.738333118,"data":"\rMap:   0%|                                       | 0/18 [00:00\u003c?, ? examples/s]\rMap: 100%|████████████████████████████| 18/18 [00:00\u003c00:00, 2826.67 examples/s]\r\n"}
,{"stream_name":"stdout","time":261.738338914,"data":"[task] mmlu_high_school_european_history:rc::olmes split=validation shots=5: 18 docs\r\n"}
,{"stream_name":"stdout","time":262.497515705,"data":"\rhigh_school_geography/test-00000-of-0000(…):   0%| | 0.00/28.2k [00:00\u003c?, ?B/s]\rhigh_school_geography/test-00000-of-0000(…): 100%|█| 28.2k/28.2k [00:00\u003c00:00, \r\n"}
,{"stream_name":"stdout","time":262.700353813,"data":"\rhigh_school_geography/validation-00000-o(…):   0%| | 0.00/6.16k [00:00\u003c?, ?B/s]\rhigh_school_geography/validation-00000-o(…): 100%|█| 6.16k/6.16k [00:00\u003c00:00, \r\n"}
,{"stream_name":"stdout","time":262.904224001,"data":"\rhigh_school_geography/dev-00000-of-00001(…):   0%| | 0.00/3.93k [00:00\u003c?, ?B/s]\rhigh_school_geography/dev-00000-of-00001(…): 100%|█| 3.93k/3.93k [00:00\u003c00:00, \r\n"}
,{"stream_name":"stdout","time":262.904253965,"data":"\rGenerating test split:   0%|                    | 0/198 [00:00\u003c?, ? examples/s]\rGenerating test split: 100%|███████| 198/198 [00:00\u003c00:00, 69846.27 examples/s]\r\n"}
,{"stream_name":"stdout","time":262.904264741,"data":"\rGenerating validation split:   0%|               | 0/22 [00:00\u003c?, ? examples/s]\rGenerating validation split: 100%|████| 22/22 [00:00\u003c00:00, 9364.19 examples/s]\r\n"}
,{"stream_name":"stdout","time":262.90426925,"data":"\rGenerating dev split:   0%|                       | 0/5 [00:00\u003c?, ? examples/s]\rGenerating dev split: 100%|█████████████| 5/5 [00:00\u003c00:00, 2386.11 examples/s]\r\n"}
,{"stream_name":"stdout","time":262.954696522,"data":"2026-09-24:03:59:12,622 INFO     [datasets_wrapper.py:500] Non-HF cache (for datasets) case: NonHfCacheCase.NOT_USED_BC_CACHE_UNAVAILABLE\r\n"}
,{"stream_name":"stdout","time":262.95472809,"data":"\rMap:   0%|                                       | 0/22 [00:00\u003c?, ? examples/s]\rMap: 100%|████████████████████████████| 22/22 [00:00\u003c00:00, 3563.28 examples/s]\r\n"}
,{"stream_name":"stdout","time":262.9547353,"data":"[task] mmlu_high_school_geography:rc::olmes split=validation shots=5: 22 docs\r\n"}
,{"stream_name":"stdout","time":263.715158783,"data":"\rhigh_school_government_and_politics/test(…):   0%| | 0.00/40.2k [00:00\u003c?, ?B/s]\rhigh_school_government_and_politics/test(…): 100%|█| 40.2k/40.2k [00:00\u003c00:00, \r\n"}
,{"stream_name":"stdout","time":263.918313796,"data":"\rhigh_school_government_and_politics/vali(…):   0%| | 0.00/8.27k [00:00\u003c?, ?B/s]\rhigh_school_government_and_politics/vali(…): 100%|█| 8.27k/8.27k [00:00\u003c00:00, \r\n"}
,{"stream_name":"stdout","time":264.122455054,"data":"\rhigh_school_government_and_politics/dev-(…):   0%| | 0.00/4.47k [00:00\u003c?, ?B/s]\rhigh_school_government_and_politics/dev-(…): 100%|█| 4.47k/4.47k [00:00\u003c00:00, \r\n"}
,{"stream_name":"stdout","time":264.122489685,"data":"\rGenerating test split:   0%|                    | 0/193 [00:00\u003c?, ? examples/s]\rGenerating test split: 100%|███████| 193/193 [00:00\u003c00:00, 56898.90 examples/s]\r\n"}
,{"stream_name":"stdout","time":264.122494014,"data":"\rGenerating validation split:   0%|               | 0/21 [00:00\u003c?, ? examples/s]\rGenerating validation split: 100%|████| 21/21 [00:00\u003c00:00, 8667.62 examples/s]\r\n"}
,{"stream_name":"stdout","time":264.122497275,"data":"\rGenerating dev split:   0%|                       | 0/5 [00:00\u003c?, ? examples/s]\rGenerating dev split: 100%|█████████████| 5/5 [00:00\u003c00:00, 2239.59 examples/s]\r\n"}
,{"stream_name":"stdout","time":264.122518572,"data":"2026-09-24:03:59:13,819 INFO     [datasets_wrapper.py:500] Non-HF cache (for datasets) case: NonHfCacheCase.NOT_USED_BC_CACHE_UNAVAILABLE\r\n"}
,{"stream_name":"stdout","time":264.122523602,"data":"\rMap:   0%|                                       | 0/21 [00:00\u003c?, ? examples/s]\rMap: 100%|████████████████████████████| 21/21 [00:00\u003c00:00, 3488.33 examples/s]\r\n"}
,{"stream_name":"stdout","time":264.122528994,"data":"[task] mmlu_high_school_government_and_politics:rc::olmes split=validation shots=5: 21 docs\r\n"}
,{"stream_name":"stdout","time":264.887209746,"data":"\rhigh_school_macroeconomics/test-00000-of(…):   0%| | 0.00/54.8k [00:00\u003c?, ?B/s]\rhigh_school_macroeconomics/test-00000-of(…): 100%|█| 54.8k/54.8k [00:00\u003c00:00, \r\n"}
,{"stream_name":"stdout","time":265.090397168,"data":"\rhigh_school_macroeconomics/validation-00(…):   0%| | 0.00/9.89k [00:00\u003c?, ?B/s]\rhigh_school_macroeconomics/validation-00(…): 100%|█| 9.89k/9.89k [00:00\u003c00:00, \r\n"}
,{"stream_name":"stdout","time":265.294114325,"data":"\rhigh_school_macroeconomics/dev-00000-of-(…):   0%| | 0.00/4.04k [00:00\u003c?, ?B/s]\rhigh_school_macroeconomics/dev-00000-of-(…): 100%|█| 4.04k/4.04k [00:00\u003c00:00, \r\n"}
,{"stream_name":"stdout","time":265.294144237,"data":"\rGenerating test split:   0%|                    | 0/390 [00:00\u003c?, ? examples/s]\rGenerating test split: 100%|██████| 390/390 [00:00\u003c00:00, 120766.23 examples/s]\r\n"}
,{"stream_name":"stdout","time":265.29415009,"data":"\rGenerating validation split:   0%|               | 0/43 [00:00\u003c?, ? examples/s]\rGenerating validation split: 100%|███| 43/43 [00:00\u003c00:00, 17532.33 examples/s]\r\n"}
,{"stream_name":"stdout","time":265.294154686,"data":"\rGenerating dev split:   0%|                       | 0/5 [00:00\u003c?, ? examples/s]\rGenerating dev split: 100%|█████████████| 5/5 [00:00\u003c00:00, 2386.38 examples/s]\r\n"}
,{"stream_name":"stdout","time":265.344804572,"data":"2026-09-24:03:59:15,013 INFO     [datasets_wrapper.py:500] Non-HF cache (for datasets) case: NonHfCacheCase.NOT_USED_BC_CACHE_UNAVAILABLE\r\n"}
,{"stream_name":"stdout","time":265.344830489,"data":"\rMap:   0%|                                       | 0/43 [00:00\u003c?, ? examples/s]\rMap: 100%|████████████████████████████| 43/43 [00:00\u003c00:00, 6211.64 examples/s]\r\n"}
,{"stream_name":"stdout","time":265.344836774,"data":"[task] mmlu_high_school_macroeconomics:rc::olmes split=validation shots=5: 43 docs\r\n"}
,{"stream_name":"stdout","time":266.054909817,"data":"\rhigh_school_mathematics/test-00000-of-00(…):   0%| | 0.00/33.7k [00:00\u003c?, ?B/s]\rhigh_school_mathematics/test-00000-of-00(…): 100%|█| 33.7k/33.7k [00:00\u003c00:00, \r\n"}
,{"stream_name":"stdout","time":266.309162139,"data":"\rhigh_school_mathematics/validation-00000(…):   0%| | 0.00/6.99k [00:00\u003c?, ?B/s]\rhigh_school_mathematics/validation-00000(…): 100%|█| 6.99k/6.99k [00:00\u003c00:00, \r\n"}
,{"stream_name":"stdout","time":266.512003212,"data":"\rhigh_school_mathematics/dev-00000-of-000(…):   0%| | 0.00/4.50k [00:00\u003c?, ?B/s]\rhigh_school_mathematics/dev-00000-of-000(…): 100%|█| 4.50k/4.50k [00:00\u003c00:00, \r\n"}
,{"stream_name":"stdout","time":266.512035508,"data":"\rGenerating test split:   0%|                    | 0/270 [00:00\u003c?, ? examples/s]\rGenerating test split: 100%|███████| 270/270 [00:00\u003c00:00, 90200.09 examples/s]\r\n"}
,{"stream_name":"stdout","time":266.51203959,"data":"\rGenerating validation split:   0%|               | 0/29 [00:00\u003c?, ? examples/s]\rGenerating validation split: 100%|███| 29/29 [00:00\u003c00:00, 12815.81 examples/s]\r\n"}
,{"stream_name":"stdout","time":266.512043025,"data":"\rGenerating dev split:   0%|                       | 0/5 [00:00\u003c?, ? examples/s]\rGenerating dev split: 100%|█████████████| 5/5 [00:00\u003c00:00, 2410.80 examples/s]\r\n"}
,{"stream_name":"stdout","time":266.512046018,"data":"2026-09-24:03:59:16,203 INFO     [datasets_wrapper.py:500] Non-HF cache (for datasets) case: NonHfCacheCase.NOT_USED_BC_CACHE_UNAVAILABLE\r\n"}
,{"stream_name":"stdout","time":266.512048814,"data":"\rMap:   0%|                                       | 0/29 [00:00\u003c?, ? examples/s]\rMap: 100%|████████████████████████████| 29/29 [00:00\u003c00:00, 4529.32 examples/s]\r\n"}
,{"stream_name":"stdout","time":266.512051824,"data":"[task] mmlu_high_school_mathematics:rc::olmes split=validation shots=5: 29 docs\r\n"}
,{"stream_name":"stdout","time":267.271291662,"data":"\rhigh_school_microeconomics/test-00000-of(…):   0%| | 0.00/38.8k [00:00\u003c?, ?B/s]\rhigh_school_microeconomics/test-00000-of(…): 100%|█| 38.8k/38.8k [00:00\u003c00:00, \r\n"}
,{"stream_name":"stdout","time":267.473843168,"data":"\rhigh_school_microeconomics/validation-00(…):   0%| | 0.00/7.22k [00:00\u003c?, ?B/s]\rhigh_school_microeconomics/validation-00(…): 100%|█| 7.22k/7.22k [00:00\u003c00:00, \r\n"}
,{"stream_name":"stdout","time":267.677539603,"data":"\rhigh_school_microeconomics/dev-00000-of-(…):   0%| | 0.00/3.83k [00:00\u003c?, ?B/s]\rhigh_school_microeconomics/dev-00000-of-(…): 100%|█| 3.83k/3.83k [00:00\u003c00:00, \r\n"}
,{"stream_name":"stdout","time":267.677571618,"data":"\rGenerating test split:   0%|                    | 0/238 [00:00\u003c?, ? examples/s]\rGenerating test split: 100%|███████| 238/238 [00:00\u003c00:00, 82711.44 examples/s]\r\n"}
,{"stream_name":"stdout","time":267.728015853,"data":"\rGenerating validation split:   0%|               | 0/26 [00:00\u003c?, ? examples/s]\rGenerating validation split: 100%|███| 26/26 [00:00\u003c00:00, 11552.11 examples/s]\r\n"}
,{"stream_name":"stdout","time":267.728051946,"data":"\rGenerating dev split:   0%|                       | 0/5 [00:00\u003c?, ? examples/s]\rGenerating dev split: 100%|█████████████| 5/5 [00:00\u003c00:00, 2148.94 examples/s]\r\n"}
,{"stream_name":"stdout","time":267.72805622,"data":"2026-09-24:03:59:17,403 INFO     [datasets_wrapper.py:500] Non-HF cache (for datasets) case: NonHfCacheCase.NOT_USED_BC_CACHE_UNAVAILABLE\r\n"}
,{"stream_name":"stdout","time":267.728059696,"data":"\rMap:   0%|                                       | 0/26 [00:00\u003c?, ? examples/s]\rMap: 100%|████████████████████████████| 26/26 [00:00\u003c00:00, 3889.29 examples/s]\r\n"}
,{"stream_name":"stdout","time":267.728062859,"data":"[task] mmlu_high_school_microeconomics:rc::olmes split=validation shots=5: 26 docs\r\n"}
,{"stream_name":"stdout","time":268.997036826,"data":"\rhigh_school_physics/test-00000-of-00001.(…):   0%| | 0.00/33.0k [00:00\u003c?, ?B/s]\rhigh_school_physics/test-00000-of-00001.(…): 100%|█| 33.0k/33.0k [00:00\u003c00:00, \r\n"}
,{"stream_name":"stdout","time":269.199423867,"data":"\rhigh_school_physics/validation-00000-of-(…):   0%| | 0.00/7.96k [00:00\u003c?, ?B/s]\rhigh_school_physics/validation-00000-of-(…): 100%|█| 7.96k/7.96k [00:00\u003c00:00, \r\n"}
,{"stream_name":"stdout","time":269.402051127,"data":"\rhigh_school_physics/dev-00000-of-00001.p(…):   0%| | 0.00/4.57k [00:00\u003c?, ?B/s]\rhigh_school_physics/dev-00000-of-00001.p(…): 100%|█| 4.57k/4.57k [00:00\u003c00:00, \r\n"}
,{"stream_name":"stdout","time":269.402088385,"data":"\rGenerating test split:   0%|                    | 0/151 [00:00\u003c?, ? examples/s]\rGenerating test split: 100%|███████| 151/151 [00:00\u003c00:00, 48542.95 examples/s]\r\n"}
,{"stream_name":"stdout","time":269.402094444,"data":"\rGenerating validation split:   0%|               | 0/17 [00:00\u003c?, ? examples/s]\rGenerating validation split: 100%|████| 17/17 [00:00\u003c00:00, 7697.63 examples/s]\r\n"}
,{"stream_name":"stdout","time":269.402099368,"data":"\rGenerating dev split:   0%|                       | 0/5 [00:00\u003c?, ? examples/s]\rGenerating dev split: 100%|█████████████| 5/5 [00:00\u003c00:00, 2804.80 examples/s]\r\n"}
,{"stream_name":"stdout","time":269.402104437,"data":"2026-09-24:03:59:19,088 INFO     [datasets_wrapper.py:500] Non-HF cache (for datasets) case: NonHfCacheCase.NOT_USED_BC_CACHE_UNAVAILABLE\r\n"}
,{"stream_name":"stdout","time":269.402108557,"data":"\rMap:   0%|                                       | 0/17 [00:00\u003c?, ? examples/s]\rMap: 100%|████████████████████████████| 17/17 [00:00\u003c00:00, 2905.94 examples/s]\r\n"}
,{"stream_name":"stdout","time":269.402114103,"data":"[task] mmlu_high_school_physics:rc::olmes split=validation shots=5: 17 docs\r\n"}
,{"stream_name":"stdout","time":270.211802676,"data":"\rhigh_school_psychology/test-00000-of-000(…):   0%| | 0.00/92.8k [00:00\u003c?, ?B/s]\rhigh_school_psychology/test-00000-of-000(…): 100%|█| 92.8k/92.8k [00:00\u003c00:00, \r\n"}
,{"stream_name":"stdout","time":270.414329098,"data":"\rhigh_school_psychology/validation-00000-(…):   0%| | 0.00/15.2k [00:00\u003c?, ?B/s]\rhigh_school_psychology/validation-00000-(…): 100%|█| 15.2k/15.2k [00:00\u003c00:00, \r\n"}
,{"stream_name":"stdout","time":270.667983777,"data":"\rhigh_school_psychology/dev-00000-of-0000(…):   0%| | 0.00/5.18k [00:00\u003c?, ?B/s]\rhigh_school_psychology/dev-00000-of-0000(…): 100%|█| 5.18k/5.18k [00:00\u003c00:00, \r\n"}
,{"stream_name":"stdout","time":270.668009388,"data":"\rGenerating test split:   0%|                    | 0/545 [00:00\u003c?, ? examples/s]\rGenerating test split: 100%|██████| 545/545 [00:00\u003c00:00, 174562.48 examples/s]\r\n"}
,{"stream_name":"stdout","time":270.66802009,"data":"\rGenerating validation split:   0%|               | 0/60 [00:00\u003c?, ? examples/s]\rGenerating validation split: 100%|███| 60/60 [00:00\u003c00:00, 27903.12 examples/s]\r\n"}
,{"stream_name":"stdout","time":270.668023142,"data":"\rGenerating dev split:   0%|                       | 0/5 [00:00\u003c?, ? examples/s]\rGenerating dev split: 100%|█████████████| 5/5 [00:00\u003c00:00, 2767.79 examples/s]\r\n"}
,{"stream_name":"stdout","time":270.668026002,"data":"2026-09-24:03:59:20,362 INFO     [datasets_wrapper.py:500] Non-HF cache (for datasets) case: NonHfCacheCase.NOT_USED_BC_CACHE_UNAVAILABLE\r\n"}
,{"stream_name":"stdout","time":270.668028595,"data":"\rMap:   0%|                                       | 0/60 [00:00\u003c?, ? examples/s]\rMap: 100%|████████████████████████████| 60/60 [00:00\u003c00:00, 7762.20 examples/s]\r\n"}
,{"stream_name":"stdout","time":270.668053637,"data":"[task] mmlu_high_school_psychology:rc::olmes split=validation shots=5: 60 docs\r\n"}
,{"stream_name":"stdout","time":271.529884334,"data":"\rhigh_school_statistics/test-00000-of-000(…):   0%| | 0.00/58.0k [00:00\u003c?, ?B/s]\rhigh_school_statistics/test-00000-of-000(…): 100%|█| 58.0k/58.0k [00:00\u003c00:00, \r\n"}
,{"stream_name":"stdout","time":271.936471273,"data":"\rhigh_school_statistics/validation-00000-(…):   0%| | 0.00/10.9k [00:00\u003c?, ?B/s]\rhigh_school_statistics/validation-00000-(…): 100%|█| 10.9k/10.9k [00:00\u003c00:00, \rhigh_school_statistics/validation-00000-(…): 100%|█| 10.9k/10.9k [00:00\u003c00:00, \r\n"}
,{"stream_name":"stdout","time":272.343103808,"data":"\rhigh_school_statistics/dev-00000-of-0000(…):   0%| | 0.00/6.07k [00:00\u003c?, ?B/s]\rhigh_school_statistics/dev-00000-of-0000(…): 100%|█| 6.07k/6.07k [00:00\u003c00:00, \rhigh_school_statistics/dev-00000-of-0000(…): 100%|█| 6.07k/6.07k [00:00\u003c00:00, \r\n"}
,{"stream_name":"stdout","time":272.343144257,"data":"\rGenerating test split:   0%|                    | 0/216 [00:00\u003c?, ? examples/s]\rGenerating test split: 100%|███████| 216/216 [00:00\u003c00:00, 66187.15 examples/s]\r\n"}
,{"stream_name":"stdout","time":272.34315019,"data":"\rGenerating validation split:   0%|               | 0/23 [00:00\u003c?, ? examples/s]\rGenerating validation split: 100%|████| 23/23 [00:00\u003c00:00, 7808.09 examples/s]\r\n"}
,{"stream_name":"stdout","time":272.343154977,"data":"\rGenerating dev split:   0%|                       | 0/5 [00:00\u003c?, ? examples/s]\rGenerating dev split: 100%|█████████████| 5/5 [00:00\u003c00:00, 1883.39 examples/s]\r\n"}
,{"stream_name":"stdout","time":272.343159802,"data":"2026-09-24:03:59:22,052 INFO     [datasets_wrapper.py:500] Non-HF cache (for datasets) case: NonHfCacheCase.NOT_USED_BC_CACHE_UNAVAILABLE\r\n"}
,{"stream_name":"stdout","time":272.393945722,"data":"\rMap:   0%|                                       | 0/23 [00:00\u003c?, ? examples/s]\rMap: 100%|████████████████████████████| 23/23 [00:00\u003c00:00, 3117.84 examples/s]\r\n"}
,{"stream_name":"stdout","time":272.39398192,"data":"[task] mmlu_high_school_statistics:rc::olmes split=validation shots=5: 23 docs\r\n"}
,{"stream_name":"stdout","time":273.153527958,"data":"\rhigh_school_us_history/test-00000-of-000(…):   0%|  | 0.00/155k [00:00\u003c?, ?B/s]\rhigh_school_us_history/test-00000-of-000(…): 100%|█| 155k/155k [00:00\u003c00:00, 1.\r\n"}
,{"stream_name":"stdout","time":273.306323037,"data":"\rhigh_school_us_history/validation-00000-(…):   0%| | 0.00/27.3k [00:00\u003c?, ?B/s]\rhigh_school_us_history/validation-00000-(…): 100%|█| 27.3k/27.3k [00:00\u003c00:00, \r\n"}
,{"stream_name":"stdout","time":273.510222434,"data":"\rhigh_school_us_history/dev-00000-of-0000(…):   0%| | 0.00/17.8k [00:00\u003c?, ?B/s]\rhigh_school_us_history/dev-00000-of-0000(…): 100%|█| 17.8k/17.8k [00:00\u003c00:00, \r\n"}
,{"stream_name":"stdout","time":273.510269291,"data":"\rGenerating test split:   0%|                    | 0/204 [00:00\u003c?, ? examples/s]\rGenerating test split: 100%|███████| 204/204 [00:00\u003c00:00, 51904.03 examples/s]\r\n"}
,{"stream_name":"stdout","time":273.510274891,"data":"\rGenerating validation split:   0%|               | 0/22 [00:00\u003c?, ? examples/s]\rGenerating validation split: 100%|████| 22/22 [00:00\u003c00:00, 9754.20 examples/s]\r\n"}
,{"stream_name":"stdout","time":273.561046003,"data":"\rGenerating dev split:   0%|                       | 0/5 [00:00\u003c?, ? examples/s]\rGenerating dev split: 100%|█████████████| 5/5 [00:00\u003c00:00, 1943.97 examples/s]\r\n"}
,{"stream_name":"stdout","time":273.561095071,"data":"2026-09-24:03:59:23,234 INFO     [datasets_wrapper.py:500] Non-HF cache (for datasets) case: NonHfCacheCase.NOT_USED_BC_CACHE_UNAVAILABLE\r\n"}
,{"stream_name":"stdout","time":273.561099469,"data":"\rMap:   0%|                                       | 0/22 [00:00\u003c?, ? examples/s]\rMap: 100%|████████████████████████████| 22/22 [00:00\u003c00:00, 3436.55 examples/s]\r\n"}
,{"stream_name":"stdout","time":273.561102649,"data":"[task] mmlu_high_school_us_history:rc::olmes split=validation shots=5: 22 docs\r\n"}
,{"stream_name":"stdout","time":274.319803694,"data":"\rhigh_school_world_history/test-00000-of-(…):   0%|  | 0.00/202k [00:00\u003c?, ?B/s]\rhigh_school_world_history/test-00000-of-(…): 100%|█| 202k/202k [00:00\u003c00:00, 2.\r\n"}
,{"stream_name":"stdout","time":274.522745175,"data":"\rhigh_school_world_history/validation-000(…):   0%| | 0.00/38.5k [00:00\u003c?, ?B/s]\rhigh_school_world_history/validation-000(…): 100%|█| 38.5k/38.5k [00:00\u003c00:00, \r\n"}
,{"stream_name":"stdout","time":274.725459843,"data":"\rhigh_school_world_history/dev-00000-of-0(…):   0%| | 0.00/10.2k [00:00\u003c?, ?B/s]\rhigh_school_world_history/dev-00000-of-0(…): 100%|█| 10.2k/10.2k [00:00\u003c00:00, \r\n"}
,{"stream_name":"stdout","time":274.725488938,"data":"\rGenerating test split:   0%|                    | 0/237 [00:00\u003c?, ? examples/s]\rGenerating test split: 100%|███████| 237/237 [00:00\u003c00:00, 64843.45 examples/s]\r\n"}
,{"stream_name":"stdout","time":274.725494965,"data":"\rGenerating validation split:   0%|               | 0/26 [00:00\u003c?, ? examples/s]\rGenerating validation split: 100%|███| 26/26 [00:00\u003c00:00, 11084.76 examples/s]\r\n"}
,{"stream_name":"stdout","time":274.725499884,"data":"\rGenerating dev split:   0%|                       | 0/5 [00:00\u003c?, ? examples/s]\rGenerating dev split: 100%|█████████████| 5/5 [00:00\u003c00:00, 2528.52 examples/s]\r\n"}
,{"stream_name":"stdout","time":274.725504752,"data":"2026-09-24:03:59:24,430 INFO     [datasets_wrapper.py:500] Non-HF cache (for datasets) case: NonHfCacheCase.NOT_USED_BC_CACHE_UNAVAILABLE\r\n"}
,{"stream_name":"stdout","time":274.776300743,"data":"\rMap:   0%|                                       | 0/26 [00:00\u003c?, ? examples/s]\rMap: 100%|████████████████████████████| 26/26 [00:00\u003c00:00, 3245.88 examples/s]\r\n"}
,{"stream_name":"stdout","time":274.776336676,"data":"[task] mmlu_high_school_world_history:rc::olmes split=validation shots=5: 26 docs\r\n"}
,{"stream_name":"stdout","time":275.535098255,"data":"\rhuman_aging/test-00000-of-00001.parquet:   0%|     | 0.00/31.2k [00:00\u003c?, ?B/s]\rhuman_aging/test-00000-of-00001.parquet: 100%|█| 31.2k/31.2k [00:00\u003c00:00, 360k\r\n"}
,{"stream_name":"stdout","time":275.738310665,"data":"\rhuman_aging/validation-00000-of-00001.pa(…):   0%| | 0.00/6.28k [00:00\u003c?, ?B/s]\rhuman_aging/validation-00000-of-00001.pa(…): 100%|█| 6.28k/6.28k [00:00\u003c00:00, \r\n"}
,{"stream_name":"stdout","time":275.941114632,"data":"\rhuman_aging/dev-00000-of-00001.parquet:   0%|      | 0.00/3.67k [00:00\u003c?, ?B/s]\rhuman_aging/dev-00000-of-00001.parquet: 100%|█| 3.67k/3.67k [00:00\u003c00:00, 51.6k\r\n"}
,{"stream_name":"stdout","time":275.941148502,"data":"\rGenerating test split:   0%|                    | 0/223 [00:00\u003c?, ? examples/s]\rGenerating test split: 100%|███████| 223/223 [00:00\u003c00:00, 71062.89 examples/s]\r\n"}
,{"stream_name":"stdout","time":275.94115864,"data":"\rGenerating validation split:   0%|               | 0/23 [00:00\u003c?, ? examples/s]\rGenerating validation split: 100%|████| 23/23 [00:00\u003c00:00, 9215.61 examples/s]\r\n"}
,{"stream_name":"stdout","time":275.941188238,"data":"\rGenerating dev split:   0%|                       | 0/5 [00:00\u003c?, ? examples/s]\rGenerating dev split: 100%|█████████████| 5/5 [00:00\u003c00:00, 2544.16 examples/s]\r\n"}
,{"stream_name":"stdout","time":275.941196613,"data":"2026-09-24:03:59:25,642 INFO     [datasets_wrapper.py:500] Non-HF cache (for datasets) case: NonHfCacheCase.NOT_USED_BC_CACHE_UNAVAILABLE\r\n"}
,{"stream_name":"stdout","time":275.941199414,"data":"\rMap:   0%|                                       | 0/23 [00:00\u003c?, ? examples/s]\rMap: 100%|████████████████████████████| 23/23 [00:00\u003c00:00, 4024.40 examples/s]\r\n"}
,{"stream_name":"stdout","time":275.941202574,"data":"[task] mmlu_human_aging:rc::olmes split=validation shots=5: 23 docs\r\n"}
,{"stream_name":"stdout","time":276.703195383,"data":"\rhuman_sexuality/test-00000-of-00001.parq(…):   0%| | 0.00/23.2k [00:00\u003c?, ?B/s]\rhuman_sexuality/test-00000-of-00001.parq(…): 100%|█| 23.2k/23.2k [00:00\u003c00:00, \r\n"}
,{"stream_name":"stdout","time":276.906082875,"data":"\rhuman_sexuality/validation-00000-of-0000(…):   0%| | 0.00/5.26k [00:00\u003c?, ?B/s]\rhuman_sexuality/validation-00000-of-0000(…): 100%|█| 5.26k/5.26k [00:00\u003c00:00, \r\n"}
,{"stream_name":"stdout","time":277.160112209,"data":"\rhuman_sexuality/dev-00000-of-00001.parqu(…):   0%| | 0.00/4.08k [00:00\u003c?, ?B/s]\rhuman_sexuality/dev-00000-of-00001.parqu(…): 100%|█| 4.08k/4.08k [00:00\u003c00:00, \r\n"}
,{"stream_name":"stdout","time":277.160147001,"data":"\rGenerating test split:   0%|                    | 0/131 [00:00\u003c?, ? examples/s]\rGenerating test split: 100%|███████| 131/131 [00:00\u003c00:00, 46909.74 examples/s]\r\n"}
,{"stream_name":"stdout","time":277.160160584,"data":"\rGenerating validation split:   0%|               | 0/12 [00:00\u003c?, ? examples/s]\rGenerating validation split: 100%|████| 12/12 [00:00\u003c00:00, 5175.49 examples/s]\r\n"}
,{"stream_name":"stdout","time":277.160163991,"data":"\rGenerating dev split:   0%|                       | 0/5 [00:00\u003c?, ? examples/s]\rGenerating dev split: 100%|█████████████| 5/5 [00:00\u003c00:00, 2258.40 examples/s]\r\n"}
,{"stream_name":"stdout","time":277.160167388,"data":"2026-09-24:03:59:26,847 INFO     [datasets_wrapper.py:500] Non-HF cache (for datasets) case: NonHfCacheCase.NOT_USED_BC_CACHE_UNAVAILABLE\r\n"}
,{"stream_name":"stdout","time":277.16017095,"data":"\rMap:   0%|                                       | 0/12 [00:00\u003c?, ? examples/s]\rMap: 100%|████████████████████████████| 12/12 [00:00\u003c00:00, 2015.44 examples/s]\r\n"}
,{"stream_name":"stdout","time":277.160174271,"data":"[task] mmlu_human_sexuality:rc::olmes split=validation shots=5: 12 docs\r\n"}
,{"stream_name":"stdout","time":277.91925668,"data":"\rinternational_law/test-00000-of-00001.pa(…):   0%| | 0.00/29.5k [00:00\u003c?, ?B/s]\rinternational_law/test-00000-of-00001.pa(…): 100%|█| 29.5k/29.5k [00:00\u003c00:00, \r\n"}
,{"stream_name":"stdout","time":278.122250083,"data":"\rinternational_law/validation-00000-of-00(…):   0%| | 0.00/7.12k [00:00\u003c?, ?B/s]\rinternational_law/validation-00000-of-00(…): 100%|█| 7.12k/7.12k [00:00\u003c00:00, \r\n"}
,{"stream_name":"stdout","time":278.324774855,"data":"\rinternational_law/dev-00000-of-00001.par(…):   0%| | 0.00/4.96k [00:00\u003c?, ?B/s]\rinternational_law/dev-00000-of-00001.par(…): 100%|█| 4.96k/4.96k [00:00\u003c00:00, \r\n"}
,{"stream_name":"stdout","time":278.324816275,"data":"\rGenerating test split:   0%|                    | 0/121 [00:00\u003c?, ? examples/s]\rGenerating test split: 100%|███████| 121/121 [00:00\u003c00:00, 41174.00 examples/s]\r\n"}
,{"stream_name":"stdout","time":278.324827995,"data":"\rGenerating validation split:   0%|               | 0/13 [00:00\u003c?, ? examples/s]\rGenerating validation split: 100%|████| 13/13 [00:00\u003c00:00, 6201.77 examples/s]\r\n"}
,{"stream_name":"stdout","time":278.324831514,"data":"\rGenerating dev split:   0%|                       | 0/5 [00:00\u003c?, ? examples/s]\rGenerating dev split: 100%|█████████████| 5/5 [00:00\u003c00:00, 2226.51 examples/s]\r\n"}
,{"stream_name":"stdout","time":278.32483429,"data":"2026-09-24:03:59:28,023 INFO     [datasets_wrapper.py:500] Non-HF cache (for datasets) case: NonHfCacheCase.NOT_USED_BC_CACHE_UNAVAILABLE\r\n"}
,{"stream_name":"stdout","time":278.324836955,"data":"\rMap:   0%|                                       | 0/13 [00:00\u003c?, ? examples/s]\rMap: 100%|████████████████████████████| 13/13 [00:00\u003c00:00, 2318.28 examples/s]\r\n"}
,{"stream_name":"stdout","time":278.324839852,"data":"[task] mmlu_international_law:rc::olmes split=validation shots=5: 13 docs\r\n"}
,{"stream_name":"stdout","time":279.083387957,"data":"\rjurisprudence/test-00000-of-00001.parque(…):   0%| | 0.00/23.3k [00:00\u003c?, ?B/s]\rjurisprudence/test-00000-of-00001.parque(…): 100%|█| 23.3k/23.3k [00:00\u003c00:00, \r\n"}
,{"stream_name":"stdout","time":279.286068741,"data":"\rjurisprudence/validation-00000-of-00001.(…):   0%| | 0.00/6.21k [00:00\u003c?, ?B/s]\rjurisprudence/validation-00000-of-00001.(…): 100%|█| 6.21k/6.21k [00:00\u003c00:00, \r\n"}
,{"stream_name":"stdout","time":279.488594629,"data":"\rjurisprudence/dev-00000-of-00001.parquet:   0%|    | 0.00/4.05k [00:00\u003c?, ?B/s]\rjurisprudence/dev-00000-of-00001.parquet: 100%|█| 4.05k/4.05k [00:00\u003c00:00, 53.\r\n"}
,{"stream_name":"stdout","time":279.488621368,"data":"\rGenerating test split:   0%|                    | 0/108 [00:00\u003c?, ? examples/s]\rGenerating test split: 100%|███████| 108/108 [00:00\u003c00:00, 37874.99 examples/s]\r\n"}
,{"stream_name":"stdout","time":279.488626985,"data":"\rGenerating validation split:   0%|               | 0/11 [00:00\u003c?, ? examples/s]\rGenerating validation split: 100%|████| 11/11 [00:00\u003c00:00, 5196.23 examples/s]\r\n"}
,{"stream_name":"stdout","time":279.539381606,"data":"\rGenerating dev split:   0%|                       | 0/5 [00:00\u003c?, ? examples/s]\rGenerating dev split: 100%|█████████████| 5/5 [00:00\u003c00:00, 2259.62 examples/s]\r\n"}
,{"stream_name":"stdout","time":279.539412261,"data":"2026-09-24:03:59:29,212 INFO     [datasets_wrapper.py:500] Non-HF cache (for datasets) case: NonHfCacheCase.NOT_USED_BC_CACHE_UNAVAILABLE\r\n"}
,{"stream_name":"stdout","time":279.539417116,"data":"\rMap:   0%|                                       | 0/11 [00:00\u003c?, ? examples/s]\rMap: 100%|████████████████████████████| 11/11 [00:00\u003c00:00, 2020.20 examples/s]\r\n"}
,{"stream_name":"stdout","time":279.539426219,"data":"[task] mmlu_jurisprudence:rc::olmes split=validation shots=5: 11 docs\r\n"}
,{"stream_name":"stdout","time":280.298005796,"data":"\rlogical_fallacies/test-00000-of-00001.pa(…):   0%| | 0.00/23.0k [00:00\u003c?, ?B/s]\rlogical_fallacies/test-00000-of-00001.pa(…): 100%|█| 23.0k/23.0k [00:00\u003c00:00, \r\n"}
,{"stream_name":"stdout","time":280.5014545,"data":"\rlogical_fallacies/validation-00000-of-00(…):   0%| | 0.00/6.52k [00:00\u003c?, ?B/s]\rlogical_fallacies/validation-00000-of-00(…): 100%|█| 6.52k/6.52k [00:00\u003c00:00, \r\n"}
,{"stream_name":"stdout","time":280.705452875,"data":"\rlogical_fallacies/dev-00000-of-00001.par(…):   0%| | 0.00/4.12k [00:00\u003c?, ?B/s]\rlogical_fallacies/dev-00000-of-00001.par(…): 100%|█| 4.12k/4.12k [00:00\u003c00:00, \r\n"}
,{"stream_name":"stdout","time":280.705482415,"data":"\rGenerating test split:   0%|                    | 0/163 [00:00\u003c?, ? examples/s]\rGenerating test split: 100%|███████| 163/163 [00:00\u003c00:00, 39741.41 examples/s]\r\n"}
,{"stream_name":"stdout","time":280.705487817,"data":"\rGenerating validation split:   0%|               | 0/18 [00:00\u003c?, ? examples/s]\rGenerating validation split: 100%|████| 18/18 [00:00\u003c00:00, 6158.53 examples/s]\r\n"}
,{"stream_name":"stdout","time":280.705492615,"data":"\rGenerating dev split:   0%|                       | 0/5 [00:00\u003c?, ? examples/s]\rGenerating dev split: 100%|█████████████| 5/5 [00:00\u003c00:00, 1489.56 examples/s]\r\n"}
,{"stream_name":"stdout","time":280.705497061,"data":"2026-09-24:03:59:30,405 INFO     [datasets_wrapper.py:500] Non-HF cache (for datasets) case: NonHfCacheCase.NOT_USED_BC_CACHE_UNAVAILABLE\r\n"}
,{"stream_name":"stdout","time":280.705501127,"data":"\rMap:   0%|                                       | 0/18 [00:00\u003c?, ? examples/s]\rMap: 100%|████████████████████████████| 18/18 [00:00\u003c00:00, 2969.54 examples/s]\r\n"}
,{"stream_name":"stdout","time":280.705505594,"data":"[task] mmlu_logical_fallacies:rc::olmes split=validation shots=5: 18 docs\r\n"}
,{"stream_name":"stdout","time":281.51762885,"data":"\rmachine_learning/test-00000-of-00001.par(…):   0%| | 0.00/19.7k [00:00\u003c?, ?B/s]\rmachine_learning/test-00000-of-00001.par(…): 100%|█| 19.7k/19.7k [00:00\u003c00:00, \r\n"}
,{"stream_name":"stdout","time":281.720203773,"data":"\rmachine_learning/validation-00000-of-000(…):   0%| | 0.00/6.17k [00:00\u003c?, ?B/s]\rmachine_learning/validation-00000-of-000(…): 100%|█| 6.17k/6.17k [00:00\u003c00:00, \r\n"}
,{"stream_name":"stdout","time":281.923462318,"data":"\rmachine_learning/dev-00000-of-00001.parq(…):   0%| | 0.00/5.25k [00:00\u003c?, ?B/s]\rmachine_learning/dev-00000-of-00001.parq(…): 100%|█| 5.25k/5.25k [00:00\u003c00:00, \r\n"}
,{"stream_name":"stdout","time":281.923490483,"data":"\rGenerating test split:   0%|                    | 0/112 [00:00\u003c?, ? examples/s]\rGenerating test split: 100%|███████| 112/112 [00:00\u003c00:00, 41171.08 examples/s]\r\n"}
,{"stream_name":"stdout","time":281.923496462,"data":"\rGenerating validation split:   0%|               | 0/11 [00:00\u003c?, ? examples/s]\rGenerating validation split: 100%|████| 11/11 [00:00\u003c00:00, 4938.17 examples/s]\r\n"}
,{"stream_name":"stdout","time":281.923502023,"data":"\rGenerating dev split:   0%|                       | 0/5 [00:00\u003c?, ? examples/s]\rGenerating dev split: 100%|█████████████| 5/5 [00:00\u003c00:00, 2404.72 examples/s]\r\n"}
,{"stream_name":"stdout","time":281.923507402,"data":"2026-09-24:03:59:31,625 INFO     [datasets_wrapper.py:500] Non-HF cache (for datasets) case: NonHfCacheCase.NOT_USED_BC_CACHE_UNAVAILABLE\r\n"}
,{"stream_name":"stdout","time":281.923511703,"data":"\rMap:   0%|                                       | 0/11 [00:00\u003c?, ? examples/s]\rMap: 100%|████████████████████████████| 11/11 [00:00\u003c00:00, 1955.06 examples/s]\r\n"}
,{"stream_name":"stdout","time":281.973890311,"data":"[task] mmlu_machine_learning:rc::olmes split=validation shots=5: 11 docs\r\n"}
,{"stream_name":"stdout","time":282.683414704,"data":"\rmanagement/test-00000-of-00001.parquet:   0%|      | 0.00/14.7k [00:00\u003c?, ?B/s]\rmanagement/test-00000-of-00001.parquet: 100%|█| 14.7k/14.7k [00:00\u003c00:00, 180kB\r\n"}
,{"stream_name":"stdout","time":282.886595345,"data":"\rmanagement/validation-00000-of-00001.par(…):   0%| | 0.00/4.50k [00:00\u003c?, ?B/s]\rmanagement/validation-00000-of-00001.par(…): 100%|█| 4.50k/4.50k [00:00\u003c00:00, \r\n"}
,{"stream_name":"stdout","time":283.089351319,"data":"\rmanagement/dev-00000-of-00001.parquet:   0%|       | 0.00/3.61k [00:00\u003c?, ?B/s]\rmanagement/dev-00000-of-00001.parquet: 100%|█| 3.61k/3.61k [00:00\u003c00:00, 45.1kB\r\n"}
,{"stream_name":"stdout","time":283.089397913,"data":"\rGenerating test split:   0%|                    | 0/103 [00:00\u003c?, ? examples/s]\rGenerating test split: 100%|███████| 103/103 [00:00\u003c00:00, 39399.30 examples/s]\r\n"}
,{"stream_name":"stdout","time":283.089405324,"data":"\rGenerating validation split:   0%|               | 0/11 [00:00\u003c?, ? examples/s]\rGenerating validation split: 100%|████| 11/11 [00:00\u003c00:00, 5078.41 examples/s]\r\n"}
,{"stream_name":"stdout","time":283.08940969,"data":"\rGenerating dev split:   0%|                       | 0/5 [00:00\u003c?, ? examples/s]\rGenerating dev split: 100%|█████████████| 5/5 [00:00\u003c00:00, 2322.68 examples/s]\r\n"}
,{"stream_name":"stdout","time":283.089414646,"data":"2026-09-24:03:59:32,798 INFO     [datasets_wrapper.py:500] Non-HF cache (for datasets) case: NonHfCacheCase.NOT_USED_BC_CACHE_UNAVAILABLE\r\n"}
,{"stream_name":"stdout","time":283.141443025,"data":"\rMap:   0%|                                       | 0/11 [00:00\u003c?, ? examples/s]\rMap: 100%|████████████████████████████| 11/11 [00:00\u003c00:00, 1711.77 examples/s]\r\n"}
,{"stream_name":"stdout","time":283.141485036,"data":"[task] mmlu_management:rc::olmes split=validation shots=5: 11 docs\r\n"}
,{"stream_name":"stdout","time":284.002838454,"data":"\rmarketing/test-00000-of-00001.parquet:   0%|       | 0.00/37.3k [00:00\u003c?, ?B/s]\rmarketing/test-00000-of-00001.parquet: 100%|█| 37.3k/37.3k [00:00\u003c00:00, 177kB/\rmarketing/test-00000-of-00001.parquet: 100%|█| 37.3k/37.3k [00:00\u003c00:00, 177kB/\r\n"}
,{"stream_name":"stdout","time":284.205453281,"data":"\rmarketing/validation-00000-of-00001.parq(…):   0%| | 0.00/8.21k [00:00\u003c?, ?B/s]\rmarketing/validation-00000-of-00001.parq(…): 100%|█| 8.21k/8.21k [00:00\u003c00:00, \r\n"}
,{"stream_name":"stdout","time":284.40877002,"data":"\rmarketing/dev-00000-of-00001.parquet:   0%|        | 0.00/4.28k [00:00\u003c?, ?B/s]\rmarketing/dev-00000-of-00001.parquet: 100%|█| 4.28k/4.28k [00:00\u003c00:00, 50.4kB/\r\n"}
,{"stream_name":"stdout","time":284.408803524,"data":"\rGenerating test split:   0%|                    | 0/234 [00:00\u003c?, ? examples/s]\rGenerating test split: 100%|███████| 234/234 [00:00\u003c00:00, 77598.60 examples/s]\r\n"}
,{"stream_name":"stdout","time":284.408807799,"data":"\rGenerating validation split:   0%|               | 0/25 [00:00\u003c?, ? examples/s]\rGenerating validation split: 100%|███| 25/25 [00:00\u003c00:00, 10360.40 examples/s]\r\n"}
,{"stream_name":"stdout","time":284.408811056,"data":"\rGenerating dev split:   0%|                       | 0/5 [00:00\u003c?, ? examples/s]\rGenerating dev split: 100%|█████████████| 5/5 [00:00\u003c00:00, 2043.01 examples/s]\r\n"}
,{"stream_name":"stdout","time":284.408814238,"data":"2026-09-24:03:59:34,121 INFO     [datasets_wrapper.py:500] Non-HF cache (for datasets) case: NonHfCacheCase.NOT_USED_BC_CACHE_UNAVAILABLE\r\n"}
,{"stream_name":"stdout","time":284.459168901,"data":"\rMap:   0%|                                       | 0/25 [00:00\u003c?, ? examples/s]\rMap: 100%|████████████████████████████| 25/25 [00:00\u003c00:00, 3620.02 examples/s]\r\n"}
,{"stream_name":"stdout","time":284.45921391,"data":"[task] mmlu_marketing:rc::olmes split=validation shots=5: 25 docs\r\n"}
,{"stream_name":"stdout","time":285.371831042,"data":"\rmedical_genetics/test-00000-of-00001.par(…):   0%| | 0.00/16.4k [00:00\u003c?, ?B/s]\rmedical_genetics/test-00000-of-00001.par(…): 100%|█| 16.4k/16.4k [00:00\u003c00:00, \r\n"}
,{"stream_name":"stdout","time":285.575031003,"data":"\rmedical_genetics/validation-00000-of-000(…):   0%| | 0.00/5.63k [00:00\u003c?, ?B/s]\rmedical_genetics/validation-00000-of-000(…): 100%|█| 5.63k/5.63k [00:00\u003c00:00, \r\n"}
,{"stream_name":"stdout","time":285.778080776,"data":"\rmedical_genetics/dev-00000-of-00001.parq(…):   0%| | 0.00/3.77k [00:00\u003c?, ?B/s]\rmedical_genetics/dev-00000-of-00001.parq(…): 100%|█| 3.77k/3.77k [00:00\u003c00:00, \r\n"}
,{"stream_name":"stdout","time":285.778108384,"data":"\rGenerating test split:   0%|                    | 0/100 [00:00\u003c?, ? examples/s]\rGenerating test split: 100%|███████| 100/100 [00:00\u003c00:00, 34309.24 examples/s]\r\n"}
,{"stream_name":"stdout","time":285.778115528,"data":"\rGenerating validation split:   0%|               | 0/11 [00:00\u003c?, ? examples/s]\rGenerating validation split: 100%|████| 11/11 [00:00\u003c00:00, 4885.88 examples/s]\r\n"}
,{"stream_name":"stdout","time":285.77812361,"data":"\rGenerating dev split:   0%|                       | 0/5 [00:00\u003c?, ? examples/s]\rGenerating dev split: 100%|█████████████| 5/5 [00:00\u003c00:00, 2437.98 examples/s]\r\n"}
,{"stream_name":"stdout","time":285.778128503,"data":"2026-09-24:03:59:35,487 INFO     [datasets_wrapper.py:500] Non-HF cache (for datasets) case: NonHfCacheCase.NOT_USED_BC_CACHE_UNAVAILABLE\r\n"}
,{"stream_name":"stdout","time":285.828795134,"data":"\rMap:   0%|                                       | 0/11 [00:00\u003c?, ? examples/s]\rMap: 100%|████████████████████████████| 11/11 [00:00\u003c00:00, 1755.94 examples/s]\r\n"}
,{"stream_name":"stdout","time":285.82882619,"data":"[task] mmlu_medical_genetics:rc::olmes split=validation shots=5: 11 docs\r\n"}
,{"stream_name":"stdout","time":286.536843059,"data":"\rmiscellaneous/test-00000-of-00001.parque(…):   0%| | 0.00/98.6k [00:00\u003c?, ?B/s]\rmiscellaneous/test-00000-of-00001.parque(…): 100%|█| 98.6k/98.6k [00:00\u003c00:00, \r\n"}
,{"stream_name":"stdout","time":286.739894345,"data":"\rmiscellaneous/validation-00000-of-00001.(…):   0%| | 0.00/13.2k [00:00\u003c?, ?B/s]\rmiscellaneous/validation-00000-of-00001.(…): 100%|█| 13.2k/13.2k [00:00\u003c00:00, \r\n"}
,{"stream_name":"stdout","time":286.942575558,"data":"\rmiscellaneous/dev-00000-of-00001.parquet:   0%|    | 0.00/3.37k [00:00\u003c?, ?B/s]\rmiscellaneous/dev-00000-of-00001.parquet: 100%|█| 3.37k/3.37k [00:00\u003c00:00, 45.\r\n"}
,{"stream_name":"stdout","time":286.94260187,"data":"\rGenerating test split:   0%|                    | 0/783 [00:00\u003c?, ? examples/s]\rGenerating test split: 100%|██████| 783/783 [00:00\u003c00:00, 251311.60 examples/s]\r\n"}
,{"stream_name":"stdout","time":286.942608456,"data":"\rGenerating validation split:   0%|               | 0/86 [00:00\u003c?, ? examples/s]\rGenerating validation split: 100%|███| 86/86 [00:00\u003c00:00, 39131.06 examples/s]\r\n"}
,{"stream_name":"stdout","time":286.942613807,"data":"\rGenerating dev split:   0%|                       | 0/5 [00:00\u003c?, ? examples/s]\rGenerating dev split: 100%|█████████████| 5/5 [00:00\u003c00:00, 2459.43 examples/s]\r\n"}
,{"stream_name":"stdout","time":286.942619397,"data":"2026-09-24:03:59:36,658 INFO     [datasets_wrapper.py:500] Non-HF cache (for datasets) case: NonHfCacheCase.NOT_USED_BC_CACHE_UNAVAILABLE\r\n"}
,{"stream_name":"stdout","time":286.993384833,"data":"\rMap:   0%|                                       | 0/86 [00:00\u003c?, ? examples/s]\rMap: 100%|████████████████████████████| 86/86 [00:00\u003c00:00, 9277.05 examples/s]\r\n"}
,{"stream_name":"stdout","time":286.993456225,"data":"[task] mmlu_miscellaneous:rc::olmes split=validation shots=5: 86 docs\r\n"}
,{"stream_name":"stdout","time":287.755231244,"data":"\rmoral_disputes/test-00000-of-00001.parqu(…):   0%| | 0.00/60.9k [00:00\u003c?, ?B/s]\rmoral_disputes/test-00000-of-00001.parqu(…): 100%|█| 60.9k/60.9k [00:00\u003c00:00, \r\n"}
,{"stream_name":"stdout","time":287.957972011,"data":"\rmoral_disputes/validation-00000-of-00001(…):   0%| | 0.00/10.7k [00:00\u003c?, ?B/s]\rmoral_disputes/validation-00000-of-00001(…): 100%|█| 10.7k/10.7k [00:00\u003c00:00, \r\n"}
,{"stream_name":"stdout","time":288.160173795,"data":"\rmoral_disputes/dev-00000-of-00001.parque(…):   0%| | 0.00/4.41k [00:00\u003c?, ?B/s]\rmoral_disputes/dev-00000-of-00001.parque(…): 100%|█| 4.41k/4.41k [00:00\u003c00:00, \r\n"}
,{"stream_name":"stdout","time":288.160215505,"data":"\rGenerating test split:   0%|                    | 0/346 [00:00\u003c?, ? examples/s]\rGenerating test split: 100%|██████| 346/346 [00:00\u003c00:00, 119491.90 examples/s]\r\n"}
,{"stream_name":"stdout","time":288.16022222,"data":"\rGenerating validation split:   0%|               | 0/38 [00:00\u003c?, ? examples/s]\rGenerating validation split: 100%|███| 38/38 [00:00\u003c00:00, 17617.28 examples/s]\r\n"}
,{"stream_name":"stdout","time":288.160227036,"data":"\rGenerating dev split:   0%|                       | 0/5 [00:00\u003c?, ? examples/s]\rGenerating dev split: 100%|█████████████| 5/5 [00:00\u003c00:00, 2345.02 examples/s]\r\n"}
,{"stream_name":"stdout","time":288.160233257,"data":"2026-09-24:03:59:37,856 INFO     [datasets_wrapper.py:500] Non-HF cache (for datasets) case: NonHfCacheCase.NOT_USED_BC_CACHE_UNAVAILABLE\r\n"}
,{"stream_name":"stdout","time":288.160237769,"data":"\rMap:   0%|                                       | 0/38 [00:00\u003c?, ? examples/s]\rMap: 100%|████████████████████████████| 38/38 [00:00\u003c00:00, 6324.74 examples/s]\r\n"}
,{"stream_name":"stdout","time":288.160242474,"data":"[task] mmlu_moral_disputes:rc::olmes split=validation shots=5: 38 docs\r\n"}
,{"stream_name":"stdout","time":289.428077583,"data":"\rmoral_scenarios/test-00000-of-00001.parq(…):   0%| | 0.00/89.8k [00:00\u003c?, ?B/s]\rmoral_scenarios/test-00000-of-00001.parq(…): 100%|█| 89.8k/89.8k [00:00\u003c00:00, \r\n"}
,{"stream_name":"stdout","time":289.632229197,"data":"\rmoral_scenarios/validation-00000-of-0000(…):   0%| | 0.00/14.9k [00:00\u003c?, ?B/s]\rmoral_scenarios/validation-00000-of-0000(…): 100%|█| 14.9k/14.9k [00:00\u003c00:00, \r\n"}
,{"stream_name":"stdout","time":289.836251509,"data":"\rmoral_scenarios/dev-00000-of-00001.parqu(…):   0%| | 0.00/5.14k [00:00\u003c?, ?B/s]\rmoral_scenarios/dev-00000-of-00001.parqu(…): 100%|█| 5.14k/5.14k [00:00\u003c00:00, \r\n"}
,{"stream_name":"stdout","time":289.836295594,"data":"\rGenerating test split:   0%|                    | 0/895 [00:00\u003c?, ? examples/s]\rGenerating test split: 100%|██████| 895/895 [00:00\u003c00:00, 221678.40 examples/s]\r\n"}
,{"stream_name":"stdout","time":289.836299897,"data":"\rGenerating validation split:   0%|              | 0/100 [00:00\u003c?, ? examples/s]\rGenerating validation split: 100%|█| 100/100 [00:00\u003c00:00, 36086.24 examples/s]\r\n"}
,{"stream_name":"stdout","time":289.836303146,"data":"\rGenerating dev split:   0%|                       | 0/5 [00:00\u003c?, ? examples/s]\rGenerating dev split: 100%|█████████████| 5/5 [00:00\u003c00:00, 1946.67 examples/s]\r\n"}
,{"stream_name":"stdout","time":289.836321008,"data":"2026-09-24:03:59:39,546 INFO     [datasets_wrapper.py:500] Non-HF cache (for datasets) case: NonHfCacheCase.NOT_USED_BC_CACHE_UNAVAILABLE\r\n"}
,{"stream_name":"stdout","time":289.888297493,"data":"\rMap:   0%|                                      | 0/100 [00:00\u003c?, ? examples/s]\rMap: 100%|██████████████████████████| 100/100 [00:00\u003c00:00, 8405.59 examples/s]\r\n"}
,{"stream_name":"stdout","time":289.888343201,"data":"[task] mmlu_moral_scenarios:rc::olmes split=validation shots=5: 100 docs\r\n"}
,{"stream_name":"stdout","time":290.699117844,"data":"\rnutrition/test-00000-of-00001.parquet:   0%|       | 0.00/55.0k [00:00\u003c?, ?B/s]\rnutrition/test-00000-of-00001.parquet: 100%|█| 55.0k/55.0k [00:00\u003c00:00, 674kB/\r\n"}
,{"stream_name":"stdout","time":290.902992718,"data":"\rnutrition/validation-00000-of-00001.parq(…):   0%| | 0.00/9.02k [00:00\u003c?, ?B/s]\rnutrition/validation-00000-of-00001.parq(…): 100%|█| 9.02k/9.02k [00:00\u003c00:00, \r\n"}
,{"stream_name":"stdout","time":291.10718592,"data":"\rnutrition/dev-00000-of-00001.parquet:   0%|        | 0.00/4.99k [00:00\u003c?, ?B/s]\rnutrition/dev-00000-of-00001.parquet: 100%|█| 4.99k/4.99k [00:00\u003c00:00, 58.3kB/\r\n"}
,{"stream_name":"stdout","time":291.107222243,"data":"\rGenerating test split:   0%|                    | 0/306 [00:00\u003c?, ? examples/s]\rGenerating test split: 100%|███████| 306/306 [00:00\u003c00:00, 98146.14 examples/s]\r\n"}
,{"stream_name":"stdout","time":291.107228917,"data":"\rGenerating validation split:   0%|               | 0/33 [00:00\u003c?, ? examples/s]\rGenerating validation split: 100%|███| 33/33 [00:00\u003c00:00, 14009.31 examples/s]\r\n"}
,{"stream_name":"stdout","time":291.107234308,"data":"\rGenerating dev split:   0%|                       | 0/5 [00:00\u003c?, ? examples/s]\rGenerating dev split: 100%|█████████████| 5/5 [00:00\u003c00:00, 2465.21 examples/s]\r\n"}
,{"stream_name":"stdout","time":291.157604476,"data":"2026-09-24:03:59:40,826 INFO     [datasets_wrapper.py:500] Non-HF cache (for datasets) case: NonHfCacheCase.NOT_USED_BC_CACHE_UNAVAILABLE\r\n"}
,{"stream_name":"stdout","time":291.157630205,"data":"\rMap:   0%|                                       | 0/33 [00:00\u003c?, ? examples/s]\rMap: 100%|████████████████████████████| 33/33 [00:00\u003c00:00, 4965.63 examples/s]\r\n"}
,{"stream_name":"stdout","time":291.157642571,"data":"[task] mmlu_nutrition:rc::olmes split=validation shots=5: 33 docs\r\n"}
,{"stream_name":"stdout","time":291.918804356,"data":"\rphilosophy/test-00000-of-00001.parquet:   0%|      | 0.00/48.6k [00:00\u003c?, ?B/s]\rphilosophy/test-00000-of-00001.parquet: 100%|█| 48.6k/48.6k [00:00\u003c00:00, 673kB\r\n"}
,{"stream_name":"stdout","time":292.172146453,"data":"\rphilosophy/validation-00000-of-00001.par(…):   0%| | 0.00/9.15k [00:00\u003c?, ?B/s]\rphilosophy/validation-00000-of-00001.par(…): 100%|█| 9.15k/9.15k [00:00\u003c00:00, \rphilosophy/validation-00000-of-00001.par(…): 100%|█| 9.15k/9.15k [00:00\u003c00:00, \r\n"}
,{"stream_name":"stdout","time":292.324113107,"data":"\rphilosophy/dev-00000-of-00001.parquet:   0%|       | 0.00/4.20k [00:00\u003c?, ?B/s]\rphilosophy/dev-00000-of-00001.parquet: 100%|█| 4.20k/4.20k [00:00\u003c00:00, 57.7kB\r\n"}
,{"stream_name":"stdout","time":292.374782092,"data":"\rGenerating test split:   0%|                    | 0/311 [00:00\u003c?, ? examples/s]\rGenerating test split: 100%|██████| 311/311 [00:00\u003c00:00, 106423.15 examples/s]\r\n"}
,{"stream_name":"stdout","time":292.374815705,"data":"\rGenerating validation split:   0%|               | 0/34 [00:00\u003c?, ? examples/s]\rGenerating validation split: 100%|███| 34/34 [00:00\u003c00:00, 15558.19 examples/s]\r\n"}
,{"stream_name":"stdout","time":292.374829381,"data":"\rGenerating dev split:   0%|                       | 0/5 [00:00\u003c?, ? examples/s]\rGenerating dev split: 100%|█████████████| 5/5 [00:00\u003c00:00, 2182.26 examples/s]\r\n"}
,{"stream_name":"stdout","time":292.374832662,"data":"2026-09-24:03:59:42,057 INFO     [datasets_wrapper.py:500] Non-HF cache (for datasets) case: NonHfCacheCase.NOT_USED_BC_CACHE_UNAVAILABLE\r\n"}
,{"stream_name":"stdout","time":292.374835914,"data":"\rMap:   0%|                                       | 0/34 [00:00\u003c?, ? examples/s]\rMap: 100%|████████████████████████████| 34/34 [00:00\u003c00:00, 5283.09 examples/s]\r\n"}
,{"stream_name":"stdout","time":292.374838783,"data":"[task] mmlu_philosophy:rc::olmes split=validation shots=5: 34 docs\r\n"}
,{"stream_name":"stdout","time":293.134544171,"data":"\rprehistory/test-00000-of-00001.parquet:   0%|      | 0.00/54.3k [00:00\u003c?, ?B/s]\rprehistory/test-00000-of-00001.parquet: 100%|█| 54.3k/54.3k [00:00\u003c00:00, 627kB\r\n"}
,{"stream_name":"stdout","time":293.337868961,"data":"\rprehistory/validation-00000-of-00001.par(…):   0%| | 0.00/9.89k [00:00\u003c?, ?B/s]\rprehistory/validation-00000-of-00001.par(…): 100%|█| 9.89k/9.89k [00:00\u003c00:00, \r\n"}
,{"stream_name":"stdout","time":293.541609543,"data":"\rprehistory/dev-00000-of-00001.parquet:   0%|       | 0.00/4.62k [00:00\u003c?, ?B/s]\rprehistory/dev-00000-of-00001.parquet: 100%|█| 4.62k/4.62k [00:00\u003c00:00, 47.7kB\r\n"}
,{"stream_name":"stdout","time":293.541641021,"data":"\rGenerating test split:   0%|                    | 0/324 [00:00\u003c?, ? examples/s]\rGenerating test split: 100%|██████| 324/324 [00:00\u003c00:00, 112580.11 examples/s]\r\n"}
,{"stream_name":"stdout","time":293.592459227,"data":"\rGenerating validation split:   0%|               | 0/35 [00:00\u003c?, ? examples/s]\rGenerating validation split: 100%|███| 35/35 [00:00\u003c00:00, 14962.86 examples/s]\r\n"}
,{"stream_name":"stdout","time":293.592489301,"data":"\rGenerating dev split:   0%|                       | 0/5 [00:00\u003c?, ? examples/s]\rGenerating dev split: 100%|█████████████| 5/5 [00:00\u003c00:00, 1655.34 examples/s]\r\n"}
,{"stream_name":"stdout","time":293.592495382,"data":"2026-09-24:03:59:43,267 INFO     [datasets_wrapper.py:500] Non-HF cache (for datasets) case: NonHfCacheCase.NOT_USED_BC_CACHE_UNAVAILABLE\r\n"}
,{"stream_name":"stdout","time":293.592504768,"data":"\rMap:   0%|                                       | 0/35 [00:00\u003c?, ? examples/s]\rMap: 100%|████████████████████████████| 35/35 [00:00\u003c00:00, 4869.01 examples/s]\r\n"}
,{"stream_name":"stdout","time":293.592508715,"data":"[task] mmlu_prehistory:rc::olmes split=validation shots=5: 35 docs\r\n"}
,{"stream_name":"stdout","time":294.352311704,"data":"\rprofessional_accounting/test-00000-of-00(…):   0%| | 0.00/69.5k [00:00\u003c?, ?B/s]\rprofessional_accounting/test-00000-of-00(…): 100%|█| 69.5k/69.5k [00:00\u003c00:00, \r\n"}
,{"stream_name":"stdout","time":294.555381529,"data":"\rprofessional_accounting/validation-00000(…):   0%| | 0.00/12.9k [00:00\u003c?, ?B/s]\rprofessional_accounting/validation-00000(…): 100%|█| 12.9k/12.9k [00:00\u003c00:00, \r\n"}
,{"stream_name":"stdout","time":294.809779631,"data":"\rprofessional_accounting/dev-00000-of-000(…):   0%| | 0.00/4.89k [00:00\u003c?, ?B/s]\rprofessional_accounting/dev-00000-of-000(…): 100%|█| 4.89k/4.89k [00:00\u003c00:00, \r\n"}
,{"stream_name":"stdout","time":294.809814349,"data":"\rGenerating test split:   0%|                    | 0/282 [00:00\u003c?, ? examples/s]\rGenerating test split: 100%|███████| 282/282 [00:00\u003c00:00, 77362.40 examples/s]\r\n"}
,{"stream_name":"stdout","time":294.809855985,"data":"\rGenerating validation split:   0%|               | 0/31 [00:00\u003c?, ? examples/s]\rGenerating validation split: 100%|████| 31/31 [00:00\u003c00:00, 9885.46 examples/s]\r\n"}
,{"stream_name":"stdout","time":294.809861427,"data":"\rGenerating dev split:   0%|                       | 0/5 [00:00\u003c?, ? examples/s]\rGenerating dev split: 100%|█████████████| 5/5 [00:00\u003c00:00, 1724.77 examples/s]\r\n"}
,{"stream_name":"stdout","time":294.809866262,"data":"2026-09-24:03:59:44,502 INFO     [datasets_wrapper.py:500] Non-HF cache (for datasets) case: NonHfCacheCase.NOT_USED_BC_CACHE_UNAVAILABLE\r\n"}
,{"stream_name":"stdout","time":294.809870992,"data":"\rMap:   0%|                                       | 0/31 [00:00\u003c?, ? examples/s]\rMap: 100%|████████████████████████████| 31/31 [00:00\u003c00:00, 3822.31 examples/s]\r\n"}
,{"stream_name":"stdout","time":294.809878138,"data":"[task] mmlu_professional_accounting:rc::olmes split=validation shots=5: 31 docs\r\n"}
,{"stream_name":"stdout","time":295.621355634,"data":"\rprofessional_law/test-00000-of-00001.par(…):   0%| | 0.00/1.04M [00:00\u003c?, ?B/s]\rprofessional_law/test-00000-of-00001.par(…): 100%|█| 1.04M/1.04M [00:00\u003c00:00, \rprofessional_law/test-00000-of-00001.par(…): 100%|█| 1.04M/1.04M [00:00\u003c00:00, \r\n"}
,{"stream_name":"stdout","time":295.824425947,"data":"\rprofessional_law/validation-00000-of-000(…):   0%|  | 0.00/116k [00:00\u003c?, ?B/s]\rprofessional_law/validation-00000-of-000(…): 100%|█| 116k/116k [00:00\u003c00:00, 1.\r\n"}
,{"stream_name":"stdout","time":296.027989165,"data":"\rprofessional_law/dev-00000-of-00001.parq(…):   0%| | 0.00/15.1k [00:00\u003c?, ?B/s]\rprofessional_law/dev-00000-of-00001.parq(…): 100%|█| 15.1k/15.1k [00:00\u003c00:00, \r\n"}
,{"stream_name":"stdout","time":296.028023413,"data":"\rGenerating test split:   0%|                   | 0/1534 [00:00\u003c?, ? examples/s]\rGenerating test split: 100%|████| 1534/1534 [00:00\u003c00:00, 131277.92 examples/s]\r\n"}
,{"stream_name":"stdout","time":296.028029538,"data":"\rGenerating validation split:   0%|              | 0/170 [00:00\u003c?, ? examples/s]\rGenerating validation split: 100%|█| 170/170 [00:00\u003c00:00, 58268.50 examples/s]\r\n"}
,{"stream_name":"stdout","time":296.028049631,"data":"\rGenerating dev split:   0%|                       | 0/5 [00:00\u003c?, ? examples/s]\rGenerating dev split: 100%|█████████████| 5/5 [00:00\u003c00:00, 2113.85 examples/s]\r\n"}
,{"stream_name":"stdout","time":296.07876677,"data":"2026-09-24:03:59:45,750 INFO     [datasets_wrapper.py:500] Non-HF cache (for datasets) case: NonHfCacheCase.NOT_USED_BC_CACHE_UNAVAILABLE\r\n"}
,{"stream_name":"stdout","time":296.078794248,"data":"\rMap:   0%|                                      | 0/170 [00:00\u003c?, ? examples/s]\rMap: 100%|█████████████████████████| 170/170 [00:00\u003c00:00, 10059.56 examples/s]\r\n"}
,{"stream_name":"stdout","time":296.128800024,"data":"[task] mmlu_professional_law:rc::olmes split=validation shots=5: 170 docs\r\n"}
,{"stream_name":"stdout","time":296.941149193,"data":"\rprofessional_medicine/test-00000-of-0000(…):   0%|  | 0.00/125k [00:00\u003c?, ?B/s]\rprofessional_medicine/test-00000-of-0000(…): 100%|█| 125k/125k [00:00\u003c00:00, 1.\r\n"}
,{"stream_name":"stdout","time":297.144914009,"data":"\rprofessional_medicine/validation-00000-o(…):   0%| | 0.00/19.9k [00:00\u003c?, ?B/s]\rprofessional_medicine/validation-00000-o(…): 100%|█| 19.9k/19.9k [00:00\u003c00:00, \r\n"}
,{"stream_name":"stdout","time":297.348678055,"data":"\rprofessional_medicine/dev-00000-of-00001(…):   0%| | 0.00/8.45k [00:00\u003c?, ?B/s]\rprofessional_medicine/dev-00000-of-00001(…): 100%|█| 8.45k/8.45k [00:00\u003c00:00, \r\n"}
,{"stream_name":"stdout","time":297.348722289,"data":"\rGenerating test split:   0%|                    | 0/272 [00:00\u003c?, ? examples/s]\rGenerating test split: 100%|███████| 272/272 [00:00\u003c00:00, 65656.69 examples/s]\r\n"}
,{"stream_name":"stdout","time":297.348726874,"data":"\rGenerating validation split:   0%|               | 0/31 [00:00\u003c?, ? examples/s]\rGenerating validation split: 100%|███| 31/31 [00:00\u003c00:00, 11772.15 examples/s]\r\n"}
,{"stream_name":"stdout","time":297.348729924,"data":"\rGenerating dev split:   0%|                       | 0/5 [00:00\u003c?, ? examples/s]\rGenerating dev split: 100%|█████████████| 5/5 [00:00\u003c00:00, 2298.00 examples/s]\r\n"}
,{"stream_name":"stdout","time":297.348733911,"data":"2026-09-24:03:59:47,046 INFO     [datasets_wrapper.py:500] Non-HF cache (for datasets) case: NonHfCacheCase.NOT_USED_BC_CACHE_UNAVAILABLE\r\n"}
,{"stream_name":"stdout","time":297.348750748,"data":"\rMap:   0%|                                       | 0/31 [00:00\u003c?, ? examples/s]\rMap: 100%|████████████████████████████| 31/31 [00:00\u003c00:00, 4343.23 examples/s]\r\n"}
,{"stream_name":"stdout","time":297.399615163,"data":"[task] mmlu_professional_medicine:rc::olmes split=validation shots=5: 31 docs\r\n"}
,{"stream_name":"stdout","time":298.112281559,"data":"\rprofessional_psychology/test-00000-of-00(…):   0%|  | 0.00/133k [00:00\u003c?, ?B/s]\rprofessional_psychology/test-00000-of-00(…): 100%|█| 133k/133k [00:00\u003c00:00, 1.\r\n"}
,{"stream_name":"stdout","time":298.315045017,"data":"\rprofessional_psychology/validation-00000(…):   0%| | 0.00/22.1k [00:00\u003c?, ?B/s]\rprofessional_psychology/validation-00000(…): 100%|█| 22.1k/22.1k [00:00\u003c00:00, \r\n"}
,{"stream_name":"stdout","time":298.518194443,"data":"\rprofessional_psychology/dev-00000-of-000(…):   0%| | 0.00/4.69k [00:00\u003c?, ?B/s]\rprofessional_psychology/dev-00000-of-000(…): 100%|█| 4.69k/4.69k [00:00\u003c00:00, \r\n"}
,{"stream_name":"stdout","time":298.518226993,"data":"\rGenerating test split:   0%|                    | 0/612 [00:00\u003c?, ? examples/s]\rGenerating test split: 100%|██████| 612/612 [00:00\u003c00:00, 164450.90 examples/s]\r\n"}
,{"stream_name":"stdout","time":298.518231506,"data":"\rGenerating validation split:   0%|               | 0/69 [00:00\u003c?, ? examples/s]\rGenerating validation split: 100%|███| 69/69 [00:00\u003c00:00, 28312.17 examples/s]\r\n"}
,{"stream_name":"stdout","time":298.568807926,"data":"\rGenerating dev split:   0%|                       | 0/5 [00:00\u003c?, ? examples/s]\rGenerating dev split: 100%|█████████████| 5/5 [00:00\u003c00:00, 1727.05 examples/s]\r\n"}
,{"stream_name":"stdout","time":298.568838154,"data":"2026-09-24:03:59:48,243 INFO     [datasets_wrapper.py:500] Non-HF cache (for datasets) case: NonHfCacheCase.NOT_USED_BC_CACHE_UNAVAILABLE\r\n"}
,{"stream_name":"stdout","time":298.568845303,"data":"\rMap:   0%|                                       | 0/69 [00:00\u003c?, ? examples/s]\rMap: 100%|████████████████████████████| 69/69 [00:00\u003c00:00, 8161.97 examples/s]\r\n"}
,{"stream_name":"stdout","time":298.568852898,"data":"[task] mmlu_professional_psychology:rc::olmes split=validation shots=5: 69 docs\r\n"}
,{"stream_name":"stdout","time":299.329773925,"data":"\rpublic_relations/test-00000-of-00001.par(…):   0%| | 0.00/20.6k [00:00\u003c?, ?B/s]\rpublic_relations/test-00000-of-00001.par(…): 100%|█| 20.6k/20.6k [00:00\u003c00:00, \r\n"}
,{"stream_name":"stdout","time":299.532312927,"data":"\rpublic_relations/validation-00000-of-000(…):   0%| | 0.00/6.45k [00:00\u003c?, ?B/s]\rpublic_relations/validation-00000-of-000(…): 100%|█| 6.45k/6.45k [00:00\u003c00:00, \r\n"}
,{"stream_name":"stdout","time":299.735993234,"data":"\rpublic_relations/dev-00000-of-00001.parq(…):   0%| | 0.00/4.43k [00:00\u003c?, ?B/s]\rpublic_relations/dev-00000-of-00001.parq(…): 100%|█| 4.43k/4.43k [00:00\u003c00:00, \r\n"}
,{"stream_name":"stdout","time":299.736018206,"data":"\rGenerating test split:   0%|                    | 0/110 [00:00\u003c?, ? examples/s]\rGenerating test split: 100%|███████| 110/110 [00:00\u003c00:00, 40301.66 examples/s]\r\n"}
,{"stream_name":"stdout","time":299.736025951,"data":"\rGenerating validation split:   0%|               | 0/12 [00:00\u003c?, ? examples/s]\rGenerating validation split: 100%|████| 12/12 [00:00\u003c00:00, 5443.02 examples/s]\r\n"}
,{"stream_name":"stdout","time":299.736033256,"data":"\rGenerating dev split:   0%|                       | 0/5 [00:00\u003c?, ? examples/s]\rGenerating dev split: 100%|█████████████| 5/5 [00:00\u003c00:00, 2262.54 examples/s]\r\n"}
,{"stream_name":"stdout","time":299.736036312,"data":"2026-09-24:03:59:49,440 INFO     [datasets_wrapper.py:500] Non-HF cache (for datasets) case: NonHfCacheCase.NOT_USED_BC_CACHE_UNAVAILABLE\r\n"}
,{"stream_name":"stdout","time":299.786384362,"data":"\rMap:   0%|                                       | 0/12 [00:00\u003c?, ? examples/s]\rMap: 100%|████████████████████████████| 12/12 [00:00\u003c00:00, 2041.77 examples/s]\r\n"}
,{"stream_name":"stdout","time":299.786412626,"data":"[task] mmlu_public_relations:rc::olmes split=validation shots=5: 12 docs\r\n"}
,{"stream_name":"stdout","time":300.494338396,"data":"\rsecurity_studies/test-00000-of-00001.par(…):   0%|  | 0.00/114k [00:00\u003c?, ?B/s]\rsecurity_studies/test-00000-of-00001.par(…): 100%|█| 114k/114k [00:00\u003c00:00, 1.\r\n"}
,{"stream_name":"stdout","time":300.698389466,"data":"\rsecurity_studies/validation-00000-of-000(…):   0%| | 0.00/18.7k [00:00\u003c?, ?B/s]\rsecurity_studies/validation-00000-of-000(…): 100%|█| 18.7k/18.7k [00:00\u003c00:00, \r\n"}
,{"stream_name":"stdout","time":300.902499275,"data":"\rsecurity_studies/dev-00000-of-00001.parq(…):   0%| | 0.00/7.49k [00:00\u003c?, ?B/s]\rsecurity_studies/dev-00000-of-00001.parq(…): 100%|█| 7.49k/7.49k [00:00\u003c00:00, \r\n"}
,{"stream_name":"stdout","time":300.902533635,"data":"\rGenerating test split:   0%|                    | 0/245 [00:00\u003c?, ? examples/s]\rGenerating test split: 100%|███████| 245/245 [00:00\u003c00:00, 55360.66 examples/s]\r\n"}
,{"stream_name":"stdout","time":300.902539927,"data":"\rGenerating validation split:   0%|               | 0/27 [00:00\u003c?, ? examples/s]\rGenerating validation split: 100%|████| 27/27 [00:00\u003c00:00, 8442.39 examples/s]\r\n"}
,{"stream_name":"stdout","time":300.902550076,"data":"\rGenerating dev split:   0%|                       | 0/5 [00:00\u003c?, ? examples/s]\rGenerating dev split: 100%|█████████████| 5/5 [00:00\u003c00:00, 1733.76 examples/s]\r\n"}
,{"stream_name":"stdout","time":300.953639031,"data":"2026-09-24:03:59:50,624 INFO     [datasets_wrapper.py:500] Non-HF cache (for datasets) case: NonHfCacheCase.NOT_USED_BC_CACHE_UNAVAILABLE\r\n"}
,{"stream_name":"stdout","time":300.953698937,"data":"\rMap:   0%|                                       | 0/27 [00:00\u003c?, ? examples/s]\rMap: 100%|████████████████████████████| 27/27 [00:00\u003c00:00, 3655.82 examples/s]\r\n"}
,{"stream_name":"stdout","time":300.953707944,"data":"[task] mmlu_security_studies:rc::olmes split=validation shots=5: 27 docs\r\n"}
,{"stream_name":"stdout","time":301.767081557,"data":"\rsociology/test-00000-of-00001.parquet:   0%|       | 0.00/43.9k [00:00\u003c?, ?B/s]\rsociology/test-00000-of-00001.parquet: 100%|█| 43.9k/43.9k [00:00\u003c00:00, 588kB/\r\n"}
,{"stream_name":"stdout","time":301.970477282,"data":"\rsociology/validation-00000-of-00001.parq(…):   0%| | 0.00/8.36k [00:00\u003c?, ?B/s]\rsociology/validation-00000-of-00001.parq(…): 100%|█| 8.36k/8.36k [00:00\u003c00:00, \r\n"}
,{"stream_name":"stdout","time":302.173300037,"data":"\rsociology/dev-00000-of-00001.parquet:   0%|        | 0.00/4.21k [00:00\u003c?, ?B/s]\rsociology/dev-00000-of-00001.parquet: 100%|█| 4.21k/4.21k [00:00\u003c00:00, 54.9kB/\r\n"}
,{"stream_name":"stdout","time":302.22429672,"data":"\rGenerating test split:   0%|                    | 0/201 [00:00\u003c?, ? examples/s]\rGenerating test split: 100%|███████| 201/201 [00:00\u003c00:00, 58290.47 examples/s]\r\n"}
,{"stream_name":"stdout","time":302.224331238,"data":"\rGenerating validation split:   0%|               | 0/22 [00:00\u003c?, ? examples/s]\rGenerating validation split: 100%|████| 22/22 [00:00\u003c00:00, 8792.25 examples/s]\r\n"}
,{"stream_name":"stdout","time":302.224344183,"data":"\rGenerating dev split:   0%|                       | 0/5 [00:00\u003c?, ? examples/s]\rGenerating dev split: 100%|█████████████| 5/5 [00:00\u003c00:00, 2261.57 examples/s]\r\n"}
,{"stream_name":"stdout","time":302.224348749,"data":"2026-09-24:03:59:51,904 INFO     [datasets_wrapper.py:500] Non-HF cache (for datasets) case: NonHfCacheCase.NOT_USED_BC_CACHE_UNAVAILABLE\r\n"}
,{"stream_name":"stdout","time":302.224352708,"data":"\rMap:   0%|                                       | 0/22 [00:00\u003c?, ? examples/s]\rMap: 100%|████████████████████████████| 22/22 [00:00\u003c00:00, 3511.61 examples/s]\r\n"}
,{"stream_name":"stdout","time":302.224356943,"data":"[task] mmlu_sociology:rc::olmes split=validation shots=5: 22 docs\r\n"}
,{"stream_name":"stdout","time":302.986757185,"data":"\rus_foreign_policy/test-00000-of-00001.pa(…):   0%| | 0.00/19.5k [00:00\u003c?, ?B/s]\rus_foreign_policy/test-00000-of-00001.pa(…): 100%|█| 19.5k/19.5k [00:00\u003c00:00, \r\n"}
,{"stream_name":"stdout","time":303.189837925,"data":"\rus_foreign_policy/validation-00000-of-00(…):   0%| | 0.00/5.27k [00:00\u003c?, ?B/s]\rus_foreign_policy/validation-00000-of-00(…): 100%|█| 5.27k/5.27k [00:00\u003c00:00, \r\n"}
,{"stream_name":"stdout","time":303.39347181,"data":"\rus_foreign_policy/dev-00000-of-00001.par(…):   0%| | 0.00/4.22k [00:00\u003c?, ?B/s]\rus_foreign_policy/dev-00000-of-00001.par(…): 100%|█| 4.22k/4.22k [00:00\u003c00:00, \r\n"}
,{"stream_name":"stdout","time":303.393502449,"data":"\rGenerating test split:   0%|                    | 0/100 [00:00\u003c?, ? examples/s]\rGenerating test split: 100%|███████| 100/100 [00:00\u003c00:00, 33444.73 examples/s]\r\n"}
,{"stream_name":"stdout","time":303.393507492,"data":"\rGenerating validation split:   0%|               | 0/11 [00:00\u003c?, ? examples/s]\rGenerating validation split: 100%|████| 11/11 [00:00\u003c00:00, 4548.69 examples/s]\r\n"}
,{"stream_name":"stdout","time":303.393511519,"data":"\rGenerating dev split:   0%|                       | 0/5 [00:00\u003c?, ? examples/s]\rGenerating dev split: 100%|█████████████| 5/5 [00:00\u003c00:00, 2178.63 examples/s]\r\n"}
,{"stream_name":"stdout","time":303.393516472,"data":"2026-09-24:03:59:53,093 INFO     [datasets_wrapper.py:500] Non-HF cache (for datasets) case: NonHfCacheCase.NOT_USED_BC_CACHE_UNAVAILABLE\r\n"}
,{"stream_name":"stdout","time":303.393540955,"data":"\rMap:   0%|                                       | 0/11 [00:00\u003c?, ? examples/s]\rMap: 100%|████████████████████████████| 11/11 [00:00\u003c00:00, 1917.91 examples/s]\r\n"}
,{"stream_name":"stdout","time":303.393560405,"data":"[task] mmlu_us_foreign_policy:rc::olmes split=validation shots=5: 11 docs\r\n"}
,{"stream_name":"stdout","time":304.153059127,"data":"\rvirology/test-00000-of-00001.parquet:   0%|        | 0.00/27.3k [00:00\u003c?, ?B/s]\rvirology/test-00000-of-00001.parquet: 100%|█| 27.3k/27.3k [00:00\u003c00:00, 352kB/s\r\n"}
,{"stream_name":"stdout","time":304.356056778,"data":"\rvirology/validation-00000-of-00001.parqu(…):   0%| | 0.00/7.05k [00:00\u003c?, ?B/s]\rvirology/validation-00000-of-00001.parqu(…): 100%|█| 7.05k/7.05k [00:00\u003c00:00, \r\n"}
,{"stream_name":"stdout","time":304.610579775,"data":"\rvirology/dev-00000-of-00001.parquet:   0%|         | 0.00/3.87k [00:00\u003c?, ?B/s]\rvirology/dev-00000-of-00001.parquet: 100%|█| 3.87k/3.87k [00:00\u003c00:00, 37.5kB/s\rvirology/dev-00000-of-00001.parquet: 100%|█| 3.87k/3.87k [00:00\u003c00:00, 37.3kB/s\r\n"}
,{"stream_name":"stdout","time":304.610630009,"data":"\rGenerating test split:   0%|                    | 0/166 [00:00\u003c?, ? examples/s]\rGenerating test split: 100%|███████| 166/166 [00:00\u003c00:00, 54655.35 examples/s]\r\n"}
,{"stream_name":"stdout","time":304.610636469,"data":"\rGenerating validation split:   0%|               | 0/18 [00:00\u003c?, ? examples/s]\rGenerating validation split: 100%|████| 18/18 [00:00\u003c00:00, 5721.67 examples/s]\r\n"}
,{"stream_name":"stdout","time":304.610641128,"data":"\rGenerating dev split:   0%|                       | 0/5 [00:00\u003c?, ? examples/s]\rGenerating dev split: 100%|█████████████| 5/5 [00:00\u003c00:00, 1727.62 examples/s]\r\n"}
,{"stream_name":"stdout","time":304.610646108,"data":"2026-09-24:03:59:54,312 INFO     [datasets_wrapper.py:500] Non-HF cache (for datasets) case: NonHfCacheCase.NOT_USED_BC_CACHE_UNAVAILABLE\r\n"}
,{"stream_name":"stdout","time":304.661097624,"data":"\rMap:   0%|                                       | 0/18 [00:00\u003c?, ? examples/s]\rMap: 100%|████████████████████████████| 18/18 [00:00\u003c00:00, 2409.21 examples/s]\r\n"}
,{"stream_name":"stdout","time":304.661141855,"data":"[task] mmlu_virology:rc::olmes split=validation shots=5: 18 docs\r\n"}
,{"stream_name":"stdout","time":305.374017076,"data":"\rworld_religions/test-00000-of-00001.parq(…):   0%| | 0.00/18.9k [00:00\u003c?, ?B/s]\rworld_religions/test-00000-of-00001.parq(…): 100%|█| 18.9k/18.9k [00:00\u003c00:00, \r\n"}
,{"stream_name":"stdout","time":305.628472929,"data":"\rworld_religions/validation-00000-of-0000(…):   0%| | 0.00/4.94k [00:00\u003c?, ?B/s]\rworld_religions/validation-00000-of-0000(…): 100%|█| 4.94k/4.94k [00:00\u003c00:00, \r\n"}
,{"stream_name":"stdout","time":305.831243577,"data":"\rworld_religions/dev-00000-of-00001.parqu(…):   0%| | 0.00/3.30k [00:00\u003c?, ?B/s]\rworld_religions/dev-00000-of-00001.parqu(…): 100%|█| 3.30k/3.30k [00:00\u003c00:00, \r\n"}
,{"stream_name":"stdout","time":305.831284897,"data":"\rGenerating test split:   0%|                    | 0/171 [00:00\u003c?, ? examples/s]\rGenerating test split: 100%|███████| 171/171 [00:00\u003c00:00, 60797.32 examples/s]\r\n"}
,{"stream_name":"stdout","time":305.831292026,"data":"\rGenerating validation split:   0%|               | 0/19 [00:00\u003c?, ? examples/s]\rGenerating validation split: 100%|████| 19/19 [00:00\u003c00:00, 8491.40 examples/s]\r\n"}
,{"stream_name":"stdout","time":305.831297524,"data":"\rGenerating dev split:   0%|                       | 0/5 [00:00\u003c?, ? examples/s]\rGenerating dev split: 100%|█████████████| 5/5 [00:00\u003c00:00, 2250.65 examples/s]\r\n"}
,{"stream_name":"stdout","time":305.831313981,"data":"2026-09-24:03:59:55,522 INFO     [datasets_wrapper.py:500] Non-HF cache (for datasets) case: NonHfCacheCase.NOT_USED_BC_CACHE_UNAVAILABLE\r\n"}
,{"stream_name":"stdout","time":305.83131835,"data":"\rMap:   0%|                                       | 0/19 [00:00\u003c?, ? examples/s]\rMap: 100%|████████████████████████████| 19/19 [00:00\u003c00:00, 2687.84 examples/s]\r\n"}
,{"stream_name":"stdout","time":305.831323049,"data":"[task] mmlu_world_religions:rc::olmes split=validation shots=5: 19 docs\r\n"}
,{"stream_name":"stdout","time":305.932526263,"data":"\rREADME.md: 0.00B [00:00, ?B/s]\rREADME.md: 9.06kB [00:00, 29.3MB/s]\r\n"}
,{"stream_name":"stdout","time":308.414721,"data":"\rmain/train-00000-of-00001.parquet:   0%|            | 0.00/496k [00:00\u003c?, ?B/s]\rmain/train-00000-of-00001.parquet: 100%|█████| 496k/496k [00:01\u003c00:00, 297kB/s]\rmain/train-00000-of-00001.parquet: 100%|█████| 496k/496k [00:01\u003c00:00, 297kB/s]\r\n"}
,{"stream_name":"stdout","time":308.668656022,"data":"\rmain/validation-00000-of-00001.parquet:   0%|      | 0.00/58.2k [00:00\u003c?, ?B/s]\rmain/validation-00000-of-00001.parquet: 100%|█| 58.2k/58.2k [00:00\u003c00:00, 402kB\rmain/validation-00000-of-00001.parquet: 100%|█| 58.2k/58.2k [00:00\u003c00:00, 400kB\r\n"}
,{"stream_name":"stdout","time":308.922512745,"data":"\rmain/test-00000-of-00001.parquet:   0%|            | 0.00/55.5k [00:00\u003c?, ?B/s]\rmain/test-00000-of-00001.parquet: 100%|████| 55.5k/55.5k [00:00\u003c00:00, 438kB/s]\rmain/test-00000-of-00001.parquet: 100%|████| 55.5k/55.5k [00:00\u003c00:00, 435kB/s]\r\n"}
,{"stream_name":"stdout","time":308.922547902,"data":"\rGenerating train split:   0%|                  | 0/4957 [00:00\u003c?, ? examples/s]\rGenerating train split: 100%|███| 4957/4957 [00:00\u003c00:00, 620705.90 examples/s]\r\n"}
,{"stream_name":"stdout","time":308.973080058,"data":"\rGenerating validation split:   0%|              | 0/500 [00:00\u003c?, ? examples/s]\rGenerating validation split: 100%|█| 500/500 [00:00\u003c00:00, 144551.42 examples/s\r\n"}
,{"stream_name":"stdout","time":308.973109787,"data":"\rGenerating test split:   0%|                    | 0/500 [00:00\u003c?, ? examples/s]\rGenerating test split: 100%|██████| 500/500 [00:00\u003c00:00, 153660.02 examples/s]\r\n"}
,{"stream_name":"stdout","time":308.973117059,"data":"2026-09-24:03:59:58,650 INFO     [datasets_wrapper.py:500] Non-HF cache (for datasets) case: NonHfCacheCase.NOT_USED_BC_CACHE_UNAVAILABLE\r\n"}
,{"stream_name":"stdout","time":309.023859873,"data":"[task] openbookqa:rc::olmes split=validation shots=5: 500 docs\r\n"}
,{"stream_name":"stdout","time":309.125220447,"data":"\rREADME.md: 0.00B [00:00, ?B/s]\rREADME.md: 8.41kB [00:00, 30.3MB/s]\r\n"}
,{"stream_name":"stdout","time":309.175653108,"data":"\rpiqa.py: 0.00B [00:00, ?B/s]\rpiqa.py: 5.36kB [00:00, 21.3MB/s]\r\n"}
,{"stream_name":"stdout","time":309.630759563,"data":"\rDownloading data:   0%|                            | 0.00/1.82M [00:00\u003c?, ?B/s]\rDownloading data: 100%|████████████████████| 1.82M/1.82M [00:00\u003c00:00, 201MB/s]\r\n"}
,{"stream_name":"stdout","time":309.732388531,"data":"\rDownloading data:   0%|                             | 0.00/220k [00:00\u003c?, ?B/s]\rDownloading data: 815kB [00:00, 30.7MB/s]                                      \r\n"}
,{"stream_name":"stdout","time":310.138479583,"data":"\rGenerating train split:   0%|                 | 0/16113 [00:00\u003c?, ? examples/s]\rGenerating train split:  25%|▋  | 4000/16113 [00:00\u003c00:00, 39106.45 examples/s]\rGenerating train split:  56%|█▋ | 9000/16113 [00:00\u003c00:00, 45375.22 examples/s]\rGenerating train split:  87%|█▋| 14000/16113 [00:00\u003c00:00, 47032.00 examples/s]\rGenerating train split: 100%|██| 16113/16113 [00:00\u003c00:00, 46214.77 examples/s]\r\n"}
,{"stream_name":"stdout","time":310.18912187,"data":"\rGenerating test split:   0%|                   | 0/3084 [00:00\u003c?, ? examples/s]\rGenerating test split: 100%|█████| 3084/3084 [00:00\u003c00:00, 50265.34 examples/s]\r\n"}
,{"stream_name":"stdout","time":310.240425583,"data":"\rGenerating validation split:   0%|             | 0/1838 [00:00\u003c?, ? examples/s]\rGenerating validation split: 100%|█| 1838/1838 [00:00\u003c00:00, 46780.98 examples/\r\n"}
,{"stream_name":"stdout","time":310.240462873,"data":"2026-09-24:03:59:59,913 INFO     [datasets_wrapper.py:500] Non-HF cache (for datasets) case: NonHfCacheCase.NOT_USED_BC_CACHE_UNAVAILABLE\r\n"}
,{"stream_name":"stdout","time":311.004166951,"data":"\rMap:   0%|                                    | 0/16113 [00:00\u003c?, ? examples/s]\rMap:  13%|██▉                   | 2131/16113 [00:00\u003c00:00, 21149.37 examples/s]\rMap:  27%|█████▉                | 4354/16113 [00:00\u003c00:00, 21775.64 examples/s]\rMap:  41%|████████▉             | 6547/16113 [00:00\u003c00:00, 21844.15 examples/s]\rMap:  55%|███████████▉          | 8786/16113 [00:00\u003c00:00, 22054.07 examples/s]\rMap:  68%|██████████████▎      | 11000/16113 [00:00\u003c00:00, 21736.65 examples/s]\rMap:  87%|██████████████████▎  | 14097/16113 [00:00\u003c00:00, 20992.23 examples/s]\rMap: 100%|█████████████████████| 16113/16113 [00:00\u003c00:00, 21197.62 examples/s]\r\n"}
,{"stream_name":"stdout","time":312.934109391,"data":"[task] piqa:rc::olmes split=train shots=5: 16113 docs\r\n"}
,{"stream_name":"stdout","time":313.03566949,"data":"\rREADME.md: 0.00B [00:00, ?B/s]\rREADME.md: 6.69kB [00:00, 25.0MB/s]\r\n"}
,{"stream_name":"stdout","time":313.137320959,"data":"\rsocial_i_qa.py: 0.00B [00:00, ?B/s]\rsocial_i_qa.py: 4.67kB [00:00, 14.8MB/s]\r\n"}
,{"stream_name":"stdout","time":313.544116804,"data":"\rDownloading data:   0%|                            | 0.00/2.20M [00:00\u003c?, ?B/s]\rDownloading data: 100%|████████████████████| 2.20M/2.20M [00:00\u003c00:00, 171MB/s]\r\n"}
,{"stream_name":"stdout","time":314.45713354,"data":"\rGenerating train split:   0%|                 | 0/33410 [00:00\u003c?, ? examples/s]\rGenerating train split:  10%|▎  | 3503/33410 [00:00\u003c00:00, 34935.33 examples/s]\rGenerating train split:  22%|▋  | 7468/33410 [00:00\u003c00:00, 37693.19 examples/s]\rGenerating train split:  39%|▊ | 13115/33410 [00:00\u003c00:00, 37662.38 examples/s]\rGenerating train split:  51%|█ | 17000/33410 [00:00\u003c00:00, 37988.50 examples/s]\rGenerating train split:  63%|█▎| 21000/33410 [00:00\u003c00:00, 38375.80 examples/s]\rGenerating train split:  75%|█▍| 25021/33410 [00:00\u003c00:00, 38850.97 examples/s]\rGenerating train split:  87%|█▋| 29000/33410 [00:00\u003c00:00, 38959.77 examples/s]\rGenerating train split:  99%|█▉| 32910/33410 [00:00\u003c00:00, 39001.39 examples/s]\rGenerating train split: 100%|██| 33410/33410 [00:00\u003c00:00, 38335.32 examples/s]\r\n"}
,{"stream_name":"stdout","time":314.508263031,"data":"\rGenerating validation split:   0%|             | 0/1954 [00:00\u003c?, ? examples/s]\rGenerating validation split: 100%|█| 1954/1954 [00:00\u003c00:00, 37810.41 examples/\r\n"}
,{"stream_name":"stdout","time":314.508296096,"data":"2026-09-24:04:00:04,207 INFO     [datasets_wrapper.py:500] Non-HF cache (for datasets) case: NonHfCacheCase.NOT_USED_BC_CACHE_UNAVAILABLE\r\n"}
,{"stream_name":"stdout","time":316.387314106,"data":"\rMap:   0%|                                    | 0/33410 [00:00\u003c?, ? examples/s]\rMap:   6%|█▏                    | 1881/33410 [00:00\u003c00:01, 18663.75 examples/s]\rMap:  14%|██▉                   | 4530/33410 [00:00\u003c00:01, 17973.71 examples/s]\rMap:  22%|████▋                 | 7188/33410 [00:00\u003c00:01, 17844.34 examples/s]\rMap:  27%|█████▉                | 9000/33410 [00:00\u003c00:01, 17886.98 examples/s]\rMap:  33%|██████▉              | 11000/33410 [00:00\u003c00:01, 18077.12 examples/s]\rMap:  39%|████████▏            | 13000/33410 [00:00\u003c00:01, 18140.06 examples/s]\rMap:  45%|█████████▎           | 14908/33410 [00:00\u003c00:01, 18418.34 examples/s]\rMap:  53%|███████████          | 17559/33410 [00:00\u003c00:00, 18124.59 examples/s]\rMap:  60%|████████████▋        | 20188/33410 [00:01\u003c00:00, 17908.15 examples/s]\rMap:  66%|█████████████▊       | 22000/33410 [00:01\u003c00:00, 17837.91 examples/s]\rMap:  72%|███████████████      | 23977/33410 [00:01\u003c00:00, 18095.82 examples/s]\rMap:  80%|████████████████▋    | 26648/33410 [00:01\u003c00:00, 17989.60 examples/s]\rMap:  88%|██████████████████▍  | 29249/33410 [00:01\u003c00:00, 17766.67 examples/s]\rMap:  96%|████████████████████ | 31967/33410 [00:01\u003c00:00, 17864.97 examples/s]\rMap: 100%|█████████████████████| 33410/33410 [00:01\u003c00:00, 17819.00 examples/s]\r\n"}
,{"stream_name":"stdout","time":320.899783125,"data":"[task] socialiqa:rc::olmes split=train shots=5: 33410 docs\r\n"}
,{"stream_name":"stdout","time":321.002114566,"data":"\rREADME.md: 0.00B [00:00, ?B/s]\rREADME.md: 11.2kB [00:00, 28.6MB/s]\r\n"}
,{"stream_name":"stdout","time":322.319756588,"data":"\rwinogrande_xl/train-00000-of-00001.parqu(…):   0%| | 0.00/2.06M [00:00\u003c?, ?B/s]\rwinogrande_xl/train-00000-of-00001.parqu(…): 100%|█| 2.06M/2.06M [00:00\u003c00:00, \rwinogrande_xl/train-00000-of-00001.parqu(…): 100%|█| 2.06M/2.06M [00:00\u003c00:00, \r\n"}
,{"stream_name":"stdout","time":322.726456734,"data":"\rwinogrande_xl/test-00000-of-00001.parque(…):   0%|  | 0.00/118k [00:00\u003c?, ?B/s]\rwinogrande_xl/test-00000-of-00001.parque(…): 100%|█| 118k/118k [00:00\u003c00:00, 90\rwinogrande_xl/test-00000-of-00001.parque(…): 100%|█| 118k/118k [00:00\u003c00:00, 90\r\n"}
,{"stream_name":"stdout","time":322.982015241,"data":"\rwinogrande_xl/validation-00000-of-00001.(…):   0%| | 0.00/85.9k [00:00\u003c?, ?B/s]\rwinogrande_xl/validation-00000-of-00001.(…): 100%|█| 85.9k/85.9k [00:00\u003c00:00, \rwinogrande_xl/validation-00000-of-00001.(…): 100%|█| 85.9k/85.9k [00:00\u003c00:00, \r\n"}
,{"stream_name":"stdout","time":323.032112442,"data":"\rGenerating train split:   0%|                 | 0/40398 [00:00\u003c?, ? examples/s]\rGenerating train split: 100%|█| 40398/40398 [00:00\u003c00:00, 1299487.64 examples/s\r\n"}
,{"stream_name":"stdout","time":323.032148506,"data":"\rGenerating test split:   0%|                   | 0/1767 [00:00\u003c?, ? examples/s]\rGenerating test split: 100%|████| 1767/1767 [00:00\u003c00:00, 448410.89 examples/s]\r\n"}
,{"stream_name":"stdout","time":323.032156254,"data":"\rGenerating validation split:   0%|             | 0/1267 [00:00\u003c?, ? examples/s]\rGenerating validation split: 100%|█| 1267/1267 [00:00\u003c00:00, 393264.50 examples\r\n"}
,{"stream_name":"stdout","time":323.032162302,"data":"2026-09-24:04:00:12,726 INFO     [datasets_wrapper.py:500] Non-HF cache (for datasets) case: NonHfCacheCase.NOT_USED_BC_CACHE_UNAVAILABLE\r\n"}
,{"stream_name":"stdout","time":324.405255084,"data":"\rMap:   0%|                                    | 0/40398 [00:00\u003c?, ? examples/s]\rMap:   7%|█▌                    | 2877/40398 [00:00\u003c00:01, 28368.87 examples/s]\rMap:  17%|███▊                  | 7000/40398 [00:00\u003c00:01, 27630.69 examples/s]\rMap:  25%|█████▏               | 10000/40398 [00:00\u003c00:01, 28284.73 examples/s]\rMap:  32%|██████▊              | 13000/40398 [00:00\u003c00:00, 28671.33 examples/s]\rMap:  40%|████████▎            | 16001/40398 [00:00\u003c00:00, 29111.99 examples/s]\rMap:  47%|█████████▉           | 19000/40398 [00:00\u003c00:00, 28901.85 examples/s]\rMap:  54%|███████████▍         | 22000/40398 [00:00\u003c00:00, 29088.67 examples/s]\rMap:  62%|████████████▉        | 25000/40398 [00:00\u003c00:00, 29253.22 examples/s]\rMap:  69%|██████████████▌      | 28000/40398 [00:00\u003c00:00, 29421.92 examples/s]\rMap:  77%|████████████████     | 31000/40398 [00:01\u003c00:00, 29541.40 examples/s]\rMap:  84%|█████████████████▋   | 34109/40398 [00:01\u003c00:00, 29998.20 examples/s]\rMap:  92%|███████████████████▎ | 37173/40398 [00:01\u003c00:00, 30185.33 examples/s]\rMap: 100%|████████████████████▉| 40304/40398 [00:01\u003c00:00, 30521.16 examples/s]\rMap: 100%|█████████████████████| 40398/40398 [00:01\u003c00:00, 29282.06 examples/s]\r\n"}
,{"stream_name":"stdout","time":328.175504368,"data":"[task] winogrande:rc::olmes split=train shots=5: 40398 docs\r\n"}
,{"stream_name":"stdout","time":335.074988999,"data":"[short] arc_challenge: bank 2 has 600 items against bank 1's 1172\r\n"}
,{"stream_name":"stdout","time":335.075039489,"data":"[short] arc_easy: bank 2 has 600 items against bank 1's 2376\r\n"}
,{"stream_name":"stdout","time":335.075046399,"data":"[short] boolq: bank 2 has 600 items against bank 1's 3270\r\n"}
,{"stream_name":"stdout","time":335.07505176,"data":"[short] csqa: bank 2 has 600 items against bank 1's 1221\r\n"}
,{"stream_name":"stdout","time":335.075056957,"data":"[short] hellaswag: bank 2 has 600 items against bank 1's 10042\r\n"}
,{"stream_name":"stdout","time":335.075062164,"data":"[short] mmlu: bank 2 has 1508 items against bank 1's 14042\r\n"}
,{"stream_name":"stdout","time":335.075067441,"data":"[short] piqa: bank 2 has 600 items against bank 1's 1838\r\n"}
,{"stream_name":"stdout","time":335.075072367,"data":"[short] socialiqa: bank 2 has 600 items against bank 1's 1954\r\n"}
,{"stream_name":"stdout","time":335.075077434,"data":"[short] winogrande: bank 2 has 600 items against bank 1's 1267\r\n"}
,{"stream_name":"stdout","time":335.635832831,"data":"{\r\n"}
,{"stream_name":"stdout","time":335.635864224,"data":" \"items\": 6808,\r\n"}
,{"stream_name":"stdout","time":335.635894577,"data":" \"per_trait\": {\r\n"}
,{"stream_name":"stdout","time":335.635900714,"data":"  \"arc_challenge\": 600,\r\n"}
,{"stream_name":"stdout","time":335.635906162,"data":"  \"arc_easy\": 600,\r\n"}
,{"stream_name":"stdout","time":335.635911454,"data":"  \"boolq\": 600,\r\n"}
,{"stream_name":"stdout","time":335.635916726,"data":"  \"csqa\": 600,\r\n"}
,{"stream_name":"stdout","time":335.635922261,"data":"  \"hellaswag\": 600,\r\n"}
,{"stream_name":"stdout","time":335.635926878,"data":"  \"mmlu\": 1508,\r\n"}
,{"stream_name":"stdout","time":335.635931988,"data":"  \"openbookqa\": 500,\r\n"}
,{"stream_name":"stdout","time":335.635937384,"data":"  \"piqa\": 600,\r\n"}
,{"stream_name":"stdout","time":335.635942551,"data":"  \"socialiqa\": 600,\r\n"}
,{"stream_name":"stdout","time":335.63594782,"data":"  \"winogrande\": 600\r\n"}
,{"stream_name":"stdout","time":335.635953164,"data":" },\r\n"}
,{"stream_name":"stdout","time":335.63598861,"data":" \"dropped\": {\r\n"}
,{"stream_name":"stdout","time":335.635993482,"data":"  \"arc_challenge:in_fewshot\": 5,\r\n"}
,{"stream_name":"stdout","time":335.635997832,"data":"  \"arc_challenge:in_bank1\": 6,\r\n"}
,{"stream_name":"stdout","time":335.636002071,"data":"  \"arc_easy:in_fewshot\": 5,\r\n"}
,{"stream_name":"stdout","time":335.636006258,"data":"  \"arc_easy:in_bank1\": 8,\r\n"}
,{"stream_name":"stdout","time":335.636010428,"data":"  \"boolq:in_fewshot\": 5,\r\n"}
,{"stream_name":"stdout","time":335.636014601,"data":"  \"csqa:in_fewshot\": 5,\r\n"}
,{"stream_name":"stdout","time":335.636018742,"data":"  \"hellaswag:in_fewshot\": 7,\r\n"}
,{"stream_name":"stdout","time":335.636022968,"data":"  \"hellaswag:in_bank1\": 14,\r\n"}
,{"stream_name":"stdout","time":335.636027308,"data":"  \"mmlu_college_physics:in_bank1\": 6,\r\n"}
,{"stream_name":"stdout","time":335.636031958,"data":"  \"mmlu_college_physics:in_fewshot\": 1,\r\n"}
,{"stream_name":"stdout","time":335.636036246,"data":"  \"mmlu_high_school_chemistry:in_bank1\": 1,\r\n"}
,{"stream_name":"stdout","time":335.636040464,"data":"  \"mmlu_high_school_computer_science:in_bank1\": 1,\r\n"}
,{"stream_name":"stdout","time":335.636044801,"data":"  \"mmlu_high_school_european_history:in_bank1\": 1,\r\n"}
,{"stream_name":"stdout","time":335.636049087,"data":"  \"mmlu_high_school_macroeconomics:in_bank1\": 1,\r\n"}
,{"stream_name":"stdout","time":335.636063944,"data":"  \"mmlu_high_school_mathematics:in_bank1\": 2,\r\n"}
,{"stream_name":"stdout","time":335.636068334,"data":"  \"mmlu_high_school_psychology:in_bank1\": 1,\r\n"}
,{"stream_name":"stdout","time":335.636072689,"data":"  \"mmlu_high_school_statistics:in_bank1\": 1,\r\n"}
,{"stream_name":"stdout","time":335.636077144,"data":"  \"mmlu_miscellaneous:in_bank1\": 1,\r\n"}
,{"stream_name":"stdout","time":335.63608142,"data":"  \"mmlu_moral_disputes:in_bank1\": 1,\r\n"}
,{"stream_name":"stdout","time":335.636085633,"data":"  \"mmlu_nutrition:in_bank1\": 1,\r\n"}
,{"stream_name":"stdout","time":335.636089768,"data":"  \"mmlu_professional_psychology:in_bank1\": 3,\r\n"}
,{"stream_name":"stdout","time":335.636093969,"data":"  \"mmlu_public_relations:in_bank1\": 2,\r\n"}
,{"stream_name":"stdout","time":335.63609822,"data":"  \"piqa:in_fewshot\": 5,\r\n"}
,{"stream_name":"stdout","time":335.636109273,"data":"  \"piqa:in_bank1\": 552,\r\n"}
,{"stream_name":"stdout","time":335.636113449,"data":"  \"socialiqa:in_fewshot\": 5,\r\n"}
,{"stream_name":"stdout","time":335.636117651,"data":"  \"winogrande:in_bank1\": 18,\r\n"}
,{"stream_name":"stdout","time":335.63612187,"data":"  \"winogrande:in_fewshot\": 6\r\n"}
,{"stream_name":"stdout","time":335.636126053,"data":" },\r\n"}
,{"stream_name":"stdout","time":335.636130162,"data":" \"sha256\": \"6190e0b24324ca357b3515206165acb6f024c310005d36fcf17fb2807cbc81d1\"\r\n"}
,{"stream_name":"stdout","time":335.63613468,"data":"}\r\n"}
,{"stream_name":"stdout","time":335.636138699,"data":"[done] 271s\r\n"}
,{"stream_name":"stdout","time":337.160408935,"data":"[freeze] bank1: 37682 items, sha256 3130d19f88c2cb5dd040ff203200a9a3464e29b873635c1cd7768704b19fbcaf\r\n"}
,{"stream_name":"stdout","time":337.160440118,"data":"[freeze] bank2: 6808 items, sha256 6190e0b24324ca357b3515206165acb6f024c310005d36fcf17fb2807cbc81d1\r\n"}
,{"stream_name":"stdout","time":337.305402368,"data":"bank2 sha256 6190e0b24324ca357b3515206165acb6f024c310005d36fcf17fb2807cbc81d1\n"}
,{"stream_name":"stdout","time":337.305431765,"data":"bank1_requests.jsonl.gz  bank2_requests.jsonl.gz\r\n"}
,{"stream_name":"stdout","time":337.305435734,"data":"bank1_summary.json\t bank2_summary.json\r\n"}
,{"stream_name":"stdout","time":337.450312345,"data":"name, memory.total [MiB]\r\n"}
,{"stream_name":"stdout","time":337.450346862,"data":"Tesla T4, 15360 MiB\r\n"}
,{"stream_name":"stdout","time":337.45035046,"data":"Tesla T4, 15360 MiB\r\n"}
,{"stream_name":"stdout","time":337.967997552,"data":"[plan] job pythia_bank2_final on bank2: 8 runs, 8 still to score, tasks all, gpus ['0', '1'], 0.0 card-hours by this job's own timings so far\r\n"}
,{"stream_name":"stdout","time":347.102077069,"data":"name, memory.total [MiB], driver_version\r\n"}
,{"stream_name":"stdout","time":347.102168572,"data":"Tesla T4, 15360 MiB, 580.159.04\r\n"}
,{"stream_name":"stdout","time":347.10217836,"data":"Tesla T4, 15360 MiB, 580.159.04\r\n"}
,{"stream_name":"stdout","time":347.102183949,"data":"\r\n"}
,{"stream_name":"stdout","time":7158.563329458,"data":"[worker 0] exit 0\r\n"}
,{"stream_name":"stdout","time":7550.750006724,"data":"[worker 1] exit 0\r\n"}
,{"stream_name":"stdout","time":7550.750043247,"data":"[done] job pythia_bank2_final: 8 of 8 scored, 0 failed, 0 not started, 7213s\r\n"}
,{"stream_name":"stdout","time":7551.392718413,"data":"polypythias__410m__seed-1__step-143000.npz\r\n"}
,{"stream_name":"stdout","time":7551.392752932,"data":"polypythias__410m__seed-2__step-143000.npz\r\n"}
,{"stream_name":"stdout","time":7551.392763657,"data":"polypythias__410m__seed-3__step-143000.npz\r\n"}
,{"stream_name":"stdout","time":7551.392767424,"data":"polypythias__410m__seed-4__step-143000.npz\r\n"}
,{"stream_name":"stdout","time":7551.392770555,"data":"polypythias__410m__seed-5__step-143000.npz\r\n"}
,{"stream_name":"stdout","time":7551.392773809,"data":"polypythias__410m__seed-6__step-143000.npz\r\n"}
,{"stream_name":"stdout","time":7551.392776941,"data":"polypythias__410m__seed-7__step-143000.npz\r\n"}
,{"stream_name":"stdout","time":7551.392780104,"data":"polypythias__410m__seed-8__step-143000.npz\r\n"}
,{"stream_name":"stdout","time":7551.392783138,"data":"report_20260924T040027.json\r\n"}
,{"stream_name":"stdout","time":7551.392786248,"data":"timing_20260924T040027.json\r\n"}
,{"stream_name":"stdout","time":7551.392789352,"data":"worker0.log\r\n"}
,{"stream_name":"stdout","time":7551.39279233,"data":"worker1.log\r\n"}
,{"stream_name":"stderr","time":7554.478077076,"data":"/usr/local/lib/python3.12/dist-packages/mistune.py:435: SyntaxWarning: invalid escape sequence '\\|'\n"}
,{"stream_name":"stderr","time":7554.478110022,"data":"  cells[i][c] = re.sub('\\\\\\\\\\|', '|', cell)\n"}
,{"stream_name":"stderr","time":7554.670507047,"data":"/usr/local/lib/python3.12/dist-packages/nbconvert/filters/filter_links.py:36: SyntaxWarning: invalid escape sequence '\\_'\n"}
,{"stream_name":"stderr","time":7554.670553993,"data":"  text = re.sub(r'_', '\\_', text) # Escape underscores in display text\n"}
,{"stream_name":"stderr","time":7555.327983257,"data":"[NbConvertApp] Converting notebook __notebook__.ipynb to notebook\n"}
,{"stream_name":"stderr","time":7555.725540917,"data":"[NbConvertApp] Writing 84854 bytes to __notebook__.ipynb\n"}
,{"stream_name":"stderr","time":7558.244723573,"data":"[NbConvertApp] Converting notebook __notebook__.ipynb to html\n"}
,{"stream_name":"stderr","time":7559.086258167,"data":"[NbConvertApp] Writing 354010 bytes to __results__.html\n"}
]