kernel,file,bytes,sha256,kernel_state
snap-c11-integrity,research/outputs/snap-c11-integrity/C11/manifest.json,11950,6aa7a10d03445d326dd852b433e9a2e7a54a34d5433da9ec8b40d79682dfabaf,not_recorded
snap-c11-integrity,research/outputs/snap-c11-integrity/C11/result.json,5677,12c4572a837208bac5452321094bc8904190531874e4aa404013735ecac9799a,not_recorded
snap-c11-integrity,research/outputs/snap-c11-integrity/C11.json,6882,de6431858fc62b44ad5aa1dc20f84ecc0aa4c852ba03f956d711936a55818500,not_recorded
snap-r0-adapter,research/outputs/snap-r0-adapter/SNAP/C00_accuracy/manifest.json,4719,7dc6926422c46422f06cd5300df5ff5aab8f29b6270056e9545eac370708aac6,not_recorded
snap-r0-adapter,research/outputs/snap-r0-adapter/SNAP/C00_accuracy/result.json,778,a55907e51f3ca925c8bd7e95c01c23072762eb79a2d77c843587f365ad8baa90,not_recorded
snap-r0-adapter,research/outputs/snap-r0-adapter/SNAP/C00_margin/manifest.json,4708,156799cfd8e66a409154d8e7242970c7f9a65f3012944507dcc87def9fcef191,not_recorded
snap-r0-adapter,research/outputs/snap-r0-adapter/SNAP/C00_margin/result.json,773,fbfb335ed8beb96f298167cec5e8cbce26ae306e240174af917f2b3717b78e9b,not_recorded
snap-r0-adapter,research/outputs/snap-r0-adapter/SNAP/C01_accuracy_item_seed20260914/manifest.json,4729,97493b54217c4b78252f9c34e1e83bb8eaf108f3a91ad620c6a01624e5594612,not_recorded
snap-r0-adapter,research/outputs/snap-r0-adapter/SNAP/C01_accuracy_item_seed20260914/result.json,1189967,7e0d68e58bb901d5d48ab7f43c4f9e5e042d8db19cc943995a5afea591cfca4b,not_recorded
snap-r0-adapter,research/outputs/snap-r0-adapter/SNAP/C01_accuracy_original/manifest.json,4734,4781c5303d82d596ef230ec67a94cdae86a29d6ed7fdb5755383e280a086dc2c,not_recorded
snap-r0-adapter,research/outputs/snap-r0-adapter/SNAP/C01_accuracy_original/result.json,1189971,998a6bae923ee5cbab8276c026051f0885a93945d7ab8cfc001ecbb8280d2e73,not_recorded
snap-r0-adapter,research/outputs/snap-r0-adapter/SNAP/C01_margin_item_seed20260914/manifest.json,4724,bf474884f49ce0af815f9c16e7fa50d65bd43ffcec55fa6aeaca353e3680f926,not_recorded
snap-r0-adapter,research/outputs/snap-r0-adapter/SNAP/C01_margin_item_seed20260914/result.json,1189967,9d26f1779a39d140c0bb5e0361e93dbd5a943e42e3ca2efc39d1256bd6eb0d89,not_recorded
snap-r0-adapter,research/outputs/snap-r0-adapter/SNAP/C01_margin_original/manifest.json,4728,37cf8f529d15e68333e5487b174e6908dd4d9a053e0dba7b78ed11740bf409f4,not_recorded
snap-r0-adapter,research/outputs/snap-r0-adapter/SNAP/C01_margin_original/result.json,1189971,0fc4efe2eea21fa24b2a8e22fb9f928f290a456ff758255b75f44ce69f52de78,not_recorded
snap-r0-adapter,research/outputs/snap-r0-adapter/SNAP/C02_tests/manifest.json,4364,b12f99be97d50e0768774b4735232ee95645143345d4bc014c035aa733968a8c,not_recorded
snap-r0-adapter,research/outputs/snap-r0-adapter/SNAP/C02_tests/result.json,95,34c567575dfefd4cce59f79c788c61cf752236ce3cf69b31221ce445f4120213,not_recorded
snap-r0-adapter,research/outputs/snap-r0-adapter/configs/C00_C00_accuracy.json,233,3bc16f8bbb8763375a5b3f838649b372bbf4bc2e64b5f1fd32fc40227ecc672a,not_recorded
snap-r0-adapter,research/outputs/snap-r0-adapter/configs/C00_C00_margin.json,227,7e7771062cd656ab19a863998aeea2764833c0f761ad8456f8f11c75224e43db,not_recorded
snap-r0-adapter,research/outputs/snap-r0-adapter/configs/C01_C01_accuracy_item_seed20260914.json,161,6fcd86af8ca826f715f006890c9640e6abc1dfaa2a57758ca956387d87e935a7,not_recorded
snap-r0-adapter,research/outputs/snap-r0-adapter/configs/C01_C01_accuracy_original.json,165,81ff183b4b11a03ddea1bd7bacb788f101cdb84e4347ba7dd4ad6e452902abd3,not_recorded
snap-r0-adapter,research/outputs/snap-r0-adapter/configs/C01_C01_margin_item_seed20260914.json,159,301e2882dccea83f84b40211f2e6b3f82d81d81df046b819e042a0c824f91b67,not_recorded
snap-r0-adapter,research/outputs/snap-r0-adapter/configs/C01_C01_margin_original.json,163,8ac2f2f4c1a5c59a40243ff9f02c84fdf6a05063a9b88b9d7798b4896ae4a573,not_recorded
snap-r0-adapter,research/outputs/snap-r0-adapter/configs/C02_C02_tests.json,48,f94dfff71615888e6733025c356c2a650d6174664b191d2d7ad8c8d8ff679f16,not_recorded
snap-r0-adapter,research/outputs/snap-r0-adapter/datasets/accuracy/scores.json,2111388,c341258feda5df7b7be90e7f6207210cc2a9d0e0111a85a2ac801a72b5f8691b,not_recorded
snap-r0-adapter,research/outputs/snap-r0-adapter/datasets/adapter_summary.json,447,ebb6748d07e12d5042c1492cb6924bb16302d8bea715c3da1145926cebc3d17c,not_recorded
snap-r0-adapter,research/outputs/snap-r0-adapter/datasets/margin/scores.json,2111386,77a63f38e47c6ba7923dc5808be7e2ecc0aeece8b53dea80a51d7cedc2edcf9e,not_recorded
snap-r0-adapter,research/outputs/snap-r0-adapter/snap_compute/configs/C00.json,152,2b638dd1fb1d2a510d3eb825f98027a08056fe1dd27a9250e4f50ad240644c1f,not_recorded
snap-r0-adapter,research/outputs/snap-r0-adapter/snap_compute/configs/C01.json,141,74e19c32be007d37d7d24b2ad877d93c38a957431665a1e36ce3683cce06c179,not_recorded
snap-r0-adapter,research/outputs/snap-r0-adapter/snap_compute/configs/C02.json,48,269315a3dc3a3d12d03f7ec42342f9f50db2e79699a3db7a080b80fa33354be0,not_recorded
snap-r0-adapter,research/outputs/snap-r0-adapter/snap_compute/configs/C03.json,154,f14efde2af76dedb22f2736f990e7e2884ef70eb67f60cad15fdcc6f00e5f57c,not_recorded
snap-r0-adapter,research/outputs/snap-r0-adapter/snap_compute/configs/C04.json,138,96913f4fc1218603d3ab220bf7fe00df3d28fd3b09b5f3be4c39a12aca1089e1,not_recorded
snap-r0-adapter,research/outputs/snap-r0-adapter/snap_compute/configs/C05.json,356,2bb1ab6f3b98e804e4dfa3d6e3184f83be30992db723c993de4a7a408479ff24,not_recorded
snap-r0-adapter,research/outputs/snap-r0-adapter/snap_compute/configs/C06.json,201,cb38bfc955c3d3d3dcddd93db578e67726ac0cb367e24d3b3d4dbfe52101a9dc,not_recorded
snap-r0-adapter,research/outputs/snap-r0-adapter/snap_compute/configs/C07.json,190,8c6b7e05d6c727effc6992b855c4c3d635c1c5833e5aea08791abd8798c6e350,not_recorded
snap-r0-adapter,research/outputs/snap-r0-adapter/snap_compute/configs/C08.json,83,9e59bce6997615eaad981660585f3d1e727901e6d174dabad12ce9df04bf2149,not_recorded
snap-r0-adapter,research/outputs/snap-r0-adapter/snap_compute/configs/C09.json,183,1c288740ddfe1641f844e189c0e48db014a23f2e1f83a05633758aae0be75368,not_recorded
snap-r0-adapter,research/outputs/snap-r0-adapter/snap_compute/configs/C10.json,197,6d6b09b6a031658174061702b3b19f364a2989ca912f7392863330c35b51fe61,not_recorded
snap-r0-adapter,research/outputs/snap-r0-adapter/snap_compute/configs/C11.json,211,b501ea0afdff212ebd0160b8d6962cbe312f29c451a62df79c08ba9fa43d582d,not_recorded
snap-r0-adapter,research/outputs/snap-r0-adapter/snap_compute/configs/G00.json,403,645d47185de8b44541292568b40c42415f2b7cf475e3965b775c3965f8714fea,not_recorded
snap-r0-adapter,research/outputs/snap-r0-adapter/snap_compute/configs/G01.json,332,0e7fda3b02519d6b4da6859bca5b3c1e06eae0ec919f5b736ef51f29fa4c184e,not_recorded
snap-r0-adapter,research/outputs/snap-r0-adapter/snap_compute/configs/G02.json,332,0e7fda3b02519d6b4da6859bca5b3c1e06eae0ec919f5b736ef51f29fa4c184e,not_recorded
snap-r0-adapter,research/outputs/snap-r0-adapter/snap_compute/configs/G03.json,332,0e7fda3b02519d6b4da6859bca5b3c1e06eae0ec919f5b736ef51f29fa4c184e,not_recorded
snap-r0-adapter,research/outputs/snap-r0-adapter/timing.json,36,dd29509405336a798345a79f3690a67e5e68c205e56cef66350a85913d0bc865,not_recorded
snap-r0-baseline,research/outputs/snap-r0-baseline/results/matrices_accuracy.json,4797,bafef9ceaf190bf268941c794fb7ca000eaa6fdc1608a8a6943734de8bc68d7c,not_recorded
snap-r0-baseline,research/outputs/snap-r0-baseline/results/matrices_margin.json,5039,e0ba24ab50307180ffd98b7d3c8a0c85c6c112512b1f538e76d077224ebc758f,not_recorded
snap-r0-baseline,research/outputs/snap-r0-baseline/results/source.json,875,cf075e1b870d83cf5194769c64f7ee667a420f2f87b8205248de1fdbb03d47c9,not_recorded
snap-r0-baseline,research/outputs/snap-r0-baseline/selftest/selftest.json,112,2daf826305e9e89a5882e2c443dc6f222d49e0e1e16e8b8699709cbb9a7c4c75,not_recorded
snap-r0-baseline,research/outputs/snap-r0-baseline/timing.json,88,8dfeb7d843e1a1931fc68734d64bb163b8aa721bcb46715845c2e699272dca3e,not_recorded
snap-r10-gain-uncertainty,research/outputs/snap-r10-gain-uncertainty/r10_gain_uncertainty.json,17503,cb87d27649d04ff8b0b45364af194b492bf9627036d6e07e969754a4ba7a37e9,not_recorded
snap-r10-scale-transform,research/outputs/snap-r10-scale-transform/SNAP/C01_margin_global_x10/manifest.json,4740,41a8b02c6becf0c9e9f3fb264513ad4e6d578eec8b5f49442112a059c8170689,not_recorded
snap-r10-scale-transform,research/outputs/snap-r10-scale-transform/SNAP/C01_margin_global_x10/original_intervals.json,1462,25b27277e6dede897dd18a058ac9131b67a35cc98d56863bda30e5172c861811,not_recorded
snap-r10-scale-transform,research/outputs/snap-r10-scale-transform/SNAP/C01_margin_global_x10/result.json,1189909,c47f6ef75ede53f7ce263e160b724a73f88251d15bb522f2e11753c461feae5e,not_recorded
snap-r10-scale-transform,research/outputs/snap-r10-scale-transform/SNAP/C01_margin_identity/manifest.json,4734,58b7156b2880e3685a8ec235e70610cac617885912612b70b0c3ede0fcd2c1a8,not_recorded
snap-r10-scale-transform,research/outputs/snap-r10-scale-transform/SNAP/C01_margin_identity/original_intervals.json,1476,127544f03f785d998cf0f50d3c9dffccbfa22a7a4e2bb16d58075a2d74ecaab7,not_recorded
snap-r10-scale-transform,research/outputs/snap-r10-scale-transform/SNAP/C01_margin_identity/result.json,1189971,0fc4efe2eea21fa24b2a8e22fb9f928f290a456ff758255b75f44ce69f52de78,not_recorded
snap-r10-scale-transform,research/outputs/snap-r10-scale-transform/SNAP/C01_margin_sign/manifest.json,4722,6ab5dc73ffea4be4916cc9c549c2f23bf877437e8207882afaf6dae58eec4c65,not_recorded
snap-r10-scale-transform,research/outputs/snap-r10-scale-transform/SNAP/C01_margin_sign/original_intervals.json,1474,0d5e5374917f3e314f8114f24ab20cff146b6abef76e6868c43cadbf49e54ba5,not_recorded
snap-r10-scale-transform,research/outputs/snap-r10-scale-transform/SNAP/C01_margin_sign/result.json,1189976,228ba72c1cd6b2aed49ca6539828cc5508491af151701f30f11e04803e56ceb6,not_recorded
snap-r10-scale-transform,research/outputs/snap-r10-scale-transform/SNAP/C01_margin_standardised/manifest.json,4746,07127a8b34b98ab7cd7a4a746e4be46a96d74c36996ee2dbf87cb9fa23b9b2f7,not_recorded
snap-r10-scale-transform,research/outputs/snap-r10-scale-transform/SNAP/C01_margin_standardised/original_intervals.json,1468,e847dd16c90d05706b1da4f0021c22dcc38792cc0e794b0528463382cbb501bc,not_recorded
snap-r10-scale-transform,research/outputs/snap-r10-scale-transform/SNAP/C01_margin_standardised/result.json,1189963,7275e269cf236d04aa57c8c5a15f39d62c08e8eb5ca842d2df204f5f796df780,not_recorded
snap-r10-scale-transform,research/outputs/snap-r10-scale-transform/SNAP/C01_margin_tanh/manifest.json,4722,1625ccdf2349986606444af91e7e0775b0377125cb00e0d44ba99b5a48cbf80e,not_recorded
snap-r10-scale-transform,research/outputs/snap-r10-scale-transform/SNAP/C01_margin_tanh/original_intervals.json,1476,39bd6972bff22d26faf25253ddf33eb88f2066a6e78a90e6357ec7808eb9bcda,not_recorded
snap-r10-scale-transform,research/outputs/snap-r10-scale-transform/SNAP/C01_margin_tanh/result.json,1189972,b5baa31da32ca0f7749ddd4b0dc3f76156784300c0d9e25fd8f8c94abbf5ec0d,not_recorded
snap-r10-scale-transform,research/outputs/snap-r10-scale-transform/SNAP/C01_margin_tanh_half/manifest.json,4737,303f82ae1b147de5f2bf0d1e887e7e6cfa010ff465eb24b2af0f9584f44c04da,not_recorded
snap-r10-scale-transform,research/outputs/snap-r10-scale-transform/SNAP/C01_margin_tanh_half/original_intervals.json,1473,1ea5a180230f42ced4980bb212846ea86fd350d3abfd3771c9708eae61ada37d,not_recorded
snap-r10-scale-transform,research/outputs/snap-r10-scale-transform/SNAP/C01_margin_tanh_half/result.json,1189977,153ca7f2556e23791361e42d9a552ae0c5525733fd70e5593022693ff02ca9da,not_recorded
snap-r10-scale-transform,research/outputs/snap-r10-scale-transform/SNAP/C01_margin_winsorised/manifest.json,4740,3a9fbf12f31e0903b97e127832a2d1cfbdb4d33e76f1d520da9528b9b941f208,not_recorded
snap-r10-scale-transform,research/outputs/snap-r10-scale-transform/SNAP/C01_margin_winsorised/original_intervals.json,1481,9d800df1feb7c575a9b701da679a4673aaaefe92f1c16774dc41a813cb266044,not_recorded
snap-r10-scale-transform,research/outputs/snap-r10-scale-transform/SNAP/C01_margin_winsorised/result.json,1189961,06cc7912427748c45f787af3874bb20c1c17fd1d29294aaa8f5495a9d43fb478,not_recorded
snap-r10-scale-transform,research/outputs/snap-r10-scale-transform/configs/C01_margin_global_x10.json,167,d1e85d2c0ac242e9c650fd6954a562d548c3812681e613fff5abe831e981ec52,not_recorded
snap-r10-scale-transform,research/outputs/snap-r10-scale-transform/configs/C01_margin_identity.json,165,a1f842da33cf01b094c0b60144d4108e4be98e09c9c0d71cd38b40068fe128bc,not_recorded
snap-r10-scale-transform,research/outputs/snap-r10-scale-transform/configs/C01_margin_sign.json,161,3f313b7aebc7551f8b1306c531bb44a688bf5b09bb2d9413b59421fd43df73d1,not_recorded
snap-r10-scale-transform,research/outputs/snap-r10-scale-transform/configs/C01_margin_standardised.json,169,9a4e08c65d468f418babab13c59fef748e69fca7ba0c7cf2e9abb2e856299e40,not_recorded
snap-r10-scale-transform,research/outputs/snap-r10-scale-transform/configs/C01_margin_tanh.json,161,d6fb3592962b898a18400286b2fa82a90dfab2b1f26ef4f348ae3092a384402d,not_recorded
snap-r10-scale-transform,research/outputs/snap-r10-scale-transform/configs/C01_margin_tanh_half.json,166,e717a26c5c2916b3b486e2539c147656d30e55f73539354d3db29264286ad87e,not_recorded
snap-r10-scale-transform,research/outputs/snap-r10-scale-transform/configs/C01_margin_winsorised.json,167,86a81b41e3891b940952d92bbec0b8ab1e4cf5c27fad128574b35845d556878e,not_recorded
snap-r10-scale-transform,research/outputs/snap-r10-scale-transform/r10_scale_transform.json,11552,7d1f9240cd8d963be29459d552680a98901664243a1816589ae2e442c86018a6,not_recorded
snap-r10-scale-transform,research/outputs/snap-r10-scale-transform/snap_compute/configs/C00.json,152,2b638dd1fb1d2a510d3eb825f98027a08056fe1dd27a9250e4f50ad240644c1f,not_recorded
snap-r10-scale-transform,research/outputs/snap-r10-scale-transform/snap_compute/configs/C01.json,141,74e19c32be007d37d7d24b2ad877d93c38a957431665a1e36ce3683cce06c179,not_recorded
snap-r10-scale-transform,research/outputs/snap-r10-scale-transform/snap_compute/configs/C02.json,48,269315a3dc3a3d12d03f7ec42342f9f50db2e79699a3db7a080b80fa33354be0,not_recorded
snap-r10-scale-transform,research/outputs/snap-r10-scale-transform/snap_compute/configs/C03.json,154,f14efde2af76dedb22f2736f990e7e2884ef70eb67f60cad15fdcc6f00e5f57c,not_recorded
snap-r10-scale-transform,research/outputs/snap-r10-scale-transform/snap_compute/configs/C04.json,138,96913f4fc1218603d3ab220bf7fe00df3d28fd3b09b5f3be4c39a12aca1089e1,not_recorded
snap-r10-scale-transform,research/outputs/snap-r10-scale-transform/snap_compute/configs/C05.json,356,2bb1ab6f3b98e804e4dfa3d6e3184f83be30992db723c993de4a7a408479ff24,not_recorded
snap-r10-scale-transform,research/outputs/snap-r10-scale-transform/snap_compute/configs/C06.json,201,cb38bfc955c3d3d3dcddd93db578e67726ac0cb367e24d3b3d4dbfe52101a9dc,not_recorded
snap-r10-scale-transform,research/outputs/snap-r10-scale-transform/snap_compute/configs/C07.json,190,8c6b7e05d6c727effc6992b855c4c3d635c1c5833e5aea08791abd8798c6e350,not_recorded
snap-r10-scale-transform,research/outputs/snap-r10-scale-transform/snap_compute/configs/C08.json,83,9e59bce6997615eaad981660585f3d1e727901e6d174dabad12ce9df04bf2149,not_recorded
snap-r10-scale-transform,research/outputs/snap-r10-scale-transform/snap_compute/configs/C09.json,183,1c288740ddfe1641f844e189c0e48db014a23f2e1f83a05633758aae0be75368,not_recorded
snap-r10-scale-transform,research/outputs/snap-r10-scale-transform/snap_compute/configs/C10.json,197,6d6b09b6a031658174061702b3b19f364a2989ca912f7392863330c35b51fe61,not_recorded
snap-r10-scale-transform,research/outputs/snap-r10-scale-transform/snap_compute/configs/C11.json,211,b501ea0afdff212ebd0160b8d6962cbe312f29c451a62df79c08ba9fa43d582d,not_recorded
snap-r10-scale-transform,research/outputs/snap-r10-scale-transform/snap_compute/configs/G00.json,403,645d47185de8b44541292568b40c42415f2b7cf475e3965b775c3965f8714fea,not_recorded
snap-r10-scale-transform,research/outputs/snap-r10-scale-transform/snap_compute/configs/G01.json,332,0e7fda3b02519d6b4da6859bca5b3c1e06eae0ec919f5b736ef51f29fa4c184e,not_recorded
snap-r10-scale-transform,research/outputs/snap-r10-scale-transform/snap_compute/configs/G02.json,332,0e7fda3b02519d6b4da6859bca5b3c1e06eae0ec919f5b736ef51f29fa4c184e,not_recorded
snap-r10-scale-transform,research/outputs/snap-r10-scale-transform/snap_compute/configs/G03.json,332,0e7fda3b02519d6b4da6859bca5b3c1e06eae0ec919f5b736ef51f29fa4c184e,not_recorded
snap-r11-composition,research/outputs/snap-r11-composition/r11_composition.json,632497,1c7c89732968fbbe7555e23c3646b53319e37ccfaf9c432518e9b729ec089c34,not_recorded
snap-r11-removal,research/outputs/snap-r11-removal/r11_removal.json,12907,305e00b2ddd0ca2a2452535f46c8407dd14c1654f8e096831cd62f97e338c626,not_recorded
snap-r12-analysis,research/outputs/snap-r12-analysis/r12_analysis.json,4060,05538b6579b5f9e0065a8378b4e86943e8ab4730209f29b813f7162f93c99a31,not_recorded
snap-r12-inversion,research/outputs/snap-r12-inversion/r12_inversion.json,3393,337d57754a99615d98ff00e9c5011fef9f6241c170245e1975cd694fe19915b8,not_recorded
snap-r12-polypythias,research/outputs/snap-r12-polypythias/r12_inventory.json,2730,f4cd877f860d94124b3a8298230f8d1f8bc986683c642cb14be4d34ccd7b9860,not_recorded
snap-r12-polypythias,research/outputs/snap-r12-polypythias/runs-adjacent/step142000/manifest_160m_step142000.json,3043,aac58c669b4e44442d1c7eaf4a9268366095c1d4c440c32540d36f86476fb3af,not_recorded
snap-r12-polypythias,research/outputs/snap-r12-polypythias/runs-adjacent/step143000/manifest_160m_step143000.json,3043,65116d44cd72342fe5cf63d3d23282e25fb4860b68e80eb143cdfefbf072a8dc,not_recorded
snap-r12-polypythias,research/outputs/snap-r12-polypythias/runs-arm2/manifest_14m_step143000.json,2882,2568bf454af9ec0e8e81bed5fc47874692639d18c12f2b9a8b359105181de9dc,not_recorded
snap-r12-polypythias,research/outputs/snap-r12-polypythias/runs-arm2/manifest_160m_step143000.json,2919,8a9b0588502306bab34eec0b98f1280622a37ba73c3d7307ba5bb8f11e75226d,not_recorded
snap-r12-polypythias,research/outputs/snap-r12-polypythias/runs-arm2/manifest_31m_step143000.json,2884,a70b9f9c0307d725bb39408fc6170a5fdfe5242b833070c67fa47d50787c70e2,not_recorded
snap-r12-polypythias,research/outputs/snap-r12-polypythias/runs-arm2/manifest_410m_step143000.json,2919,6543b89bbc50571f05cce4a417c680b9fa4ff2acfa283ca3ddd0e3fe6bac239f,not_recorded
snap-r12-polypythias,research/outputs/snap-r12-polypythias/runs-arm2/manifest_70m_step143000.json,2883,dd5986ad6f6fa76818872d6f94f60c2985e80347ea08453370231db257cd7e51,not_recorded
snap-r12-predict,research/outputs/snap-r12-predict/r12_predict.json,14659,b349fe036b42833589fff351e77273417de19255652d01ca4dd4532ed36b6bbd,not_recorded
snap-r12-predict-pooled,research/outputs/snap-r12-predict-pooled/r12_predict_pooled.json,81570,f31050bd9b3deb108660f02ea3c0431f16ec808bed80c8d5715e7525f0fb14bd,not_recorded
snap-r15-composition,research/outputs/snap-r15-composition/r15_composition.json,570958,b793e81f959aae5a0b82d8b40c5405b02c329b64978b6f77859aa0c5f5cfd010,not_recorded
snap-r19-size-intervals,research/outputs/snap-r19-size-intervals/r19_size_intervals.json,25645,833e298726e1303f495d8bee12051d1fcfe28ad6132e8b3e07ffb6f7deacd330,not_recorded
snap-r2-boolq-map,research/outputs/snap-r2-boolq-map/boolq_map/boolq_groups.json,104651,4e6ddf37e9ca8dec97bf838feded4907adca9ffad29e4cb372750b5a92886787,not_recorded
snap-r2-boolq-map,research/outputs/snap-r2-boolq-map/boolq_map/boolq_map_report.json,587,8b79da4ee7df75b003c94bc9f98c7252c15c91c7f2da2db14d82166a7bd2b3ab,not_recorded
snap-r2-boolq-map,research/outputs/snap-r2-boolq-map/boolq_map/first_records.json,30995,105565a401a45d81dadb7110c069953a415e5db6fa15ef43fa3351fc2d0c3f41,not_recorded
snap-r2-boolq-map,research/outputs/snap-r2-boolq-map/boolq_map/hf_repo_tree.json,24404,54909cc40e845c4171276a1fea94f1f03a6842504f2d3ec88e67d0284fb48f97,not_recorded
snap-r2-boolq-map,research/outputs/snap-r2-boolq-map/boolq_map/task_native_ids.json,2493079,8325d6bb01d21c6f15cc9af926420896ad64475103082e361c101976fdc3418e,not_recorded
snap-r2-group-sim,research/outputs/snap-r2-group-sim/hist.json,63,7971edfcbe23390fab87bb7ba8a625b1262e9cfd32cbc12c4a8f8e84b902916b,not_recorded
snap-r2-group-sim,research/outputs/snap-r2-group-sim/r2sim/summary.json,4535,415c516f943c705c65596de8c26d9b9ab67b4d4d62b270bcb3b15bbed5f7ac26,not_recorded
snap-r2-grouped,research/outputs/snap-r2-grouped/SNAP/C01_accuracy_group/manifest.json,4746,c0ce1979463e89c514dc17a84ad2409f46b42df3908a9c90bf51e9e5d4055ac8,not_recorded
snap-r2-grouped,research/outputs/snap-r2-grouped/SNAP/C01_accuracy_group/original_intervals.json,1481,005505186507fba97b7a1a6b33a5be66a050a7e0052be9f60458cfc09017069d,not_recorded
snap-r2-grouped,research/outputs/snap-r2-grouped/SNAP/C01_accuracy_group/result.json,1189974,ddfacf96c226fd8b8c120a64711e6a04fd8ce22f8f641601507b8cdf100859a3,not_recorded
snap-r2-grouped,research/outputs/snap-r2-grouped/SNAP/C01_accuracy_item/manifest.json,4745,38c56827b49a819659c18287629e0e5f8a953b37704785adad61e972a9169c96,not_recorded
snap-r2-grouped,research/outputs/snap-r2-grouped/SNAP/C01_accuracy_item/original_intervals.json,1479,cec727b78e118f4d798ec88afb488a2b47731596be5827b330f4c9061edf668c,not_recorded
snap-r2-grouped,research/outputs/snap-r2-grouped/SNAP/C01_accuracy_item/result.json,1189967,7e0d68e58bb901d5d48ab7f43c4f9e5e042d8db19cc943995a5afea591cfca4b,not_recorded
snap-r2-grouped,research/outputs/snap-r2-grouped/SNAP/C01_accuracy_noboolq_original/manifest.json,4757,e36d49e268415311498023982751629126fe7e7e3a9e1ee1650b7af7bfbf82b4,not_recorded
snap-r2-grouped,research/outputs/snap-r2-grouped/SNAP/C01_accuracy_noboolq_original/original_intervals.json,1403,07105c855bf00c9d572bb9c2403548b01151a56cbf9326fcdaca8477349f3f50,not_recorded
snap-r2-grouped,research/outputs/snap-r2-grouped/SNAP/C01_accuracy_noboolq_original/result.json,1087871,97ee3a317e61d779b9f26bc7e113b5f62608e57900c32c04fb286a1f0857d2fd,not_recorded
snap-r2-grouped,research/outputs/snap-r2-grouped/SNAP/C01_accuracy_original/manifest.json,4749,7337ad9b5eef5dbe1ec2432d0684ac9052a2d5a5390caab1e7782c1450c0caba,not_recorded
snap-r2-grouped,research/outputs/snap-r2-grouped/SNAP/C01_accuracy_original/original_intervals.json,1481,86e103337f9995661c99591341cebacc6b418afed5a2834fcbbf2ae0c8925390,not_recorded
snap-r2-grouped,research/outputs/snap-r2-grouped/SNAP/C01_accuracy_original/result.json,1189971,998a6bae923ee5cbab8276c026051f0885a93945d7ab8cfc001ecbb8280d2e73,not_recorded
snap-r2-grouped,research/outputs/snap-r2-grouped/SNAP/C01_margin_group/manifest.json,4739,1d8438fa194a5523cf1cfde4d198131c914a14b68d1de69541354f52cee02124,not_recorded
snap-r2-grouped,research/outputs/snap-r2-grouped/SNAP/C01_margin_group/original_intervals.json,1470,c06116497c116764d703db369e31476f50627d3041a553c40e083629fe445afc,not_recorded
snap-r2-grouped,research/outputs/snap-r2-grouped/SNAP/C01_margin_group/result.json,1189972,90502f270197173c5b9029015811975b7ee9ff8254ef3e2fd3b47449f47f75fd,not_recorded
snap-r2-grouped,research/outputs/snap-r2-grouped/SNAP/C01_margin_item/manifest.json,4738,4496ad030f015bac639845148382b544f3e8fb096eeebc4cb0c00ec9ed46de89,not_recorded
snap-r2-grouped,research/outputs/snap-r2-grouped/SNAP/C01_margin_item/original_intervals.json,1474,ba311779fad0d8175b13dab9ce8064bd7abfdd039743f3fbf9905e14fdacdcbc,not_recorded
snap-r2-grouped,research/outputs/snap-r2-grouped/SNAP/C01_margin_item/result.json,1189967,9d26f1779a39d140c0bb5e0361e93dbd5a943e42e3ca2efc39d1256bd6eb0d89,not_recorded
snap-r2-grouped,research/outputs/snap-r2-grouped/SNAP/C01_margin_noboolq_original/manifest.json,4752,77cfa9aedb331267ec455a5d5c9ac90fc47531cdf8f30a6eb8817d407d65d3fe,not_recorded
snap-r2-grouped,research/outputs/snap-r2-grouped/SNAP/C01_margin_noboolq_original/original_intervals.json,1411,8894b81d9f52e0a72f96b82e98473580464c66f9cb5d0424643c1060e18b87b3,not_recorded
snap-r2-grouped,research/outputs/snap-r2-grouped/SNAP/C01_margin_noboolq_original/result.json,1087868,973b7f0d9ee01ecd386facde257cd65dd358c0864890886f35e1b20e0dc19ece,not_recorded
snap-r2-grouped,research/outputs/snap-r2-grouped/SNAP/C01_margin_original/manifest.json,4743,5086eceb8c9b938501e043c59e3650b6d6d55e7beab2bf9b355cdd79ed4c0ad0,not_recorded
snap-r2-grouped,research/outputs/snap-r2-grouped/SNAP/C01_margin_original/original_intervals.json,1476,127544f03f785d998cf0f50d3c9dffccbfa22a7a4e2bb16d58075a2d74ecaab7,not_recorded
snap-r2-grouped,research/outputs/snap-r2-grouped/SNAP/C01_margin_original/result.json,1189971,0fc4efe2eea21fa24b2a8e22fb9f928f290a456ff758255b75f44ce69f52de78,not_recorded
snap-r2-grouped,research/outputs/snap-r2-grouped/SNAP/C03_accuracy/assignments/group_0000.json,1034837,e59eade17625aff3ce7c33f44cb3d072c1992c599c6bb9741ccd8b5db178055e,not_recorded
snap-r2-grouped,research/outputs/snap-r2-grouped/SNAP/C03_accuracy/assignments/group_0001.json,1034837,9a5773c799c689bb6f4d01b4b6eca737d9b37aad6bb0b354bb0479551fba0de3,not_recorded
snap-r2-grouped,research/outputs/snap-r2-grouped/SNAP/C03_accuracy/assignments/group_0002.json,1034837,8cf8142af7559c7a7b2d48174136e8deffe0f459a9748e6861271033bab9effc,not_recorded
snap-r2-grouped,research/outputs/snap-r2-grouped/SNAP/C03_accuracy/assignments/group_0003.json,1034837,7d88d29c7fabf2f91477c5693f57125371919121ef855aa282d4d11207079894,not_recorded
snap-r2-grouped,research/outputs/snap-r2-grouped/SNAP/C03_accuracy/assignments/group_0004.json,1034837,24f8a047cdc3951e8af2f81edcdd714eecd109616671b7c4bd7525134db10a4d,not_recorded
snap-r2-grouped,research/outputs/snap-r2-grouped/SNAP/C03_accuracy/assignments/group_0005.json,1034837,982ab1339065b7e6e40fafb1e86b870295407c0a8df4136cde01be598110b336,not_recorded
snap-r2-grouped,research/outputs/snap-r2-grouped/SNAP/C03_accuracy/assignments/group_0006.json,1034837,950ef52f04942a02a2ef29896e52c0870ff18ab09ba06a7abd013ed4b6331326,not_recorded
snap-r2-grouped,research/outputs/snap-r2-grouped/SNAP/C03_accuracy/assignments/group_0007.json,1034837,6301523766b4e4f5655a1e80c97ddf6d26450ba29921f1b7ae1edcee5d53104f,not_recorded
snap-r2-grouped,research/outputs/snap-r2-grouped/SNAP/C03_accuracy/assignments/group_0008.json,1034837,941a32806a3a80d802a6b8126339f141f265a4cb55adfd5a45841fd485c3fa37,not_recorded
snap-r2-grouped,research/outputs/snap-r2-grouped/SNAP/C03_accuracy/assignments/group_0009.json,1034837,c533c84e04f3cea3af95daf6613cf41a676a1a5e346d8ba6ac366ad5bddef15d,not_recorded
snap-r2-grouped,research/outputs/snap-r2-grouped/SNAP/C03_accuracy/assignments/group_0010.json,1034837,9d73e4ad77064a1f06e685c9a9b69188a3d66cd60d7f709205f5f364737e709c,not_recorded
snap-r2-grouped,research/outputs/snap-r2-grouped/SNAP/C03_accuracy/assignments/group_0011.json,1034837,0eb133b6d427977c96f2d1b13fc5a9eb92cd1713e1e1891a962292ab5c5061fb,not_recorded
snap-r2-grouped,research/outputs/snap-r2-grouped/SNAP/C03_accuracy/assignments/group_0012.json,1034837,c898f78740fd59f3699e0ecdbf51757725e40db3aecc06d5116f5471332623fe,not_recorded
snap-r2-grouped,research/outputs/snap-r2-grouped/SNAP/C03_accuracy/assignments/group_0013.json,1034837,dac1da3c26c86c684c9517bbfccb013bdd808c6f81da301aa2d981c8bc8c4aba,not_recorded
snap-r2-grouped,research/outputs/snap-r2-grouped/SNAP/C03_accuracy/assignments/group_0014.json,1034837,0d1a1ccab397e55b9b5b2f1f816b68393826046763d8f698c3351d2a6407eb9e,not_recorded
snap-r2-grouped,research/outputs/snap-r2-grouped/SNAP/C03_accuracy/assignments/group_0015.json,1034837,adb2eb2e3975815d97ead1327cebd6850d3bf8dc58a28a1af15c066e9607576d,not_recorded
snap-r2-grouped,research/outputs/snap-r2-grouped/SNAP/C03_accuracy/assignments/group_0016.json,1034837,b5fbd0258ec0ece9ef63cfe0f9f51b4f5526f58cde53866762be41ce14713ea9,not_recorded
snap-r2-grouped,research/outputs/snap-r2-grouped/SNAP/C03_accuracy/assignments/group_0017.json,1034837,e7012ea2d87cc3e0555287248daabfc935887fb303f13bdb0f2c02cf7697cf7e,not_recorded
snap-r2-grouped,research/outputs/snap-r2-grouped/SNAP/C03_accuracy/assignments/group_0018.json,1034837,0725205bb2f0a8f9179d8d8442d3a1eee510f5204ea1c1af688b6db0aad2407d,not_recorded
snap-r2-grouped,research/outputs/snap-r2-grouped/SNAP/C03_accuracy/assignments/group_0019.json,1034837,47248b00cad460ab0a4afcd490f6ce244cbe144816a13daeb55afd91971c7ddf,not_recorded
snap-r2-grouped,research/outputs/snap-r2-grouped/SNAP/C03_accuracy/assignments/group_0020.json,1034837,2a4c8a80831658defed661c2424c992344d69efd8312004fa996492be227b754,not_recorded
snap-r2-grouped,research/outputs/snap-r2-grouped/SNAP/C03_accuracy/assignments/group_0021.json,1034837,7f4b43b7720fdf3bbf311030507120929eefe1f901a81677e46fdff8aa06dea5,not_recorded
snap-r2-grouped,research/outputs/snap-r2-grouped/SNAP/C03_accuracy/assignments/group_0022.json,1034837,627730b5d480eccb490d76fdb89a7c7f16ec5ff61fea61fd18a09c9010b000f1,not_recorded
snap-r2-grouped,research/outputs/snap-r2-grouped/SNAP/C03_accuracy/assignments/group_0023.json,1034837,614a23418c00545c65049e4c2db87dabada70b9e19b8ceae66977635e7461d8c,not_recorded
snap-r2-grouped,research/outputs/snap-r2-grouped/SNAP/C03_accuracy/assignments/group_0024.json,1034837,8df9fe15551f8e42e94dd34725b38e81656e9e01a490d8b7f1aa70f664ac5ca6,not_recorded
snap-r2-grouped,research/outputs/snap-r2-grouped/SNAP/C03_accuracy/assignments/group_0025.json,1034837,313f7430366d991bacc5b3d5ace99f47ec8c139c1815c80acb988af1bdee0d33,not_recorded
snap-r2-grouped,research/outputs/snap-r2-grouped/SNAP/C03_accuracy/assignments/group_0026.json,1034837,392a56555da5f490269ab3b964a7c10853cb9ab9401b209d0cae83ca4a3f62c8,not_recorded
snap-r2-grouped,research/outputs/snap-r2-grouped/SNAP/C03_accuracy/assignments/group_0027.json,1034837,50887735e8bb41a8654ff7349bb3b2dde77c78fc82eb983b5d09f33b75cd7273,not_recorded
snap-r2-grouped,research/outputs/snap-r2-grouped/SNAP/C03_accuracy/assignments/group_0028.json,1034837,ba329772e95d79ebad485a5f5b2ac1086bcb58009fd83e6e7da1a705579f82dd,not_recorded
snap-r2-grouped,research/outputs/snap-r2-grouped/SNAP/C03_accuracy/assignments/group_0029.json,1034837,3a7aee8a9a35810152880379b60d08eb43301d934be6452f8884760fc136b902,not_recorded
snap-r2-grouped,research/outputs/snap-r2-grouped/SNAP/C03_accuracy/assignments/group_0030.json,1034837,e537c7e780d04e196a241069fe655ccdb8306817e4b451b782a0f95769bc8b90,not_recorded
snap-r2-grouped,research/outputs/snap-r2-grouped/SNAP/C03_accuracy/assignments/group_0031.json,1034837,85f1740be5c84ad47fc965ddfd287d44dd10c0863edece5c855f18c315195c60,not_recorded
snap-r2-grouped,research/outputs/snap-r2-grouped/SNAP/C03_accuracy/assignments/group_0032.json,1034837,04c97176c05b71b74c4d44fd691a69f61d84d8b52148cb4e92d167de10e7e851,not_recorded
snap-r2-grouped,research/outputs/snap-r2-grouped/SNAP/C03_accuracy/assignments/group_0033.json,1034837,eea68e6b742ea8bfa6e2709661b2c5bf30a3ff449561d1540347a1a14a65a138,not_recorded
snap-r2-grouped,research/outputs/snap-r2-grouped/SNAP/C03_accuracy/assignments/group_0034.json,1034837,f0e7d7d6fe01ec22d5634900185b1dae6263beee6da3fd00082d49011ed475e3,not_recorded
snap-r2-grouped,research/outputs/snap-r2-grouped/SNAP/C03_accuracy/assignments/group_0035.json,1034837,ff053e665f96e8ce56adc5ca8bf6b053b0cfb05b48bd52ed47b3125d8315794f,not_recorded
snap-r2-grouped,research/outputs/snap-r2-grouped/SNAP/C03_accuracy/assignments/group_0036.json,1034837,288949128e6ddacd8b96c0c134c0d6b8da3286ec9452081b9ab6c0d32d3cf123,not_recorded
snap-r2-grouped,research/outputs/snap-r2-grouped/SNAP/C03_accuracy/assignments/group_0037.json,1034837,b5c3726fcde3544cabc86093435c72943f3f96302513f300efe9bb34b504210b,not_recorded
snap-r2-grouped,research/outputs/snap-r2-grouped/SNAP/C03_accuracy/assignments/group_0038.json,1034837,9aae919de1005aaf0176a48248aa9d87c70b47347e3855dcfdcd3b28e274f36b,not_recorded
snap-r2-grouped,research/outputs/snap-r2-grouped/SNAP/C03_accuracy/assignments/group_0039.json,1034837,4d413d344ba6347adb7dd53aed95c62fa3fd486f4cc1842ddbb3597f0adbeebc,not_recorded
snap-r2-grouped,research/outputs/snap-r2-grouped/SNAP/C03_accuracy/assignments/group_0040.json,1034837,bdf0e63626dec294c6ac782b5eeb19ec3ceab0d36add3430967bc6cbcb19bdf5,not_recorded
snap-r2-grouped,research/outputs/snap-r2-grouped/SNAP/C03_accuracy/assignments/group_0041.json,1034837,51b4b8b43ad22a12fb330ed0ccbfba38ae89e16fd46708b918385794d7c57ecc,not_recorded
snap-r2-grouped,research/outputs/snap-r2-grouped/SNAP/C03_accuracy/assignments/group_0042.json,1034837,03d979a4bfaafd5375744793f317579de34359bf8541a2b8f6f7e82afdb18c9c,not_recorded
snap-r2-grouped,research/outputs/snap-r2-grouped/SNAP/C03_accuracy/assignments/group_0043.json,1034837,c192aa16aecf61667fdb9803b39825d92a8e712e0d1409ede4c244652f567f6a,not_recorded
snap-r2-grouped,research/outputs/snap-r2-grouped/SNAP/C03_accuracy/assignments/group_0044.json,1034837,f686665eb028f194ac1fa9a50ebb46976eeb6c906d327e511dad12fc03e2a688,not_recorded
snap-r2-grouped,research/outputs/snap-r2-grouped/SNAP/C03_accuracy/assignments/group_0045.json,1034837,cb8c15d7d80897046475aee406b8ec2ae0af31d4d7b7326255db11a601ffa8aa,not_recorded
snap-r2-grouped,research/outputs/snap-r2-grouped/SNAP/C03_accuracy/assignments/group_0046.json,1034837,f7f903b3cd4d3ec47a4244945f95c706d544a13fa4d3462a208b1d3b9294295b,not_recorded
snap-r2-grouped,research/outputs/snap-r2-grouped/SNAP/C03_accuracy/assignments/group_0047.json,1034837,8a0f0ed2cf0be15a54174c0674380035733a78cb9eb84b71f5b01548b75b0b0f,not_recorded
snap-r2-grouped,research/outputs/snap-r2-grouped/SNAP/C03_accuracy/assignments/group_0048.json,1034837,ef3a62944c9b3c4a5770518c08abc0a715735b8afff877e3cb22dae0205d4a13,not_recorded
snap-r2-grouped,research/outputs/snap-r2-grouped/SNAP/C03_accuracy/assignments/group_0049.json,1034837,0517c39f398f2e8beb8a4f6028dbbfd052fe6df540e31e0c8cdd3e5ade21fc7c,not_recorded
snap-r2-grouped,research/outputs/snap-r2-grouped/SNAP/C03_accuracy/assignments/item_0000.json,1034837,9c4ae8eaad3e27042a467d435da7659d11007f287155e01d993e44640345b327,not_recorded
snap-r2-grouped,research/outputs/snap-r2-grouped/SNAP/C03_accuracy/assignments/item_0001.json,1034837,84d44b5f1bcd795e11b2c1f361bd9dd4c4ec7ea431c1ed1a9908713002401ecd,not_recorded
snap-r2-grouped,research/outputs/snap-r2-grouped/SNAP/C03_accuracy/assignments/item_0002.json,1034837,6281e26df469b7ba3aa560e5bd756766d189811693e3026bcce3876b53488710,not_recorded
snap-r2-grouped,research/outputs/snap-r2-grouped/SNAP/C03_accuracy/assignments/item_0003.json,1034837,d25996de63dc875afd39b7e03b13297b5b4b6afbf8d418c22d694ccbd525f7e6,not_recorded
snap-r2-grouped,research/outputs/snap-r2-grouped/SNAP/C03_accuracy/assignments/item_0004.json,1034837,5e86b048c9ec0419aaaddc4225f5539a2eaacdbbc801b42391641989836fc807,not_recorded
snap-r2-grouped,research/outputs/snap-r2-grouped/SNAP/C03_accuracy/assignments/item_0005.json,1034837,e4bf2012aa6a62d32a9be5af6cf89dc9b9d3ca1ede8b46aff7b2dba09544e097,not_recorded
snap-r2-grouped,research/outputs/snap-r2-grouped/SNAP/C03_accuracy/assignments/item_0006.json,1034837,4c671f784392c7525eb272c77998a42c9bc9206ebcf2ed85231cfc1f919d99f4,not_recorded
snap-r2-grouped,research/outputs/snap-r2-grouped/SNAP/C03_accuracy/assignments/item_0007.json,1034837,7296488a10e77c5b97bfca20677091dbe53fad953160e70e68e5faf8cdcea55e,not_recorded
snap-r2-grouped,research/outputs/snap-r2-grouped/SNAP/C03_accuracy/assignments/item_0008.json,1034837,5838073378490a77b62ef4d254e86234e0eb117e6c16931ab6d6fac5298ece7c,not_recorded
snap-r2-grouped,research/outputs/snap-r2-grouped/SNAP/C03_accuracy/assignments/item_0009.json,1034837,6ae3391068af8ca26ee164093a85eb54e70044b4b54c136d769d982b60efa202,not_recorded
snap-r2-grouped,research/outputs/snap-r2-grouped/SNAP/C03_accuracy/assignments/item_0010.json,1034837,1c8a1d4752aa75329cdf3a5e6251c9f6aa398dda5be041425339aefcc22075cc,not_recorded
snap-r2-grouped,research/outputs/snap-r2-grouped/SNAP/C03_accuracy/assignments/item_0011.json,1034837,276366c5271c22dc2f27a590a0263e9c3df7a520e8bcfc0776dec14ced004deb,not_recorded
snap-r2-grouped,research/outputs/snap-r2-grouped/SNAP/C03_accuracy/assignments/item_0012.json,1034837,28235cc8d946478bf064c703bf84c759f24f3ef18d8ad3725ddf2a849ef616dd,not_recorded
snap-r2-grouped,research/outputs/snap-r2-grouped/SNAP/C03_accuracy/assignments/item_0013.json,1034837,ace3a28beef102c26eb031528c71c99555791da40481bf46804b9963625cb64e,not_recorded
snap-r2-grouped,research/outputs/snap-r2-grouped/SNAP/C03_accuracy/assignments/item_0014.json,1034837,c9c4b7c378a0f8dd79c5aad1f8ff1ef65f2b0edf85ff2757d56ef69951cdf2ad,not_recorded
snap-r2-grouped,research/outputs/snap-r2-grouped/SNAP/C03_accuracy/assignments/item_0015.json,1034837,68edd6288d4b72de9929c6441cc031cf7b19ab9fccc91fe9322a8a7a1d6fe089,not_recorded
snap-r2-grouped,research/outputs/snap-r2-grouped/SNAP/C03_accuracy/assignments/item_0016.json,1034837,17774067d52144a5c908c1b2814de774d2e0ea8fe0ad8f10d51c2adefd9da739,not_recorded
snap-r2-grouped,research/outputs/snap-r2-grouped/SNAP/C03_accuracy/assignments/item_0017.json,1034837,95e23ac91076ec1b41a7bede668f35d6677eb1a84582b511a7d49c5804e8510c,not_recorded
snap-r2-grouped,research/outputs/snap-r2-grouped/SNAP/C03_accuracy/assignments/item_0018.json,1034837,3869525188e5f22681a8984c833efb4aea5ba2707b2db849125fed35d75cb48a,not_recorded
snap-r2-grouped,research/outputs/snap-r2-grouped/SNAP/C03_accuracy/assignments/item_0019.json,1034837,4dc82a3d40dd53f52071d09616dbf5e588fbe8c4d06977594a35cd4b2117d7de,not_recorded
snap-r2-grouped,research/outputs/snap-r2-grouped/SNAP/C03_accuracy/assignments/item_0020.json,1034837,7dbfa0ed73428ac9d89c8baa40be878edaca2d2813f5417ea9d17f3f0f6a9aa3,not_recorded
snap-r2-grouped,research/outputs/snap-r2-grouped/SNAP/C03_accuracy/assignments/item_0021.json,1034837,79456a7ee5683f26c02b8105a5d766011793e27d79123652b4a2c81d67686a56,not_recorded
snap-r2-grouped,research/outputs/snap-r2-grouped/SNAP/C03_accuracy/assignments/item_0022.json,1034837,a43893aeca8c15014c1f2a05e4a26e34a0080df457f6e3958f9dc3cdac1a6e78,not_recorded
snap-r2-grouped,research/outputs/snap-r2-grouped/SNAP/C03_accuracy/assignments/item_0023.json,1034837,880405ec02cbe3a7bb41129261f8304cbf51a65815d505d74b25620bd57b5dbd,not_recorded
snap-r2-grouped,research/outputs/snap-r2-grouped/SNAP/C03_accuracy/assignments/item_0024.json,1034837,578b50d08bf5c2808f07e42bdb6c07fee202b243ffc295652b41d5c594ceab91,not_recorded
snap-r2-grouped,research/outputs/snap-r2-grouped/SNAP/C03_accuracy/assignments/item_0025.json,1034837,0d3403e43803dfebb3051738f11ab58524536d315a8aa42d91163a67f9ce55e5,not_recorded
snap-r2-grouped,research/outputs/snap-r2-grouped/SNAP/C03_accuracy/assignments/item_0026.json,1034837,9d85a08355030b43105fe9565b6a3358181d5e249ef28061c74fd3d1266f2eef,not_recorded
snap-r2-grouped,research/outputs/snap-r2-grouped/SNAP/C03_accuracy/assignments/item_0027.json,1034837,cd4defc9f0268a2d23dd358bf228c05d1c1ebb7f847411584fb22ba73fdd5efe,not_recorded
snap-r2-grouped,research/outputs/snap-r2-grouped/SNAP/C03_accuracy/assignments/item_0028.json,1034837,0cefacd6bb3d78fea70f84fc24bcdcf10b3d524d8890e146e883b13104526e5c,not_recorded
snap-r2-grouped,research/outputs/snap-r2-grouped/SNAP/C03_accuracy/assignments/item_0029.json,1034837,fd5114a2b90ccd35be9578ae328145ca6ef5063e83b216140668e4f2047ffe0d,not_recorded
snap-r2-grouped,research/outputs/snap-r2-grouped/SNAP/C03_accuracy/assignments/item_0030.json,1034837,714919966fc5d5beaa5aeeb8e5898a298a85f8023fa0532377eec69033f3a5d9,not_recorded
snap-r2-grouped,research/outputs/snap-r2-grouped/SNAP/C03_accuracy/assignments/item_0031.json,1034837,24dbff0af01d7a79f1f024339bcd9417a0027d8930eaa7079b283047545a466e,not_recorded
snap-r2-grouped,research/outputs/snap-r2-grouped/SNAP/C03_accuracy/assignments/item_0032.json,1034837,49f515013bc7695f8a5d78b3d29988a672ffedd33983efd91e578638425ca60e,not_recorded
snap-r2-grouped,research/outputs/snap-r2-grouped/SNAP/C03_accuracy/assignments/item_0033.json,1034837,cf70d1d2972928b69d351629418a59b868af9ff857ec3881a7584ea7b3289818,not_recorded
snap-r2-grouped,research/outputs/snap-r2-grouped/SNAP/C03_accuracy/assignments/item_0034.json,1034837,33cf21c174fe344f80f15bbe3aa4c71254806246893b42f4486071e5e7df5999,not_recorded
snap-r2-grouped,research/outputs/snap-r2-grouped/SNAP/C03_accuracy/assignments/item_0035.json,1034837,f619730c2594f6dbaea4e55db10915f638ddd4303bc1c893b6871e7ba07250f4,not_recorded
snap-r2-grouped,research/outputs/snap-r2-grouped/SNAP/C03_accuracy/assignments/item_0036.json,1034837,eb8a8101efdff95172005efa720c8d095eaf7c3f63afd2db4d3642475d950895,not_recorded
snap-r2-grouped,research/outputs/snap-r2-grouped/SNAP/C03_accuracy/assignments/item_0037.json,1034837,3d261fa2f929c8a437fa9fecc12beb7ab4a29bfa25762cdf257a85482c76f0a0,not_recorded
snap-r2-grouped,research/outputs/snap-r2-grouped/SNAP/C03_accuracy/assignments/item_0038.json,1034837,d660e3a2f4f04a6214a96bf9c1d38f46e2fd3f6d4ed1a5f4fd141800c84a8c2e,not_recorded
snap-r2-grouped,research/outputs/snap-r2-grouped/SNAP/C03_accuracy/assignments/item_0039.json,1034837,444d49791f69c87806dd9623439df8ad768684df0f76f4eb4517e0e99f45f7c8,not_recorded
snap-r2-grouped,research/outputs/snap-r2-grouped/SNAP/C03_accuracy/assignments/item_0040.json,1034837,967f92c52455736f2e59338cdb5f62c000799c335bd85a4239b7b58cd1c6c099,not_recorded
snap-r2-grouped,research/outputs/snap-r2-grouped/SNAP/C03_accuracy/assignments/item_0041.json,1034837,1e286a49583b22b8d3caf86298bbaa3638f60d4d29175facc87093ae470d68c1,not_recorded
snap-r2-grouped,research/outputs/snap-r2-grouped/SNAP/C03_accuracy/assignments/item_0042.json,1034837,544c10a894ca604ef578aea73323f8656fa8d5d9850b75c60901d3aa237997e5,not_recorded
snap-r2-grouped,research/outputs/snap-r2-grouped/SNAP/C03_accuracy/assignments/item_0043.json,1034837,062c5e25754953331fc90824050d889310bbacd448a40def32a9a3f3835e1a9e,not_recorded
snap-r2-grouped,research/outputs/snap-r2-grouped/SNAP/C03_accuracy/assignments/item_0044.json,1034837,54f637be18a45280dd52e8f81d6c172676ec15d89f9fd260435d7180a08cfa9a,not_recorded
snap-r2-grouped,research/outputs/snap-r2-grouped/SNAP/C03_accuracy/assignments/item_0045.json,1034837,fd6b6895159c6ec04287321093e062ae76a778c262b218130e00e47ff8241812,not_recorded
snap-r2-grouped,research/outputs/snap-r2-grouped/SNAP/C03_accuracy/assignments/item_0046.json,1034837,2428806a56e114f3eae5736b9ef2440046e1ad890118eee617257b82b9afd4cc,not_recorded
snap-r2-grouped,research/outputs/snap-r2-grouped/SNAP/C03_accuracy/assignments/item_0047.json,1034837,04c4f8ccc25165d6136a4092ea16e23055a594060a8cbde21185b7f6336b29a6,not_recorded
snap-r2-grouped,research/outputs/snap-r2-grouped/SNAP/C03_accuracy/assignments/item_0048.json,1034837,726227532a88b018b4e72fe6028824aaf60bf8af49f88c01bc36fd1a48383448,not_recorded
snap-r2-grouped,research/outputs/snap-r2-grouped/SNAP/C03_accuracy/assignments/item_0049.json,1034837,2c24d54413e82081be797c37977f08dbb0c8a3ff0723b177b5dac8d91ccdcb9f,not_recorded
snap-r2-grouped,research/outputs/snap-r2-grouped/SNAP/C03_accuracy/manifest.json,14870,2253355984f0aac532b9a8794227576ec21a4b98b589f23e4de001c27b8cedef,not_recorded
snap-r2-grouped,research/outputs/snap-r2-grouped/SNAP/C03_accuracy/result.json,424385,f8201959963cdf04216334188c3898236367bf93c1821bca661972744c8069d4,not_recorded
snap-r2-grouped,research/outputs/snap-r2-grouped/SNAP/C03_margin/assignments/group_0000.json,1034837,e59eade17625aff3ce7c33f44cb3d072c1992c599c6bb9741ccd8b5db178055e,not_recorded
snap-r2-grouped,research/outputs/snap-r2-grouped/SNAP/C03_margin/assignments/group_0001.json,1034837,9a5773c799c689bb6f4d01b4b6eca737d9b37aad6bb0b354bb0479551fba0de3,not_recorded
snap-r2-grouped,research/outputs/snap-r2-grouped/SNAP/C03_margin/assignments/group_0002.json,1034837,8cf8142af7559c7a7b2d48174136e8deffe0f459a9748e6861271033bab9effc,not_recorded
snap-r2-grouped,research/outputs/snap-r2-grouped/SNAP/C03_margin/assignments/group_0003.json,1034837,7d88d29c7fabf2f91477c5693f57125371919121ef855aa282d4d11207079894,not_recorded
snap-r2-grouped,research/outputs/snap-r2-grouped/SNAP/C03_margin/assignments/group_0004.json,1034837,24f8a047cdc3951e8af2f81edcdd714eecd109616671b7c4bd7525134db10a4d,not_recorded
snap-r2-grouped,research/outputs/snap-r2-grouped/SNAP/C03_margin/assignments/group_0005.json,1034837,982ab1339065b7e6e40fafb1e86b870295407c0a8df4136cde01be598110b336,not_recorded
snap-r2-grouped,research/outputs/snap-r2-grouped/SNAP/C03_margin/assignments/group_0006.json,1034837,950ef52f04942a02a2ef29896e52c0870ff18ab09ba06a7abd013ed4b6331326,not_recorded
snap-r2-grouped,research/outputs/snap-r2-grouped/SNAP/C03_margin/assignments/group_0007.json,1034837,6301523766b4e4f5655a1e80c97ddf6d26450ba29921f1b7ae1edcee5d53104f,not_recorded
snap-r2-grouped,research/outputs/snap-r2-grouped/SNAP/C03_margin/assignments/group_0008.json,1034837,941a32806a3a80d802a6b8126339f141f265a4cb55adfd5a45841fd485c3fa37,not_recorded
snap-r2-grouped,research/outputs/snap-r2-grouped/SNAP/C03_margin/assignments/group_0009.json,1034837,c533c84e04f3cea3af95daf6613cf41a676a1a5e346d8ba6ac366ad5bddef15d,not_recorded
snap-r2-grouped,research/outputs/snap-r2-grouped/SNAP/C03_margin/assignments/group_0010.json,1034837,9d73e4ad77064a1f06e685c9a9b69188a3d66cd60d7f709205f5f364737e709c,not_recorded
snap-r2-grouped,research/outputs/snap-r2-grouped/SNAP/C03_margin/assignments/group_0011.json,1034837,0eb133b6d427977c96f2d1b13fc5a9eb92cd1713e1e1891a962292ab5c5061fb,not_recorded
snap-r2-grouped,research/outputs/snap-r2-grouped/SNAP/C03_margin/assignments/group_0012.json,1034837,c898f78740fd59f3699e0ecdbf51757725e40db3aecc06d5116f5471332623fe,not_recorded
snap-r2-grouped,research/outputs/snap-r2-grouped/SNAP/C03_margin/assignments/group_0013.json,1034837,dac1da3c26c86c684c9517bbfccb013bdd808c6f81da301aa2d981c8bc8c4aba,not_recorded
snap-r2-grouped,research/outputs/snap-r2-grouped/SNAP/C03_margin/assignments/group_0014.json,1034837,0d1a1ccab397e55b9b5b2f1f816b68393826046763d8f698c3351d2a6407eb9e,not_recorded
snap-r2-grouped,research/outputs/snap-r2-grouped/SNAP/C03_margin/assignments/group_0015.json,1034837,adb2eb2e3975815d97ead1327cebd6850d3bf8dc58a28a1af15c066e9607576d,not_recorded
snap-r2-grouped,research/outputs/snap-r2-grouped/SNAP/C03_margin/assignments/group_0016.json,1034837,b5fbd0258ec0ece9ef63cfe0f9f51b4f5526f58cde53866762be41ce14713ea9,not_recorded
snap-r2-grouped,research/outputs/snap-r2-grouped/SNAP/C03_margin/assignments/group_0017.json,1034837,e7012ea2d87cc3e0555287248daabfc935887fb303f13bdb0f2c02cf7697cf7e,not_recorded
snap-r2-grouped,research/outputs/snap-r2-grouped/SNAP/C03_margin/assignments/group_0018.json,1034837,0725205bb2f0a8f9179d8d8442d3a1eee510f5204ea1c1af688b6db0aad2407d,not_recorded
snap-r2-grouped,research/outputs/snap-r2-grouped/SNAP/C03_margin/assignments/group_0019.json,1034837,47248b00cad460ab0a4afcd490f6ce244cbe144816a13daeb55afd91971c7ddf,not_recorded
snap-r2-grouped,research/outputs/snap-r2-grouped/SNAP/C03_margin/assignments/group_0020.json,1034837,2a4c8a80831658defed661c2424c992344d69efd8312004fa996492be227b754,not_recorded
snap-r2-grouped,research/outputs/snap-r2-grouped/SNAP/C03_margin/assignments/group_0021.json,1034837,7f4b43b7720fdf3bbf311030507120929eefe1f901a81677e46fdff8aa06dea5,not_recorded
snap-r2-grouped,research/outputs/snap-r2-grouped/SNAP/C03_margin/assignments/group_0022.json,1034837,627730b5d480eccb490d76fdb89a7c7f16ec5ff61fea61fd18a09c9010b000f1,not_recorded
snap-r2-grouped,research/outputs/snap-r2-grouped/SNAP/C03_margin/assignments/group_0023.json,1034837,614a23418c00545c65049e4c2db87dabada70b9e19b8ceae66977635e7461d8c,not_recorded
snap-r2-grouped,research/outputs/snap-r2-grouped/SNAP/C03_margin/assignments/group_0024.json,1034837,8df9fe15551f8e42e94dd34725b38e81656e9e01a490d8b7f1aa70f664ac5ca6,not_recorded
snap-r2-grouped,research/outputs/snap-r2-grouped/SNAP/C03_margin/assignments/group_0025.json,1034837,313f7430366d991bacc5b3d5ace99f47ec8c139c1815c80acb988af1bdee0d33,not_recorded
snap-r2-grouped,research/outputs/snap-r2-grouped/SNAP/C03_margin/assignments/group_0026.json,1034837,392a56555da5f490269ab3b964a7c10853cb9ab9401b209d0cae83ca4a3f62c8,not_recorded
snap-r2-grouped,research/outputs/snap-r2-grouped/SNAP/C03_margin/assignments/group_0027.json,1034837,50887735e8bb41a8654ff7349bb3b2dde77c78fc82eb983b5d09f33b75cd7273,not_recorded
snap-r2-grouped,research/outputs/snap-r2-grouped/SNAP/C03_margin/assignments/group_0028.json,1034837,ba329772e95d79ebad485a5f5b2ac1086bcb58009fd83e6e7da1a705579f82dd,not_recorded
snap-r2-grouped,research/outputs/snap-r2-grouped/SNAP/C03_margin/assignments/group_0029.json,1034837,3a7aee8a9a35810152880379b60d08eb43301d934be6452f8884760fc136b902,not_recorded
snap-r2-grouped,research/outputs/snap-r2-grouped/SNAP/C03_margin/assignments/group_0030.json,1034837,e537c7e780d04e196a241069fe655ccdb8306817e4b451b782a0f95769bc8b90,not_recorded
snap-r2-grouped,research/outputs/snap-r2-grouped/SNAP/C03_margin/assignments/group_0031.json,1034837,85f1740be5c84ad47fc965ddfd287d44dd10c0863edece5c855f18c315195c60,not_recorded
snap-r2-grouped,research/outputs/snap-r2-grouped/SNAP/C03_margin/assignments/group_0032.json,1034837,04c97176c05b71b74c4d44fd691a69f61d84d8b52148cb4e92d167de10e7e851,not_recorded
snap-r2-grouped,research/outputs/snap-r2-grouped/SNAP/C03_margin/assignments/group_0033.json,1034837,eea68e6b742ea8bfa6e2709661b2c5bf30a3ff449561d1540347a1a14a65a138,not_recorded
snap-r2-grouped,research/outputs/snap-r2-grouped/SNAP/C03_margin/assignments/group_0034.json,1034837,f0e7d7d6fe01ec22d5634900185b1dae6263beee6da3fd00082d49011ed475e3,not_recorded
snap-r2-grouped,research/outputs/snap-r2-grouped/SNAP/C03_margin/assignments/group_0035.json,1034837,ff053e665f96e8ce56adc5ca8bf6b053b0cfb05b48bd52ed47b3125d8315794f,not_recorded
snap-r2-grouped,research/outputs/snap-r2-grouped/SNAP/C03_margin/assignments/group_0036.json,1034837,288949128e6ddacd8b96c0c134c0d6b8da3286ec9452081b9ab6c0d32d3cf123,not_recorded
snap-r2-grouped,research/outputs/snap-r2-grouped/SNAP/C03_margin/assignments/group_0037.json,1034837,b5c3726fcde3544cabc86093435c72943f3f96302513f300efe9bb34b504210b,not_recorded
snap-r2-grouped,research/outputs/snap-r2-grouped/SNAP/C03_margin/assignments/group_0038.json,1034837,9aae919de1005aaf0176a48248aa9d87c70b47347e3855dcfdcd3b28e274f36b,not_recorded
snap-r2-grouped,research/outputs/snap-r2-grouped/SNAP/C03_margin/assignments/group_0039.json,1034837,4d413d344ba6347adb7dd53aed95c62fa3fd486f4cc1842ddbb3597f0adbeebc,not_recorded
snap-r2-grouped,research/outputs/snap-r2-grouped/SNAP/C03_margin/assignments/group_0040.json,1034837,bdf0e63626dec294c6ac782b5eeb19ec3ceab0d36add3430967bc6cbcb19bdf5,not_recorded
snap-r2-grouped,research/outputs/snap-r2-grouped/SNAP/C03_margin/assignments/group_0041.json,1034837,51b4b8b43ad22a12fb330ed0ccbfba38ae89e16fd46708b918385794d7c57ecc,not_recorded
snap-r2-grouped,research/outputs/snap-r2-grouped/SNAP/C03_margin/assignments/group_0042.json,1034837,03d979a4bfaafd5375744793f317579de34359bf8541a2b8f6f7e82afdb18c9c,not_recorded
snap-r2-grouped,research/outputs/snap-r2-grouped/SNAP/C03_margin/assignments/group_0043.json,1034837,c192aa16aecf61667fdb9803b39825d92a8e712e0d1409ede4c244652f567f6a,not_recorded
snap-r2-grouped,research/outputs/snap-r2-grouped/SNAP/C03_margin/assignments/group_0044.json,1034837,f686665eb028f194ac1fa9a50ebb46976eeb6c906d327e511dad12fc03e2a688,not_recorded
snap-r2-grouped,research/outputs/snap-r2-grouped/SNAP/C03_margin/assignments/group_0045.json,1034837,cb8c15d7d80897046475aee406b8ec2ae0af31d4d7b7326255db11a601ffa8aa,not_recorded
snap-r2-grouped,research/outputs/snap-r2-grouped/SNAP/C03_margin/assignments/group_0046.json,1034837,f7f903b3cd4d3ec47a4244945f95c706d544a13fa4d3462a208b1d3b9294295b,not_recorded
snap-r2-grouped,research/outputs/snap-r2-grouped/SNAP/C03_margin/assignments/group_0047.json,1034837,8a0f0ed2cf0be15a54174c0674380035733a78cb9eb84b71f5b01548b75b0b0f,not_recorded
snap-r2-grouped,research/outputs/snap-r2-grouped/SNAP/C03_margin/assignments/group_0048.json,1034837,ef3a62944c9b3c4a5770518c08abc0a715735b8afff877e3cb22dae0205d4a13,not_recorded
snap-r2-grouped,research/outputs/snap-r2-grouped/SNAP/C03_margin/assignments/group_0049.json,1034837,0517c39f398f2e8beb8a4f6028dbbfd052fe6df540e31e0c8cdd3e5ade21fc7c,not_recorded
snap-r2-grouped,research/outputs/snap-r2-grouped/SNAP/C03_margin/assignments/item_0000.json,1034837,9c4ae8eaad3e27042a467d435da7659d11007f287155e01d993e44640345b327,not_recorded
snap-r2-grouped,research/outputs/snap-r2-grouped/SNAP/C03_margin/assignments/item_0001.json,1034837,84d44b5f1bcd795e11b2c1f361bd9dd4c4ec7ea431c1ed1a9908713002401ecd,not_recorded
snap-r2-grouped,research/outputs/snap-r2-grouped/SNAP/C03_margin/assignments/item_0002.json,1034837,6281e26df469b7ba3aa560e5bd756766d189811693e3026bcce3876b53488710,not_recorded
snap-r2-grouped,research/outputs/snap-r2-grouped/SNAP/C03_margin/assignments/item_0003.json,1034837,d25996de63dc875afd39b7e03b13297b5b4b6afbf8d418c22d694ccbd525f7e6,not_recorded
snap-r2-grouped,research/outputs/snap-r2-grouped/SNAP/C03_margin/assignments/item_0004.json,1034837,5e86b048c9ec0419aaaddc4225f5539a2eaacdbbc801b42391641989836fc807,not_recorded
snap-r2-grouped,research/outputs/snap-r2-grouped/SNAP/C03_margin/assignments/item_0005.json,1034837,e4bf2012aa6a62d32a9be5af6cf89dc9b9d3ca1ede8b46aff7b2dba09544e097,not_recorded
snap-r2-grouped,research/outputs/snap-r2-grouped/SNAP/C03_margin/assignments/item_0006.json,1034837,4c671f784392c7525eb272c77998a42c9bc9206ebcf2ed85231cfc1f919d99f4,not_recorded
snap-r2-grouped,research/outputs/snap-r2-grouped/SNAP/C03_margin/assignments/item_0007.json,1034837,7296488a10e77c5b97bfca20677091dbe53fad953160e70e68e5faf8cdcea55e,not_recorded
snap-r2-grouped,research/outputs/snap-r2-grouped/SNAP/C03_margin/assignments/item_0008.json,1034837,5838073378490a77b62ef4d254e86234e0eb117e6c16931ab6d6fac5298ece7c,not_recorded
snap-r2-grouped,research/outputs/snap-r2-grouped/SNAP/C03_margin/assignments/item_0009.json,1034837,6ae3391068af8ca26ee164093a85eb54e70044b4b54c136d769d982b60efa202,not_recorded
snap-r2-grouped,research/outputs/snap-r2-grouped/SNAP/C03_margin/assignments/item_0010.json,1034837,1c8a1d4752aa75329cdf3a5e6251c9f6aa398dda5be041425339aefcc22075cc,not_recorded
snap-r2-grouped,research/outputs/snap-r2-grouped/SNAP/C03_margin/assignments/item_0011.json,1034837,276366c5271c22dc2f27a590a0263e9c3df7a520e8bcfc0776dec14ced004deb,not_recorded
snap-r2-grouped,research/outputs/snap-r2-grouped/SNAP/C03_margin/assignments/item_0012.json,1034837,28235cc8d946478bf064c703bf84c759f24f3ef18d8ad3725ddf2a849ef616dd,not_recorded
snap-r2-grouped,research/outputs/snap-r2-grouped/SNAP/C03_margin/assignments/item_0013.json,1034837,ace3a28beef102c26eb031528c71c99555791da40481bf46804b9963625cb64e,not_recorded
snap-r2-grouped,research/outputs/snap-r2-grouped/SNAP/C03_margin/assignments/item_0014.json,1034837,c9c4b7c378a0f8dd79c5aad1f8ff1ef65f2b0edf85ff2757d56ef69951cdf2ad,not_recorded
snap-r2-grouped,research/outputs/snap-r2-grouped/SNAP/C03_margin/assignments/item_0015.json,1034837,68edd6288d4b72de9929c6441cc031cf7b19ab9fccc91fe9322a8a7a1d6fe089,not_recorded
snap-r2-grouped,research/outputs/snap-r2-grouped/SNAP/C03_margin/assignments/item_0016.json,1034837,17774067d52144a5c908c1b2814de774d2e0ea8fe0ad8f10d51c2adefd9da739,not_recorded
snap-r2-grouped,research/outputs/snap-r2-grouped/SNAP/C03_margin/assignments/item_0017.json,1034837,95e23ac91076ec1b41a7bede668f35d6677eb1a84582b511a7d49c5804e8510c,not_recorded
snap-r2-grouped,research/outputs/snap-r2-grouped/SNAP/C03_margin/assignments/item_0018.json,1034837,3869525188e5f22681a8984c833efb4aea5ba2707b2db849125fed35d75cb48a,not_recorded
snap-r2-grouped,research/outputs/snap-r2-grouped/SNAP/C03_margin/assignments/item_0019.json,1034837,4dc82a3d40dd53f52071d09616dbf5e588fbe8c4d06977594a35cd4b2117d7de,not_recorded
snap-r2-grouped,research/outputs/snap-r2-grouped/SNAP/C03_margin/assignments/item_0020.json,1034837,7dbfa0ed73428ac9d89c8baa40be878edaca2d2813f5417ea9d17f3f0f6a9aa3,not_recorded
snap-r2-grouped,research/outputs/snap-r2-grouped/SNAP/C03_margin/assignments/item_0021.json,1034837,79456a7ee5683f26c02b8105a5d766011793e27d79123652b4a2c81d67686a56,not_recorded
snap-r2-grouped,research/outputs/snap-r2-grouped/SNAP/C03_margin/assignments/item_0022.json,1034837,a43893aeca8c15014c1f2a05e4a26e34a0080df457f6e3958f9dc3cdac1a6e78,not_recorded
snap-r2-grouped,research/outputs/snap-r2-grouped/SNAP/C03_margin/assignments/item_0023.json,1034837,880405ec02cbe3a7bb41129261f8304cbf51a65815d505d74b25620bd57b5dbd,not_recorded
snap-r2-grouped,research/outputs/snap-r2-grouped/SNAP/C03_margin/assignments/item_0024.json,1034837,578b50d08bf5c2808f07e42bdb6c07fee202b243ffc295652b41d5c594ceab91,not_recorded
snap-r2-grouped,research/outputs/snap-r2-grouped/SNAP/C03_margin/assignments/item_0025.json,1034837,0d3403e43803dfebb3051738f11ab58524536d315a8aa42d91163a67f9ce55e5,not_recorded
snap-r2-grouped,research/outputs/snap-r2-grouped/SNAP/C03_margin/assignments/item_0026.json,1034837,9d85a08355030b43105fe9565b6a3358181d5e249ef28061c74fd3d1266f2eef,not_recorded
snap-r2-grouped,research/outputs/snap-r2-grouped/SNAP/C03_margin/assignments/item_0027.json,1034837,cd4defc9f0268a2d23dd358bf228c05d1c1ebb7f847411584fb22ba73fdd5efe,not_recorded
snap-r2-grouped,research/outputs/snap-r2-grouped/SNAP/C03_margin/assignments/item_0028.json,1034837,0cefacd6bb3d78fea70f84fc24bcdcf10b3d524d8890e146e883b13104526e5c,not_recorded
snap-r2-grouped,research/outputs/snap-r2-grouped/SNAP/C03_margin/assignments/item_0029.json,1034837,fd5114a2b90ccd35be9578ae328145ca6ef5063e83b216140668e4f2047ffe0d,not_recorded
snap-r2-grouped,research/outputs/snap-r2-grouped/SNAP/C03_margin/assignments/item_0030.json,1034837,714919966fc5d5beaa5aeeb8e5898a298a85f8023fa0532377eec69033f3a5d9,not_recorded
snap-r2-grouped,research/outputs/snap-r2-grouped/SNAP/C03_margin/assignments/item_0031.json,1034837,24dbff0af01d7a79f1f024339bcd9417a0027d8930eaa7079b283047545a466e,not_recorded
snap-r2-grouped,research/outputs/snap-r2-grouped/SNAP/C03_margin/assignments/item_0032.json,1034837,49f515013bc7695f8a5d78b3d29988a672ffedd33983efd91e578638425ca60e,not_recorded
snap-r2-grouped,research/outputs/snap-r2-grouped/SNAP/C03_margin/assignments/item_0033.json,1034837,cf70d1d2972928b69d351629418a59b868af9ff857ec3881a7584ea7b3289818,not_recorded
snap-r2-grouped,research/outputs/snap-r2-grouped/SNAP/C03_margin/assignments/item_0034.json,1034837,33cf21c174fe344f80f15bbe3aa4c71254806246893b42f4486071e5e7df5999,not_recorded
snap-r2-grouped,research/outputs/snap-r2-grouped/SNAP/C03_margin/assignments/item_0035.json,1034837,f619730c2594f6dbaea4e55db10915f638ddd4303bc1c893b6871e7ba07250f4,not_recorded
snap-r2-grouped,research/outputs/snap-r2-grouped/SNAP/C03_margin/assignments/item_0036.json,1034837,eb8a8101efdff95172005efa720c8d095eaf7c3f63afd2db4d3642475d950895,not_recorded
snap-r2-grouped,research/outputs/snap-r2-grouped/SNAP/C03_margin/assignments/item_0037.json,1034837,3d261fa2f929c8a437fa9fecc12beb7ab4a29bfa25762cdf257a85482c76f0a0,not_recorded
snap-r2-grouped,research/outputs/snap-r2-grouped/SNAP/C03_margin/assignments/item_0038.json,1034837,d660e3a2f4f04a6214a96bf9c1d38f46e2fd3f6d4ed1a5f4fd141800c84a8c2e,not_recorded
snap-r2-grouped,research/outputs/snap-r2-grouped/SNAP/C03_margin/assignments/item_0039.json,1034837,444d49791f69c87806dd9623439df8ad768684df0f76f4eb4517e0e99f45f7c8,not_recorded
snap-r2-grouped,research/outputs/snap-r2-grouped/SNAP/C03_margin/assignments/item_0040.json,1034837,967f92c52455736f2e59338cdb5f62c000799c335bd85a4239b7b58cd1c6c099,not_recorded
snap-r2-grouped,research/outputs/snap-r2-grouped/SNAP/C03_margin/assignments/item_0041.json,1034837,1e286a49583b22b8d3caf86298bbaa3638f60d4d29175facc87093ae470d68c1,not_recorded
snap-r2-grouped,research/outputs/snap-r2-grouped/SNAP/C03_margin/assignments/item_0042.json,1034837,544c10a894ca604ef578aea73323f8656fa8d5d9850b75c60901d3aa237997e5,not_recorded
snap-r2-grouped,research/outputs/snap-r2-grouped/SNAP/C03_margin/assignments/item_0043.json,1034837,062c5e25754953331fc90824050d889310bbacd448a40def32a9a3f3835e1a9e,not_recorded
snap-r2-grouped,research/outputs/snap-r2-grouped/SNAP/C03_margin/assignments/item_0044.json,1034837,54f637be18a45280dd52e8f81d6c172676ec15d89f9fd260435d7180a08cfa9a,not_recorded
snap-r2-grouped,research/outputs/snap-r2-grouped/SNAP/C03_margin/assignments/item_0045.json,1034837,fd6b6895159c6ec04287321093e062ae76a778c262b218130e00e47ff8241812,not_recorded
snap-r2-grouped,research/outputs/snap-r2-grouped/SNAP/C03_margin/assignments/item_0046.json,1034837,2428806a56e114f3eae5736b9ef2440046e1ad890118eee617257b82b9afd4cc,not_recorded
snap-r2-grouped,research/outputs/snap-r2-grouped/SNAP/C03_margin/assignments/item_0047.json,1034837,04c4f8ccc25165d6136a4092ea16e23055a594060a8cbde21185b7f6336b29a6,not_recorded
snap-r2-grouped,research/outputs/snap-r2-grouped/SNAP/C03_margin/assignments/item_0048.json,1034837,726227532a88b018b4e72fe6028824aaf60bf8af49f88c01bc36fd1a48383448,not_recorded
snap-r2-grouped,research/outputs/snap-r2-grouped/SNAP/C03_margin/assignments/item_0049.json,1034837,2c24d54413e82081be797c37977f08dbb0c8a3ff0723b177b5dac8d91ccdcb9f,not_recorded
snap-r2-grouped,research/outputs/snap-r2-grouped/SNAP/C03_margin/manifest.json,14865,60182c96fc20855b1d559d82181b978c60433464a36d2542a2ae793f5e86a57b,not_recorded
snap-r2-grouped,research/outputs/snap-r2-grouped/SNAP/C03_margin/result.json,424836,a5cf8eaa47696831b95ce9c36cbdac9910bc8dbfbdccd03f09c09ca8711ebf6f,not_recorded
snap-r2-grouped,research/outputs/snap-r2-grouped/SNAP/C09_accuracy/manifest.json,4622,a22ebcadc0038ff74160582ff365bf5a2a71dc970ce62e6612921e688b6ec950,not_recorded
snap-r2-grouped,research/outputs/snap-r2-grouped/SNAP/C09_accuracy/result.json,35777,32f83b8694b5ed3c308a6564f0ce137868509175d3209f482dfabd5a5ffc9192,not_recorded
snap-r2-grouped,research/outputs/snap-r2-grouped/SNAP/C09_margin/manifest.json,4692,0d214d01c51c05599726f4e3aa96545939ee1ff9007ed83ad77e873796aae709,not_recorded
snap-r2-grouped,research/outputs/snap-r2-grouped/SNAP/C09_margin/result.json,59506,a9f11e41d782a50c1307660dae09d44a5a20bbdb5a6bedf2473006ddefc98376,not_recorded
snap-r2-grouped,research/outputs/snap-r2-grouped/configs/C01_accuracy_group.json,167,86bb6d4b6be4597fb226d7bca320590fd7278b5523dca25893da1ca57f2c836e,not_recorded
snap-r2-grouped,research/outputs/snap-r2-grouped/configs/C01_accuracy_item.json,166,467e04f3ee341bc8ce51a5f5b88685e10fcca8251daf7025ae1ebe0c5ade844d,not_recorded
snap-r2-grouped,research/outputs/snap-r2-grouped/configs/C01_accuracy_noboolq_original.json,173,7cd00ba04a1745ccf9f91bec818f44543ade6cf55b879b04178396bf1b7ee17c,not_recorded
snap-r2-grouped,research/outputs/snap-r2-grouped/configs/C01_accuracy_original.json,170,e1b6cf5d44097013d94b13b45571f6158f8c0ab99a4b059a74ca1924570969e6,not_recorded
snap-r2-grouped,research/outputs/snap-r2-grouped/configs/C01_margin_group.json,165,783a63c144370fc5a84ecb7d02aace2c2b52a802433badc9fc2c4075f39b63a5,not_recorded
snap-r2-grouped,research/outputs/snap-r2-grouped/configs/C01_margin_item.json,164,1439a54de439380ec52cdabf7a6ad0718e87a7d5884e76ac9ce5dca630e9f393,not_recorded
snap-r2-grouped,research/outputs/snap-r2-grouped/configs/C01_margin_noboolq_original.json,171,d56630dc668c28d4e6515c89927979ccea22c85d35c89a741a5e75dae116e3f6,not_recorded
snap-r2-grouped,research/outputs/snap-r2-grouped/configs/C01_margin_original.json,168,cce50b34576707ad1a1ad36ea0fcf03dde72cf601a3e469dbda05da8f4431280,not_recorded
snap-r2-grouped,research/outputs/snap-r2-grouped/configs/C03_accuracy.json,131,a8d537401da7ebe159c9818e28baea05ffe1e4039ea0f0ca863bcac3023eed80,not_recorded
snap-r2-grouped,research/outputs/snap-r2-grouped/configs/C03_margin.json,129,8c8d0df4af809fd0c904533531fab2053a3270721da8b27934b6d0c28e3464f9,not_recorded
snap-r2-grouped,research/outputs/snap-r2-grouped/configs/C09_accuracy.json,132,c125d1c1cbdfbfbcb366119da79b9986c2ea231198b6b3f7f10ed89afe7b1336,not_recorded
snap-r2-grouped,research/outputs/snap-r2-grouped/configs/C09_margin.json,192,cc5d47dda6c0cbc62c5b8084ad27e5a5bbe8ba6047913396f035dc127ef57249,not_recorded
snap-r2-grouped,research/outputs/snap-r2-grouped/datasets/full/accuracy/scores.json,2137607,e3f5a01e8b6de3d54227b086148180bbf658dbf1510165cecb6866cc2014c395,not_recorded
snap-r2-grouped,research/outputs/snap-r2-grouped/datasets/full/adapter_summary.json,457,1895805d2b54183a0235bc11c142f32c58c5a7a59576ea6498b9a511bfdc6712,not_recorded
snap-r2-grouped,research/outputs/snap-r2-grouped/datasets/full/margin/scores.json,2137605,4a32f144025aad8c72b4f271ed4b760752aa7294359024b9ecc7e2567f082222,not_recorded
snap-r2-grouped,research/outputs/snap-r2-grouped/datasets/noboolq/accuracy/scores.json,1983907,9511d3a05b96b8c0a648f407a0438736cbb87f2f4df4ca4a49d7b6ba025b1f3e,not_recorded
snap-r2-grouped,research/outputs/snap-r2-grouped/datasets/noboolq/adapter_summary.json,446,71fa4189dc6ff0751cd58a03f5406c820b95d20b03da788a0ced4ad238182c0f,not_recorded
snap-r2-grouped,research/outputs/snap-r2-grouped/datasets/noboolq/margin/scores.json,1983905,72a8e12264fb0f5c58c1f9b8204073475c356418c69176c015255dd10f747442,not_recorded
snap-r2-grouped,research/outputs/snap-r2-grouped/snap_compute/configs/C00.json,152,2b638dd1fb1d2a510d3eb825f98027a08056fe1dd27a9250e4f50ad240644c1f,not_recorded
snap-r2-grouped,research/outputs/snap-r2-grouped/snap_compute/configs/C01.json,141,74e19c32be007d37d7d24b2ad877d93c38a957431665a1e36ce3683cce06c179,not_recorded
snap-r2-grouped,research/outputs/snap-r2-grouped/snap_compute/configs/C02.json,48,269315a3dc3a3d12d03f7ec42342f9f50db2e79699a3db7a080b80fa33354be0,not_recorded
snap-r2-grouped,research/outputs/snap-r2-grouped/snap_compute/configs/C03.json,154,f14efde2af76dedb22f2736f990e7e2884ef70eb67f60cad15fdcc6f00e5f57c,not_recorded
snap-r2-grouped,research/outputs/snap-r2-grouped/snap_compute/configs/C04.json,138,96913f4fc1218603d3ab220bf7fe00df3d28fd3b09b5f3be4c39a12aca1089e1,not_recorded
snap-r2-grouped,research/outputs/snap-r2-grouped/snap_compute/configs/C05.json,356,2bb1ab6f3b98e804e4dfa3d6e3184f83be30992db723c993de4a7a408479ff24,not_recorded
snap-r2-grouped,research/outputs/snap-r2-grouped/snap_compute/configs/C06.json,201,cb38bfc955c3d3d3dcddd93db578e67726ac0cb367e24d3b3d4dbfe52101a9dc,not_recorded
snap-r2-grouped,research/outputs/snap-r2-grouped/snap_compute/configs/C07.json,190,8c6b7e05d6c727effc6992b855c4c3d635c1c5833e5aea08791abd8798c6e350,not_recorded
snap-r2-grouped,research/outputs/snap-r2-grouped/snap_compute/configs/C08.json,83,9e59bce6997615eaad981660585f3d1e727901e6d174dabad12ce9df04bf2149,not_recorded
snap-r2-grouped,research/outputs/snap-r2-grouped/snap_compute/configs/C09.json,183,1c288740ddfe1641f844e189c0e48db014a23f2e1f83a05633758aae0be75368,not_recorded
snap-r2-grouped,research/outputs/snap-r2-grouped/snap_compute/configs/C10.json,197,6d6b09b6a031658174061702b3b19f364a2989ca912f7392863330c35b51fe61,not_recorded
snap-r2-grouped,research/outputs/snap-r2-grouped/snap_compute/configs/C11.json,211,b501ea0afdff212ebd0160b8d6962cbe312f29c451a62df79c08ba9fa43d582d,not_recorded
snap-r2-grouped,research/outputs/snap-r2-grouped/snap_compute/configs/G00.json,403,645d47185de8b44541292568b40c42415f2b7cf475e3965b775c3965f8714fea,not_recorded
snap-r2-grouped,research/outputs/snap-r2-grouped/snap_compute/configs/G01.json,332,0e7fda3b02519d6b4da6859bca5b3c1e06eae0ec919f5b736ef51f29fa4c184e,not_recorded
snap-r2-grouped,research/outputs/snap-r2-grouped/snap_compute/configs/G02.json,332,0e7fda3b02519d6b4da6859bca5b3c1e06eae0ec919f5b736ef51f29fa4c184e,not_recorded
snap-r2-grouped,research/outputs/snap-r2-grouped/snap_compute/configs/G03.json,332,0e7fda3b02519d6b4da6859bca5b3c1e06eae0ec919f5b736ef51f29fa4c184e,not_recorded
snap-r20-step-index-a,research/outputs/snap-r20-step-index-a/step_index_a.json,228887,3c04e801b40951bcc7cd8941e7a6fe8f90f3f0dc689902a4649e490475951130,not_recorded
snap-r20-step-index-a-v1,research/outputs/snap-r20-step-index-a-v1/step_index_a.json,228887,3c04e801b40951bcc7cd8941e7a6fe8f90f3f0dc689902a4649e490475951130,not_recorded
snap-r20-step-index-b,research/outputs/snap-r20-step-index-b/step_index_b.json,391618,8380cef77f3303c03ecf74a2bdfa1d4a4e393fe2fd9e647c9e4c94777aab6103,not_recorded
snap-r20-step-index-c,research/outputs/snap-r20-step-index-c/step_index_c.json,387455,2c0160abaa52949f58b87e92f6eba6ebac0533a1d7cc3a6bd88b5cb7ca8771ca,not_recorded
snap-r20-step-index-d,research/outputs/snap-r20-step-index-d/step_index_d.json,375292,242d7d38eb60ed1047dccfd57e2657de9e0845071a0f46d137f83b760cd98f57,not_recorded
snap-r20-step-index-e,research/outputs/snap-r20-step-index-e/step_index_e.json,382730,706d398025c7c0d084a9bb9dc18966a2d634ff44183572e360ee6ba066bf84c8,not_recorded
snap-r20-step-index-f,research/outputs/snap-r20-step-index-f/step_index_f.json,394683,94534b9911266a4f8d9565f96d970cd7ff8232af341510aeeac72a30bb4bb749,not_recorded
snap-r21-matched-step,research/outputs/snap-r21-matched-step/r21_matched_step.json,91310,9fbf5e1c7cb6196ae6b8c3de24cce4f2035fd2ec4e8367680626e667098460fd,not_recorded
snap-r22-prev-step-a,research/outputs/snap-r22-prev-step-a/prev_manifest_a.json,21821,5098f8bd29506998c2a750d9106bd4c674cb419f9be35100925c6a5252b28826,not_recorded
snap-r22-prev-step-b,research/outputs/snap-r22-prev-step-b/prev_manifest_b.json,21389,ee95db718d411aba24d836c18fd8ac11e4745b97cdc8370070088796b3f1e833,not_recorded
snap-r22-prev-step-c,research/outputs/snap-r22-prev-step-c/prev_manifest_c.json,21436,788498a83db2c8b148c67a16491abb3900e6460621a3ef5a71741df5ed170808,not_recorded
snap-r22-prev-step-d,research/outputs/snap-r22-prev-step-d/prev_manifest_d.json,20685,cdec5d0b04475986c267f1ef2d1b4b59f61618dcc107edbceda0548ad1d719a4,not_recorded
snap-r22-prev-step-e,research/outputs/snap-r22-prev-step-e/prev_manifest_e.json,21494,8bd0161f0e3e6e05c4bab4c865d54a5ee8e3bc589526c5b5b1b7af90656e63c6,not_recorded
snap-r23-inversion,research/outputs/snap-r23-inversion/r23_inversion.json,3083,16fd072497d0c2f7d3c3648a34fcb33f3ac20cd11fd8537fd4eebcb06edd1c97,not_recorded
snap-r23-prev-step-analysis,research/outputs/snap-r23-prev-step-analysis/SNAP/C01_accuracy_prev/manifest.json,4749,ecadfd990d0aa237a311989743e17e7f5d18ee6ff6c24f3e45bd834c225b1734,not_recorded
snap-r23-prev-step-analysis,research/outputs/snap-r23-prev-step-analysis/SNAP/C01_accuracy_prev/original_intervals.json,1474,a50f2d37205c583d6fa61fa8808d47e41e0e50a26d7f2cb96a87f3b36c4beec1,not_recorded
snap-r23-prev-step-analysis,research/outputs/snap-r23-prev-step-analysis/SNAP/C01_accuracy_prev/result.json,1189970,b6175fd998362b95d71843bc28abe6a2a2b9f803d04a445b9677b16ba4188d93,not_recorded
snap-r23-prev-step-analysis,research/outputs/snap-r23-prev-step-analysis/SNAP/C01_accuracy_sel/manifest.json,4746,a150d117662c281da9f6f0ec89fc87c1996684a708f0d592ca6946a391b5dff0,not_recorded
snap-r23-prev-step-analysis,research/outputs/snap-r23-prev-step-analysis/SNAP/C01_accuracy_sel/original_intervals.json,1484,8fc6326e020aa37150ae77b3ffca544d2570caefa5ab0914601ce6a22898e90a,not_recorded
snap-r23-prev-step-analysis,research/outputs/snap-r23-prev-step-analysis/SNAP/C01_accuracy_sel/result.json,1189974,3690943f97330fb8600fad8a176e4a6780fb97ebb882afda5992163d08fdd016,not_recorded
snap-r23-prev-step-analysis,research/outputs/snap-r23-prev-step-analysis/SNAP/C01_margin_prev/manifest.json,4743,7d70300a432c50f95b82c98a322b6ff641c3f49a0f1d82cfc55e236e0020a53f,not_recorded
snap-r23-prev-step-analysis,research/outputs/snap-r23-prev-step-analysis/SNAP/C01_margin_prev/original_intervals.json,1473,e54bbae3421224dc26c4b607ed2a2999199bd9e8044598a235b351390c927897,not_recorded
snap-r23-prev-step-analysis,research/outputs/snap-r23-prev-step-analysis/SNAP/C01_margin_prev/result.json,1189973,423cd9b56bbbe401cf6dd8ad32a59d487152762d662118853927972daafe31b8,not_recorded
snap-r23-prev-step-analysis,research/outputs/snap-r23-prev-step-analysis/SNAP/C01_margin_sel/manifest.json,4739,f0acf9ee9a5c9d59feb23c20f87b19871926384ab20341f1f3643f9c5a24f2e0,not_recorded
snap-r23-prev-step-analysis,research/outputs/snap-r23-prev-step-analysis/SNAP/C01_margin_sel/original_intervals.json,1474,9d7d86b5e604889bddb3f505902e2946ccfc12e028d22d225c84c6d20dcdeb87,not_recorded
snap-r23-prev-step-analysis,research/outputs/snap-r23-prev-step-analysis/SNAP/C01_margin_sel/result.json,1189967,8880736c308b28d00106bd98fd226876094cc4ba1ce6033947471dbeccc8a227,not_recorded
snap-r23-prev-step-analysis,research/outputs/snap-r23-prev-step-analysis/configs/C01_accuracy_prev.json,170,1365ace25d935ab3c804a828c325d66f4244f40faece7214d1ac6d4a2a1cce88,not_recorded
snap-r23-prev-step-analysis,research/outputs/snap-r23-prev-step-analysis/configs/C01_accuracy_sel.json,169,e399ce5b41dc3b3722f300b1791fe40433c335903cd96e6b87bb7d2461f99ada,not_recorded
snap-r23-prev-step-analysis,research/outputs/snap-r23-prev-step-analysis/configs/C01_margin_prev.json,168,68f7af1368ebaccf1f85a7f2975c2143dfdc3186decf979436457780719f5f32,not_recorded
snap-r23-prev-step-analysis,research/outputs/snap-r23-prev-step-analysis/configs/C01_margin_sel.json,167,1be37c53622562fa718921e6b5156fc9f3696e0ef188b92cdbb6cc9604007df7,not_recorded
snap-r23-prev-step-analysis,research/outputs/snap-r23-prev-step-analysis/datasets/prev/accuracy/scores.json,2108285,4510c6566f80b2145c3f39361c0b207c071d2fc7793ce5f52c09cac53ca0e829,not_recorded
snap-r23-prev-step-analysis,research/outputs/snap-r23-prev-step-analysis/datasets/prev/adapter_summary.json,457,0d53ecdefd3646293b2a8c0043f4c1d0adddefe12c145411f58ce60f15707a95,not_recorded
snap-r23-prev-step-analysis,research/outputs/snap-r23-prev-step-analysis/datasets/prev/margin/scores.json,2108283,81886d0b80e468d78ba5e90dea17af41ab4c0d26de4936073a5313be470e54dd,not_recorded
snap-r23-prev-step-analysis,research/outputs/snap-r23-prev-step-analysis/datasets/sel/accuracy/scores.json,2108279,b1aef6cd42b7d60a6ec66f0a140fcf502902fb3736d6e945bcd0b14e7d541b8e,not_recorded
snap-r23-prev-step-analysis,research/outputs/snap-r23-prev-step-analysis/datasets/sel/adapter_summary.json,455,bb17c6c69fe4c530234bde7f7fb11fb57d0647b28989be99130de7ec414ed3ce,not_recorded
snap-r23-prev-step-analysis,research/outputs/snap-r23-prev-step-analysis/datasets/sel/margin/scores.json,2108277,feb723bfad1157a30771b07d58bea24d8228562f28fe15e1a51dce4b2de07eb1,not_recorded
snap-r23-prev-step-analysis,research/outputs/snap-r23-prev-step-analysis/r23_prev_step.json,10892,e02a9945df24f396f779fa14444de977b36be55beeafb454b40fc5d6ffc4edea,not_recorded
snap-r23-prev-step-analysis,research/outputs/snap-r23-prev-step-analysis/snap_compute/configs/C00.json,152,2b638dd1fb1d2a510d3eb825f98027a08056fe1dd27a9250e4f50ad240644c1f,not_recorded
snap-r23-prev-step-analysis,research/outputs/snap-r23-prev-step-analysis/snap_compute/configs/C01.json,141,74e19c32be007d37d7d24b2ad877d93c38a957431665a1e36ce3683cce06c179,not_recorded
snap-r23-prev-step-analysis,research/outputs/snap-r23-prev-step-analysis/snap_compute/configs/C02.json,48,269315a3dc3a3d12d03f7ec42342f9f50db2e79699a3db7a080b80fa33354be0,not_recorded
snap-r23-prev-step-analysis,research/outputs/snap-r23-prev-step-analysis/snap_compute/configs/C03.json,154,f14efde2af76dedb22f2736f990e7e2884ef70eb67f60cad15fdcc6f00e5f57c,not_recorded
snap-r23-prev-step-analysis,research/outputs/snap-r23-prev-step-analysis/snap_compute/configs/C04.json,138,96913f4fc1218603d3ab220bf7fe00df3d28fd3b09b5f3be4c39a12aca1089e1,not_recorded
snap-r23-prev-step-analysis,research/outputs/snap-r23-prev-step-analysis/snap_compute/configs/C05.json,356,2bb1ab6f3b98e804e4dfa3d6e3184f83be30992db723c993de4a7a408479ff24,not_recorded
snap-r23-prev-step-analysis,research/outputs/snap-r23-prev-step-analysis/snap_compute/configs/C06.json,201,cb38bfc955c3d3d3dcddd93db578e67726ac0cb367e24d3b3d4dbfe52101a9dc,not_recorded
snap-r23-prev-step-analysis,research/outputs/snap-r23-prev-step-analysis/snap_compute/configs/C07.json,190,8c6b7e05d6c727effc6992b855c4c3d635c1c5833e5aea08791abd8798c6e350,not_recorded
snap-r23-prev-step-analysis,research/outputs/snap-r23-prev-step-analysis/snap_compute/configs/C08.json,83,9e59bce6997615eaad981660585f3d1e727901e6d174dabad12ce9df04bf2149,not_recorded
snap-r23-prev-step-analysis,research/outputs/snap-r23-prev-step-analysis/snap_compute/configs/C09.json,183,1c288740ddfe1641f844e189c0e48db014a23f2e1f83a05633758aae0be75368,not_recorded
snap-r23-prev-step-analysis,research/outputs/snap-r23-prev-step-analysis/snap_compute/configs/C10.json,197,6d6b09b6a031658174061702b3b19f364a2989ca912f7392863330c35b51fe61,not_recorded
snap-r23-prev-step-analysis,research/outputs/snap-r23-prev-step-analysis/snap_compute/configs/C11.json,211,b501ea0afdff212ebd0160b8d6962cbe312f29c451a62df79c08ba9fa43d582d,not_recorded
snap-r23-prev-step-analysis,research/outputs/snap-r23-prev-step-analysis/snap_compute/configs/G00.json,403,645d47185de8b44541292568b40c42415f2b7cf475e3965b775c3965f8714fea,not_recorded
snap-r23-prev-step-analysis,research/outputs/snap-r23-prev-step-analysis/snap_compute/configs/G01.json,332,0e7fda3b02519d6b4da6859bca5b3c1e06eae0ec919f5b736ef51f29fa4c184e,not_recorded
snap-r23-prev-step-analysis,research/outputs/snap-r23-prev-step-analysis/snap_compute/configs/G02.json,332,0e7fda3b02519d6b4da6859bca5b3c1e06eae0ec919f5b736ef51f29fa4c184e,not_recorded
snap-r23-prev-step-analysis,research/outputs/snap-r23-prev-step-analysis/snap_compute/configs/G03.json,332,0e7fda3b02519d6b4da6859bca5b3c1e06eae0ec919f5b736ef51f29fa4c184e,not_recorded
snap-r3-requests-audit,research/outputs/snap-r3-requests-audit/requests_audit/boolq_groups_from_requests.json,104651,4e6ddf37e9ca8dec97bf838feded4907adca9ffad29e4cb372750b5a92886787,not_recorded
snap-r3-requests-audit,research/outputs/snap-r3-requests-audit/requests_audit/doc_tables.json,7033614,e20b1176b2e598ddeab9be2d4f9c5cdedd7937bae6e6c84efbd34cf2beb3fc42,not_recorded
snap-r3-requests-audit,research/outputs/snap-r3-requests-audit/requests_audit/request_samples.json,63986,bc9e1b4d40017afffde8bb9d53425dec21cf136003a456066a00eae13ff7a6e1,not_recorded
snap-r3-requests-audit,research/outputs/snap-r3-requests-audit/requests_audit/requests_audit_report.json,15220,15987cc4d4c2a941bc839f671033d8c2bce6efda03d00aee88ce554e6b03a9f5,not_recorded
snap-r3-requests-audit,research/outputs/snap-r3-requests-audit/requests_audit/stem_groups_all_traits.json,1219011,dd87e239d290e28068df98b40bb92f1792e9bbe93f94551aa4cdf8a1a34a1670,not_recorded
snap-r6-alpha-levels,research/outputs/snap-r6-alpha-levels/r6_alpha_levels.json,6084,ccae8ae3574f3868981e4e084465bcf96bd1032ec6ff48b91e0b64b14a3c82a5,COMPLETE
snap-r6-band-share,research/outputs/snap-r6-band-share/r6_band_share.json,3751,92c1bf14ec4bafcb8f730e2b4b971efe62badd3a65c92b1a845664e7b5575705,not_recorded
snap-r6-battery-width,research/outputs/snap-r6-battery-width/r6_battery_width.json,7684,ec8ba15b8e5c730c9bf0a1dcfd2a660608542a292945a873782e2d8da88573e1,COMPLETE
snap-r6-boolq-sweep,research/outputs/snap-r6-boolq-sweep/r6_boolq_sweep.json,8998,1f102b58de15e33939a9702a25cbefc1025add5e9fece3936e2f8141b7dd6924,COMPLETE
snap-r6-boot-reps,research/outputs/snap-r6-boot-reps/r6_boot_reps.json,3414,00209131939610f49078dae1ef5998cb663ca66d223e4489dbe522642435a816,COMPLETE
snap-r6-calibrated,research/outputs/snap-r6-calibrated/r6_calibrated.json,4474,c55392f6c6169f135ba05d4e6e2f8d36db806e8a59568921fd23cc6a051c68d3,not_recorded
snap-r6-calibration-a,research/outputs/snap-r6-calibration-a/cells.json,678,59c589f4caf3052060c0a5c9cd816d3ef50d55f5d5105a05bdd78f0f3b2722fe,not_recorded
snap-r6-calibration-a,research/outputs/snap-r6-calibration-a/r6_a/cell_00_rows.json,1295606,ecff2cec9c712db5ae486813ed462742081dbfe36c715215c13951974f7e347f,not_recorded
snap-r6-calibration-a,research/outputs/snap-r6-calibration-a/r6_a/cell_01_rows.json,1290471,47ebab91801463152e32ba16874dd67e9327e8ba94ff4974bdd0384603fbd3e6,not_recorded
snap-r6-calibration-a,research/outputs/snap-r6-calibration-a/r6_a/cell_02_rows.json,1324542,a796b38f6b8077f123dc628931c9b04b707f5bee8e568c8445996f6174e8ce21,not_recorded
snap-r6-calibration-a,research/outputs/snap-r6-calibration-a/r6_a/cell_03_rows.json,1323999,01804c60a235011f695b31dec217805ae488ec3ed3de1f74b78e995b7e25909b,not_recorded
snap-r6-calibration-a,research/outputs/snap-r6-calibration-a/r6_a/cell_04_rows.json,1324391,cf016b6d20c332116fb1d48da605113b4a887698ba8faf4bfd75540964e3ee60,not_recorded
snap-r6-calibration-a,research/outputs/snap-r6-calibration-a/r6_a/cell_05_rows.json,1325349,1cdedec21bf6376cf29c223fec0c979f487e12f8ba8fbf3768baf79269e6db32,not_recorded
snap-r6-calibration-a,research/outputs/snap-r6-calibration-a/r6_a/summary.json,6360,57b9f2c65a4669d13120d8496616c585c99f3fa56750ccb5ab0c3a683f541c61,not_recorded
snap-r6-calibration-b,research/outputs/snap-r6-calibration-b/cells.json,866,ccf63e06bed13cde84ff75f7a80fbe1c47c60760eb3aa99e0b4b88811d5cc9b5,not_recorded
snap-r6-calibration-b,research/outputs/snap-r6-calibration-b/r6_b/cell_00_rows.json,1324444,a6b114bf2a60777417ec63a1337d5067cc996dfec6d99fc9c4b881a1e496d9c8,not_recorded
snap-r6-calibration-b,research/outputs/snap-r6-calibration-b/r6_b/cell_01_rows.json,1324603,8683c206247d285e6366535678122560affd3a606b5b6484c51d24025410b9ea,not_recorded
snap-r6-calibration-b,research/outputs/snap-r6-calibration-b/r6_b/cell_02_rows.json,1324511,4ce0e70ef49e179db4670095c0b8172a0629646238e497713085daecbb5b4782,not_recorded
snap-r6-calibration-b,research/outputs/snap-r6-calibration-b/r6_b/cell_03_rows.json,1324415,cee38efa8d7d80233aa19ded74e2ead2651361e33d9c0a3ed788bbf66a3e7cd2,not_recorded
snap-r6-calibration-b,research/outputs/snap-r6-calibration-b/r6_b/cell_04_rows.json,1325118,6f9e6f0d15a916977c57b670658d132416f00b2f416dbe1cff4290133c8c7930,not_recorded
snap-r6-calibration-b,research/outputs/snap-r6-calibration-b/r6_b/cell_05_rows.json,1324418,48ed486f007ef735312fd5dc0bcda766b3c89ad908fd2a284b5066120fc4cbb0,not_recorded
snap-r6-calibration-b,research/outputs/snap-r6-calibration-b/r6_b/summary.json,6586,1d294ea9154a7f06ad676807d327a16eac5025d4e5716f06a1b4a131688c9460,not_recorded
snap-r6-cluster-count,research/outputs/snap-r6-cluster-count/r6_cluster_count.json,8273,c6586608b2ca17409c18888e60f5b1b3beede1c91386587ee16d727c808b732c,COMPLETE
snap-r6-corner-remedy,research/outputs/snap-r6-corner-remedy/r6_corner_remedy.json,4755,7d0c2e413c9674231271f4d1bea9d8f27ee1be0410025c20b23e6fc1ca1bb539,COMPLETE
snap-r6-crosshalf,research/outputs/snap-r6-crosshalf/r6_crosshalf.json,8139,a92187808b81104d260ff26a804de83b198370b3ac5e756a7c15fcb059f5238c,not_recorded
snap-r6-crosshalf-b,research/outputs/snap-r6-crosshalf-b/r6_crosshalf.json,4081,50c9053314c0f670f3fe62130913f28f299a092c70f5eec79714defee32e2350,not_recorded
snap-r6-crosshalf-bias,research/outputs/snap-r6-crosshalf-bias/r6_crosshalf_bias.json,8532,cff87e721b19f350d6f77109b39fa4c01a432f3180c3206a788bbc1b13cedb51,COMPLETE
snap-r6-deletion-null,research/outputs/snap-r6-deletion-null/r6_deletion_null.json,2560,d71d5ad2d980dae95ecbc692f702f976f42603698cb61be6e66d5cfa5ce3525e,not_recorded
snap-r6-deletion-null-a,research/outputs/snap-r6-deletion-null-a/r6_deletion_null_a.json,1439,c2b49b33cfac353ae1c1846899e18a0c51614cc8064c4e084237d521caa40f1f,COMPLETE
snap-r6-deletion-null-b,research/outputs/snap-r6-deletion-null-b/r6_deletion_null_b.json,1451,00c8a0cd7ea78db34f2f594655f3a6b4df1565c6e0bc74a47091f07ce7941a25,COMPLETE
snap-r6-deletion-null-margin,research/outputs/snap-r6-deletion-null-margin/r6_deletion_null_margin.json,2069,38b2e39005c6af389ac67c0a663f78550e211fe6f87ab674658e38ebe6661b35,COMPLETE
snap-r6-deletion-null-margin-b,research/outputs/snap-r6-deletion-null-margin-b/r6_deletion_null_margin_b.json,1474,e40c20f6ca9b0c39495c431a5da83b2d260cf910bcab5fe1ba259b1e1b53e240,COMPLETE
snap-r6-detect-power,research/outputs/snap-r6-detect-power/r6_detect_power.json,10557,630d9ae453064edc644136a53170d8669d493033847f3b3704b6eeb12c168122,COMPLETE
snap-r6-detect-power-margin,research/outputs/snap-r6-detect-power-margin/r6_detect_power_margin.json,10377,49cfe2558536a865ece22e26a35873e11c7d615989bc575f2687d007c14beb31,COMPLETE
snap-r6-estimator-bias,research/outputs/snap-r6-estimator-bias/r6_estimator_bias.json,17367,0845debcce2c323abc30a435b12fffec747da16807b1f169983873132d19f7a4,COMPLETE
snap-r6-fieller,research/outputs/snap-r6-fieller/r6_fieller.json,28527,967d6deeb8f407f9ee3df276fa4376cee85f8593030629dc3909e6aa8540d4da,not_recorded
snap-r6-fieller,research/outputs/snap-r6-fieller/rows_a0.json,715543,2e3d7e2be179d2d22d7909a9c35945f820adef3330771c703afc89b37477f083,not_recorded
snap-r6-fieller,research/outputs/snap-r6-fieller/rows_a1.json,715494,b39f6f153a820d1acf9d36a25bb7e94adf5afe439e70528afca9e2fb17203536,not_recorded
snap-r6-fieller,research/outputs/snap-r6-fieller/rows_a2.json,745070,318246c3d7dd681a560ec5b5da90c6ae18718b3ae2d863be160920bad05ed3cf,not_recorded
snap-r6-fieller,research/outputs/snap-r6-fieller/rows_a3.json,745492,5ac6390335324a4aa902bbfd7ffb80e271491b7d48ce8d8503f3c5c72e746b7d,not_recorded
snap-r6-fieller,research/outputs/snap-r6-fieller/rows_a4.json,745108,02dba6ba76708bc7b5515fb46f650b12831198000af515bbe049a897e33c4a02,not_recorded
snap-r6-fieller,research/outputs/snap-r6-fieller/rows_a5.json,745452,a8f017c97072e3e8f7a8708b9a06b3d89f142ad5d6f58dca94b17525f8d3287b,not_recorded
snap-r6-fieller,research/outputs/snap-r6-fieller/rows_b0.json,745227,73a81b9dedc4802ee9afddb1bfc1cfdb17c78a8cecbeac52ca591ddf682b4cd2,not_recorded
snap-r6-fieller,research/outputs/snap-r6-fieller/rows_b1.json,745011,0944191419bf9f5c95791a565c45540c874ab4e6e03d4f6ffeef38371d085b1a,not_recorded
snap-r6-fieller,research/outputs/snap-r6-fieller/rows_b2.json,745059,2d96ed4b44881044a9909b22d02ad33fe36fc56e7d5e0c1f1d779498a06342b5,not_recorded
snap-r6-fieller,research/outputs/snap-r6-fieller/rows_b3.json,745088,3bee63b9961e58436cc0bdde1f6f9d5fe18f876470b28081abad2c2a5a059af7,not_recorded
snap-r6-fieller,research/outputs/snap-r6-fieller/rows_b4.json,745563,54b2be54c406e26bf2f341ebd5f7ab89776b4d6ce34c2d2cc64198d68a87e93e,not_recorded
snap-r6-fieller,research/outputs/snap-r6-fieller/rows_b5.json,745037,3fda1f5684f7934978b9f9dcf1f11899d40e7117560455ddc73f9197c7aaf5c1,not_recorded
snap-r6-heavy-tails,research/outputs/snap-r6-heavy-tails/r6_heavy_tails.json,10867,8eb1d8d261ef421a7a12ceaab7d8ad3741c54e292afc018312b7805c8294906e,COMPLETE
snap-r6-influence,research/outputs/snap-r6-influence/r6_influence.json,5002,a1dcbe05c4e1e3b0f518de9229ac111cefc2b06856332c641d99b6f8cc5a2872,not_recorded
snap-r6-influence-b,research/outputs/snap-r6-influence-b/r6_influence_b.json,4403,106cbf3a4137a37639c956f63ab48d5e383567df457dca6fd125cc9bb7ae4865,not_recorded
snap-r6-itemshare,research/outputs/snap-r6-itemshare/r6_itemshare.json,3269,04ae23e1a3f0e8af75078ddd5c8ea95e384a40478c7158488f004ef681213b94,not_recorded
snap-r6-itemshare-b,research/outputs/snap-r6-itemshare-b/r6_itemshare_b.json,3586,d9c464a08f5c76d367448f1ab83cbd12a1a599c30ceba26fe6441a30219d4f11,not_recorded
snap-r6-joint-share,research/outputs/snap-r6-joint-share/r6_joint_share.json,5356,4793b3e75191cbbaeff548adf9c62d58848cd83e633d24d28a08a8ef1457f597,not_recorded
snap-r6-joint-share-c,research/outputs/snap-r6-joint-share-c/r6_joint_share_c.json,3546,925f0f6d2fd3f0d5df82ccf97f54a6b9e31cca303af3929acec306d9ad61f911,COMPLETE
snap-r6-leave-one-out,research/outputs/snap-r6-leave-one-out/r6_leave_one_out.json,86336,2d1d497a73f9eac42478ad2084b4c4ddcc5a408f88214d66b17f4ba693559988,not_recorded
snap-r6-leave-one-run,research/outputs/snap-r6-leave-one-run/r6_leave_one_run.json,3574,82384abbd1af8a8415ba3216db7c7c3e568b6b7ec3f1eb4c86a164ba61c73b29,COMPLETE
snap-r6-logscale-repair,research/outputs/snap-r6-logscale-repair/r6_logscale_repair.json,10055,36630c01b4d31840571bf04dbc3590e2bca32cb28dd83b4052f749ca646a5d24,COMPLETE
snap-r6-matched-a,research/outputs/snap-r6-matched-a/r6_matched_size.json,5949,8bb613700514a53fafe4a881821fa4b29929c0157470ddf26d2ac85b2087a2d9,not_recorded
snap-r6-matched-b,research/outputs/snap-r6-matched-b/r6_matched_size_recipe.json,5947,c0285d0cdb44d13c9d50ffe55c2f65ea9f928a2e331125d44321fb647e5aafb9,not_recorded
snap-r6-matched-variants,research/outputs/snap-r6-matched-variants/r6_matched_variants.json,9679,dbc52710e6d043e9aba01a97e15c30277f28cef14c3c345405f5c8f92d732412,not_recorded
snap-r6-mirror-power,research/outputs/snap-r6-mirror-power/r6_mirror_power.json,3710,cddbd1edf5d4ca1fcc5cd498b34b47a1f34f44275cef37a87d6b980ea89b2b14,COMPLETE
snap-r6-missing-acc,research/outputs/snap-r6-missing-acc/r6_missing_acc.json,8477,da1c59b6e5b311a3fd7036d8bc77cc5ec645a5fb84539022df389f5867c06a75,COMPLETE
snap-r6-missing-configs,research/outputs/snap-r6-missing-configs/r6_missing_configs.json,8290,7e79abd2186b9595b7750e4ae222e2b768109e8fa09aa4466de6b89814ca3f5b,COMPLETE
snap-r6-noise-level,research/outputs/snap-r6-noise-level/r6_noise_level.json,9275,faef54a7bad9e60fad03954396b8ec0665453cc58913f98b9ed540e8108c4595,COMPLETE
snap-r6-observed-intervals,research/outputs/snap-r6-observed-intervals/r6_observed_intervals.json,7786,8d2b9c4bd1e73b3d330aba5abe546d1c1d1d8f681996a8cdff17247f5fca45de,not_recorded
snap-r6-observed-truth,research/outputs/snap-r6-observed-truth/r6_observed_truth.json,21685,bfb35032b85035e6e7088c5db3e0fdfdcf9f91ba89594a9fb8ce7a74f0e237aa,COMPLETE
snap-r6-perm-exact,research/outputs/snap-r6-perm-exact/r6_perm_exact.json,3920,c740c1448208227a08908a851b2409626185e3bda8aac6ded26cee6a02e7810e,COMPLETE
snap-r6-perm-seeds,research/outputs/snap-r6-perm-seeds/r6_perm_seeds.json,5350,71cb1146e5300e4be385b27f6fad7851b8f35f450cc892196089bc6211e13259,not_recorded
snap-r6-power,research/outputs/snap-r6-power/r6_power.json,4979,bbc8d24631534888a6786b27f9626085a3376c84ac774ef48f97f2ca7d9253bc,COMPLETE
snap-r6-precision,research/outputs/snap-r6-precision/r6_precision.json,4756,bb1da9e62507a342eed910046805f7dba0242e527f8003502d7e855a05b02df9,not_recorded
snap-r6-precision-b,research/outputs/snap-r6-precision-b/r6_precision_b.json,8174,4664381e916c127089c88c6a6d4a3b70fd4d869a5c6410e9ce066005c885de7e,not_recorded
snap-r6-precision-c,research/outputs/snap-r6-precision-c/r6_precision_c.json,3390,3d030c4c5b3c03c0bbc85f34b24caf21324dd50ad98caf696d8bb7b200cb92fe,not_recorded
snap-r6-precision-d,research/outputs/snap-r6-precision-d/r6_precision_d.json,1990,61632fb6c6d3ca94418d29f51cffdcd2135af9fb7d2b5b09e46223f6a2d1a593,not_recorded
snap-r6-prepivot-sim,research/outputs/snap-r6-prepivot-sim/r6_prepivot_sim.json,4000,5dc8221b655d8de65b499bc1480b194842830ed404dc8f70e09eced75149d1eb,not_recorded
snap-r6-recipe-share,research/outputs/snap-r6-recipe-share/r6_recipe_share.json,3621,2a52f16d17667261b70b260c43fc9e8982cfcfa3e42f73d1897e1b0038100db9,not_recorded
snap-r6-recipe-shared-cov,research/outputs/snap-r6-recipe-shared-cov/r6_recipe_shared_cov.json,5700,d0f140c5130f922e7ba7571ddb9849bf35d0a340dbc875669a900b9b3d6b95c8,COMPLETE
snap-r6-record-check,research/outputs/snap-r6-record-check/r6_record_check.json,3391,29da90a555e10e3bfc89949effabb7c64abda9460bd094c4b74e1db580bbdc2a,not_recorded
snap-r6-record-check-b,research/outputs/snap-r6-record-check-b/r6_record_check_b.json,4905,de3ddc6630c6e7725bb409ea7293635ee2c39400c842a2662e0733346d535481,not_recorded
snap-r6-record-check-c,research/outputs/snap-r6-record-check-c/r6_record_check_c.json,3551,c13cfac8c42be23ff76b4efa9b946945f789d159fa2ed4b91d6a645459d7bf79,not_recorded
snap-r6-run-count-cov,research/outputs/snap-r6-run-count-cov/r6_run_count_cov.json,6422,b5ae02a1030bffde956652b71b933e9f6a06ee2b1b6c442948d35b2350336232,COMPLETE
snap-r6-share-power,research/outputs/snap-r6-share-power/r6_share_power.json,4494,e07eac1b2ff2dccc7ce411295f9779400b5192b395b530c0769a1ae087db6516,COMPLETE
snap-r6-shared-fit,research/outputs/snap-r6-shared-fit/r6_shared_fit.json,5528,bdae24ba2aabcd4615e14dbd57162aff6d9b60eb05f1a511cc7225242220bfa8,not_recorded
snap-r6-sharednoise,research/outputs/snap-r6-sharednoise/r6_sharednoise.json,7224,10b8d3f8793d02fde6bc65119267290fd1866aa407c49cc9c42d6b07f535472f,not_recorded
snap-r6-single-size,research/outputs/snap-r6-single-size/r6_single_size.json,7198,1419c4b913cc4a977d4896d7a83871f75deda167a9a078136dd78d1b72f91f49,COMPLETE
snap-r6-single-size-acc,research/outputs/snap-r6-single-size-acc/r6_single_size_acc.json,8437,05487950f04025b01892e2879c9b776d13d772d1590358ee82b33c27b7cba7ab,COMPLETE
snap-r6-size-count,research/outputs/snap-r6-size-count/r6_size_count.json,5921,8d0c326cff8c980d7f0a7421e929bc88cba9306db34af38e29bd5a7be349691c,COMPLETE
snap-r6-size-shared,research/outputs/snap-r6-size-shared/r6_size_shared.json,5537,52567eb3b9947981a34cfe0b2ccd4584176a40c3738306f5124a660ce0105688,not_recorded
snap-r6-size-shared-b,research/outputs/snap-r6-size-shared-b/r6_size_shared_b.json,4350,9e5e61757720c4aa6180a8b77f2eb7c4f16c1ea58d86bca780f74a1b79759c9d,COMPLETE
snap-r6-size-shared-low,research/outputs/snap-r6-size-shared-low/r6_size_shared_low.json,4283,d30dbabeb2bd3a1bfc4614352c18eaf0625de7b6b1843d70acd3f78da8daac2d,not_recorded
snap-r6-structured-precise,research/outputs/snap-r6-structured-precise/r6_structured_precise.json,9683,d0131e3a8775ea77d77bed4ec4e0dd58367ba71cca203c25e70d55c4c89e1a50,COMPLETE
snap-r6-structured-truth,research/outputs/snap-r6-structured-truth/r6_structured_truth.json,21828,3e05e6887580c94d45c440f6cb00ca43abdd6d33a1d90b1dc8a7a9dd59a67d10,COMPLETE
snap-r6-truth-sweep,research/outputs/snap-r6-truth-sweep/r6_truth_sweep.json,8324,4a4b657e9d622d8c37a1e80103a269ad920e23083086a674284e91bf842a14ae,COMPLETE
snap-r6-two-runs-only,research/outputs/snap-r6-two-runs-only/r6_two_runs_only.json,9571,5958c494fae468c3c71a10903914fab030aef93bfe039993b3845da9344f29bc,COMPLETE
snap-r6-twoway,research/outputs/snap-r6-twoway/r6_twoway.json,6189,ea45ef05007e6b2b14c997c46b93bad820fca45293ced314085ea5f72eef4b25,not_recorded
snap-r6-twoway-boot,research/outputs/snap-r6-twoway-boot/r6_twoway_boot.json,3818,fad8d7016afd4387df89a62e100eb72bebf903e9622d1828880f6fca5dd97a9d,not_recorded
snap-r6-twoway-cov,research/outputs/snap-r6-twoway-cov/r6_twoway_cov.json,3933,84207c60bb1ff65a5c25610517267d97ee23db21cc1e8c8a16bfa9455ff2a77d,COMPLETE
snap-r6-unequal-noise,research/outputs/snap-r6-unequal-noise/r6_unequal_noise.json,6785,2aa2022e79530e2a426552af2acea19aa97d4dd622d753d513c49d6df26417b4,COMPLETE
snap-r6-variants,research/outputs/snap-r6-variants/r6_variants.json,7105,fba819535d7975637a3c9ab736d464ecfa1f66fe5688b1a548c769aa676c06d9,not_recorded
snap-r6-variants-b,research/outputs/snap-r6-variants-b/r6_variants_b.json,12158,765168c38142a5afad0a439fa174b7ed2aef757e2f3af0a3ab16496fdab5140b,not_recorded
snap-r6-variants-c,research/outputs/snap-r6-variants-c/r6_variants_c.json,7985,09dace883906f1b5eca6f997969bc49c3c47f418103a347e82469a304862edc2,not_recorded
snap-r6-webb-weights,research/outputs/snap-r6-webb-weights/r6_webb_weights.json,6907,e44a4776ca3baec1a5092dba24991b23f6894cb5d292391ffd6f2b2043c03ce7,COMPLETE
snap-r6-weights,research/outputs/snap-r6-weights/r6_weights.json,4944,376377f5682f614fbbfaa4d821190aad8183f5da3d54ab28c1e5eed35c27aa77,not_recorded
snap-r7-availability,research/outputs/snap-r7-availability/r7_availability.json,47544,32fd69e41c7712e77192febf9ff6ca129c72c59311afc0965851c21466580172,COMPLETE
snap-r7-availability-recheck,research/outputs/snap-r7-availability-recheck/r7_availability_recheck.json,47007,3dcb0bee5d51349699fa9bc1988f6d97fba35a80bd2eb6acc85da3a595f2a675,COMPLETE
snap-r7-branch-index,research/outputs/snap-r7-branch-index/r7_branch_index.json,78068,3589dacb4fb86a756f01b06d880d155cda2d6df3ed35ca9fd4587d32842d04ea,not_recorded
snap-r7-crossfit,research/outputs/snap-r7-crossfit/r7_crossfit.json,15705,ff9e773a4926ae84bb59573567520677df80ed02401d9d5acd7b485856834591,not_recorded
snap-r7-crossfit-null,research/outputs/snap-r7-crossfit-null/r7_crossfit_null.json,8178,c1b0efba589bc6bfc63a3fda88f3769270861339733f9f77549c5de57dd5a9d1,not_recorded
snap-r7-proxy-audit,research/outputs/snap-r7-proxy-audit/r7_proxy_audit.json,23254,cb3f3e0c4be3924845e83b18fab1b020d31f0a108b1963f94385cf20f5be7313,not_recorded
snap-r7-proxy-null,research/outputs/snap-r7-proxy-null/r7_proxy_null.json,6943,fc61ca01ae241e33caf3dc503de79fb160118818b0c968dc80051966aab542fa,not_recorded
snap-r7-proxy-null2,research/outputs/snap-r7-proxy-null2/r7_proxy_null2.json,5229,643fe058189a4d56283ef3514e25ad3a2a710f332cbe045716d03faacee22cb9,not_recorded
snap-r7-verify,research/outputs/snap-r7-verify/r7_verify.json,15862,1c01e730c09c422152f42ea176220471f3bd05b4836f14a73191b2cd8f9c4482,COMPLETE
snap-r7-verify-1b,research/outputs/snap-r7-verify-1b/r7_verify_1b.json,19062,d124061b794f591f2fd81fac6766dd285c79a68a09927b429718fa9e80bd6564,COMPLETE
snap-r7-verify-b,research/outputs/snap-r7-verify-b/r7_verify_b.json,28965,7b25f99e83201b8eac349133dee0e8974647f5658671b8ff58409809c26239b4,COMPLETE
snap-r8-clipping,research/outputs/snap-r8-clipping/r8_clipping.json,13487,5553ca3025eda5113bc6d7f6f87499d2e8c76b51e0fec9016a309a39ddff434b,not_recorded
snap-r8-known-truth,research/outputs/snap-r8-known-truth/r8_known_truth.json,21717,2a920326141177d7b71dfed61ba866653c697ff0d49df283619d5ff055ae4579,not_recorded
snap-r8-paired-log,research/outputs/snap-r8-paired-log/r8_paired_log.json,22749,b2227cc85b26621a6808d6b9df650dc03d8f63555f6a6062d49d2084055c5a4b,not_recorded
snap-r8-prediction,research/outputs/snap-r8-prediction/SNAP/C01_accuracy/manifest.json,4745,7e8a30f3c08c463e5dc1be8bbb2107a3ddaa36d553a28471c63449e3873cdd49,not_recorded
snap-r8-prediction,research/outputs/snap-r8-prediction/SNAP/C01_accuracy/result.json,1189632,14c223cb2ab278c2918f299f906af7f678bd01a0c005ae6fa5ae99b413309519,not_recorded
snap-r8-prediction,research/outputs/snap-r8-prediction/SNAP/C01_margin/manifest.json,4740,e591948db15acf00b21185c117672ca4e81103423728b3aef7ffe239a6c13ee3,not_recorded
snap-r8-prediction,research/outputs/snap-r8-prediction/SNAP/C01_margin/result.json,1189632,abb924422a7c25898bd0fa1e95e98b0be46edc1288e1200afa71c6f7ab594756,not_recorded
snap-r8-prediction,research/outputs/snap-r8-prediction/SNAP/C07_accuracy/manifest.json,4715,9575a0f40814600c10038af5edd6a477fc77abf1f868dd722048c4dad0a3e29d,not_recorded
snap-r8-prediction,research/outputs/snap-r8-prediction/SNAP/C07_accuracy/result.json,181918,4ed54c35c8cd79a36924497c226c4319152770880ce96eef3ae0c160a2dac9ac,not_recorded
snap-r8-prediction,research/outputs/snap-r8-prediction/SNAP/C07_margin/manifest.json,4709,eeb909f32703f9e629a4747796ae05397eea7813b1d636cbc34ae8397e0640ec,not_recorded
snap-r8-prediction,research/outputs/snap-r8-prediction/SNAP/C07_margin/result.json,181843,6dcaa5f76093fec13cabf8afb70492a13c3a40a47a87d0ef8d987824e0d200ea,not_recorded
snap-r8-prediction,research/outputs/snap-r8-prediction/SNAP/C08_accuracy/manifest.json,4456,d7d8b1471a5929f009a7f21a38c3f0f39ee90ea242d745882270ec2edd1ec451,not_recorded
snap-r8-prediction,research/outputs/snap-r8-prediction/SNAP/C08_accuracy/result.json,938439,c86316721679cc0d041a4aaa603aec3a4f66754e8a6af781cf05a4c77bbb610b,not_recorded
snap-r8-prediction,research/outputs/snap-r8-prediction/SNAP/C08_margin/manifest.json,4452,1b4f038e9d0f3d4b23d6077ec5aa0f5ed10d36bf8517e3fc168c26f2af4a893b,not_recorded
snap-r8-prediction,research/outputs/snap-r8-prediction/SNAP/C08_margin/result.json,942066,3e8186b86d4e20aa9049b2c222143684ef0de420b13ab0bfb7cf8f9c8510e375,not_recorded
snap-r8-prediction,research/outputs/snap-r8-prediction/SNAP/pairs_accuracy.json,591010,544e0fc38748676ea4f041d1f0eb06f20094aa533c1fa73c3c06fba6ef9b561c,not_recorded
snap-r8-prediction,research/outputs/snap-r8-prediction/SNAP/pairs_margin.json,590105,e86b6eb77cb9235ee73f204fd2c2c44937ea792d908db16cd45eb0042548815c,not_recorded
snap-r8-prediction,research/outputs/snap-r8-prediction/configs/C01_accuracy.json,167,08b8b744583a8474ae4c620caa26e944fddded6795b945875a370e314272a3da,not_recorded
snap-r8-prediction,research/outputs/snap-r8-prediction/configs/C01_margin.json,165,2c1d19d4abcd5b037239fa4f871bfbd4816e9d7619f034d6ad5545bd2ac79568,not_recorded
snap-r8-prediction,research/outputs/snap-r8-prediction/configs/C07_accuracy.json,219,c0bb09e34c070a271c16803f8779bbc7a6d1ae3c1ba2f53d4a1f92f67322b632,not_recorded
snap-r8-prediction,research/outputs/snap-r8-prediction/configs/C07_margin.json,217,2507ffcc89a86437b3dacc8179a59db65175bcf210b2232727419b631121a54a,not_recorded
snap-r8-prediction,research/outputs/snap-r8-prediction/configs/C08_accuracy.json,103,6e0e9776234525a6aac2f292da1d1e9bfea1e1d53033b2bfe7c2becadcd56276,not_recorded
snap-r8-prediction,research/outputs/snap-r8-prediction/configs/C08_margin.json,101,e9a53ed102a93adf3e2a52c3389face49c17da7f2eeb95bd2911b9bbf27ccfc9,not_recorded
snap-r8-prediction,research/outputs/snap-r8-prediction/datasets/full/accuracy/scores.json,2111435,43afcf470bd54303b5de191afebf8fa8e19de4f662b7bb2b5128fa53d5efa71a,not_recorded
snap-r8-prediction,research/outputs/snap-r8-prediction/datasets/full/adapter_summary.json,457,1895805d2b54183a0235bc11c142f32c58c5a7a59576ea6498b9a511bfdc6712,not_recorded
snap-r8-prediction,research/outputs/snap-r8-prediction/datasets/full/margin/scores.json,2111433,0b6826e702f4e708815e77820a7f2d2de03ec0e2444eb9b8d8fa22d54695f6ef,not_recorded
snap-r8-prediction,research/outputs/snap-r8-prediction/snap_compute/configs/C00.json,152,2b638dd1fb1d2a510d3eb825f98027a08056fe1dd27a9250e4f50ad240644c1f,not_recorded
snap-r8-prediction,research/outputs/snap-r8-prediction/snap_compute/configs/C01.json,141,74e19c32be007d37d7d24b2ad877d93c38a957431665a1e36ce3683cce06c179,not_recorded
snap-r8-prediction,research/outputs/snap-r8-prediction/snap_compute/configs/C02.json,48,269315a3dc3a3d12d03f7ec42342f9f50db2e79699a3db7a080b80fa33354be0,not_recorded
snap-r8-prediction,research/outputs/snap-r8-prediction/snap_compute/configs/C03.json,154,f14efde2af76dedb22f2736f990e7e2884ef70eb67f60cad15fdcc6f00e5f57c,not_recorded
snap-r8-prediction,research/outputs/snap-r8-prediction/snap_compute/configs/C04.json,138,96913f4fc1218603d3ab220bf7fe00df3d28fd3b09b5f3be4c39a12aca1089e1,not_recorded
snap-r8-prediction,research/outputs/snap-r8-prediction/snap_compute/configs/C05.json,356,2bb1ab6f3b98e804e4dfa3d6e3184f83be30992db723c993de4a7a408479ff24,not_recorded
snap-r8-prediction,research/outputs/snap-r8-prediction/snap_compute/configs/C06.json,201,cb38bfc955c3d3d3dcddd93db578e67726ac0cb367e24d3b3d4dbfe52101a9dc,not_recorded
snap-r8-prediction,research/outputs/snap-r8-prediction/snap_compute/configs/C07.json,190,8c6b7e05d6c727effc6992b855c4c3d635c1c5833e5aea08791abd8798c6e350,not_recorded
snap-r8-prediction,research/outputs/snap-r8-prediction/snap_compute/configs/C08.json,83,9e59bce6997615eaad981660585f3d1e727901e6d174dabad12ce9df04bf2149,not_recorded
snap-r8-prediction,research/outputs/snap-r8-prediction/snap_compute/configs/C09.json,183,1c288740ddfe1641f844e189c0e48db014a23f2e1f83a05633758aae0be75368,not_recorded
snap-r8-prediction,research/outputs/snap-r8-prediction/snap_compute/configs/C10.json,197,6d6b09b6a031658174061702b3b19f364a2989ca912f7392863330c35b51fe61,not_recorded
snap-r8-prediction,research/outputs/snap-r8-prediction/snap_compute/configs/C11.json,211,b501ea0afdff212ebd0160b8d6962cbe312f29c451a62df79c08ba9fa43d582d,not_recorded
snap-r8-prediction,research/outputs/snap-r8-prediction/snap_compute/configs/G00.json,403,645d47185de8b44541292568b40c42415f2b7cf475e3965b775c3965f8714fea,not_recorded
snap-r8-prediction,research/outputs/snap-r8-prediction/snap_compute/configs/G01.json,332,0e7fda3b02519d6b4da6859bca5b3c1e06eae0ec919f5b736ef51f29fa4c184e,not_recorded
snap-r8-prediction,research/outputs/snap-r8-prediction/snap_compute/configs/G02.json,332,0e7fda3b02519d6b4da6859bca5b3c1e06eae0ec919f5b736ef51f29fa4c184e,not_recorded
snap-r8-prediction,research/outputs/snap-r8-prediction/snap_compute/configs/G03.json,332,0e7fda3b02519d6b4da6859bca5b3c1e06eae0ec919f5b736ef51f29fa4c184e,not_recorded
snap-r9-decision,research/outputs/snap-r9-decision/r9_decision.json,6090,626b1981c612647c101fe819a9e0f8b38364983802ab23c31729e5b6918b4af1,COMPLETE
snap-r9-runs,research/outputs/snap-r9-runs/r9_runs.json,26994,496a20705bddf3f6c5e789213fcdd2463884b9fc4a039320581ce09f4ca7bf6a,COMPLETE
snap-r9-runs-b,research/outputs/snap-r9-runs-b/r9_runs_b.json,22836,617e28573d12d47e795b0dd218f6cd6a9ad268f58f0cc5a80278aa0711bb0b3f,COMPLETE
snap-r9-runs-quarter,research/outputs/snap-r9-runs-quarter/r9_runs_quarter.json,11335,31b6e55c983b86de2501a2c817ff21a32760d2e379270f4ce50645354c69a6cd,COMPLETE
snap-r9-transfer,research/outputs/snap-r9-transfer/r9_transfer.json,12027,f68bcc058afc002c4bfd1cc5d9ed07a559684ea65073ed86b4023c7e3934c043,COMPLETE
snap-r9-transfer-b,research/outputs/snap-r9-transfer-b/r9_transfer_b.json,11348,08ed599fe028c27c3c8905067413d19baa1dae431cdb0ec4d9d1b4c4a65dfab4,COMPLETE
