kernel,cell,method,true_ratio,varied,replicates,seed,coverage,mc_se,excludes_one_rate,undefined_or_unbounded,median_width,interval_status
snap-r6-alpha-levels,independent,wild_90,1.2445882853377657,"{""noise_sd"": 0.73, ""rho"": 0.061}",4000,20260979,0.89625,0.004821460813384259,0.99125,0.0,0.20019399828833118,all_defined
snap-r6-alpha-levels,independent,wild_95,1.2445882853377657,"{""noise_sd"": 0.73, ""rho"": 0.061}",4000,20260979,0.95075,0.003421419204803762,0.97425,0.0,0.24163172868591032,all_defined
snap-r6-alpha-levels,independent,wild_99,1.2445882853377657,"{""noise_sd"": 0.73, ""rho"": 0.061}",4000,20260979,0.98975,0.001592555925234651,0.848,0.0,0.32774420003471216,all_defined
snap-r6-alpha-levels,independent,cluster_t_90,1.2445882853377657,"{""noise_sd"": 0.73, ""rho"": 0.061}",4000,20260979,0.8935,0.004877441696217393,0.9915,0.0,0.19973639292353318,all_defined
snap-r6-alpha-levels,independent,cluster_t_95,1.2445882853377657,"{""noise_sd"": 0.73, ""rho"": 0.061}",4000,20260979,0.95125,0.003404902256306338,0.9735,0.0,0.24132023041477357,all_defined
snap-r6-alpha-levels,independent,cluster_t_99,1.2445882853377657,"{""noise_sd"": 0.73, ""rho"": 0.061}",4000,20260979,0.98975,0.001592555925234651,0.844,0.0,0.32833732452183895,all_defined
snap-r6-alpha-levels,band_0.044,wild_90,1.2445882853377657,"{""noise_sd"": 0.73, ""rho"": 0.061, ""size_shared"": 0.044}",4000,20260979,0.89625,0.004821460813384259,0.9865,0.0,0.2000280992156961,all_defined
snap-r6-alpha-levels,band_0.044,wild_95,1.2445882853377657,"{""noise_sd"": 0.73, ""rho"": 0.061, ""size_shared"": 0.044}",4000,20260979,0.94725,0.0035343824602043273,0.96875,0.0,0.24155597370463588,all_defined
snap-r6-alpha-levels,band_0.044,wild_99,1.2445882853377657,"{""noise_sd"": 0.73, ""rho"": 0.061, ""size_shared"": 0.044}",4000,20260979,0.98575,0.0018739622127993928,0.848,0.0,0.32789255090410063,all_defined
snap-r6-alpha-levels,band_0.044,cluster_t_90,1.2445882853377657,"{""noise_sd"": 0.73, ""rho"": 0.061, ""size_shared"": 0.044}",4000,20260979,0.897,0.004806011860160147,0.987,0.0,0.19945099644002529,all_defined
snap-r6-alpha-levels,band_0.044,cluster_t_95,1.2445882853377657,"{""noise_sd"": 0.73, ""rho"": 0.061, ""size_shared"": 0.044}",4000,20260979,0.94525,0.0035969583504677936,0.9695,0.0,0.2409513331065527,all_defined
snap-r6-alpha-levels,band_0.044,cluster_t_99,1.2445882853377657,"{""noise_sd"": 0.73, ""rho"": 0.061, ""size_shared"": 0.044}",4000,20260979,0.98575,0.0018739622127993928,0.84825,0.0,0.32793690848606893,all_defined
snap-r6-alpha-levels,band_0.25,wild_90,1.2445882853377657,"{""noise_sd"": 0.73, ""rho"": 0.061, ""size_shared"": 0.25}",4000,20260979,0.74275,0.0069114477047142586,0.956,0.0,0.19454970121061266,all_defined
snap-r6-alpha-levels,band_0.25,wild_95,1.2445882853377657,"{""noise_sd"": 0.73, ""rho"": 0.061, ""size_shared"": 0.25}",4000,20260979,0.828,0.005966908747416874,0.9195,0.0,0.2349164734454608,all_defined
snap-r6-alpha-levels,band_0.25,wild_99,1.2445882853377657,"{""noise_sd"": 0.73, ""rho"": 0.061, ""size_shared"": 0.25}",4000,20260979,0.92775,0.004093590645753433,0.78375,0.0,0.31919302887870804,all_defined
snap-r6-alpha-levels,band_0.25,cluster_t_90,1.2445882853377657,"{""noise_sd"": 0.73, ""rho"": 0.061, ""size_shared"": 0.25}",4000,20260979,0.7415,0.0069223866910192175,0.95675,0.0,0.19404751253795927,all_defined
snap-r6-alpha-levels,band_0.25,cluster_t_95,1.2445882853377657,"{""noise_sd"": 0.73, ""rho"": 0.061, ""size_shared"": 0.25}",4000,20260979,0.82625,0.005990845881426094,0.92125,0.0,0.23441838256454195,all_defined
snap-r6-alpha-levels,band_0.25,cluster_t_99,1.2445882853377657,"{""noise_sd"": 0.73, ""rho"": 0.061, ""size_shared"": 0.25}",4000,20260979,0.92725,0.004106623841429842,0.7815,0.0,0.31892582745822273,all_defined
snap-r6-battery-width,benchmarks_04,wild_recipe,1.087658034494298,"{""benchmarks"": 4, ""noise_sd"": 0.73, ""rho"": 0.061}",4000,20260956,0.94725,0.0035343824602043273,,0.0,0.20500340629593328,all_defined
snap-r6-battery-width,benchmarks_04,wild_size,1.087658034494298,"{""benchmarks"": 4, ""noise_sd"": 0.73, ""rho"": 0.061}",4000,20260956,0.94625,0.003565842729986839,,0.0095,0.3030871220364797,undefined_present
snap-r6-battery-width,benchmarks_04,cluster_t_recipe,1.087658034494298,"{""benchmarks"": 4, ""noise_sd"": 0.73, ""rho"": 0.061}",4000,20260956,0.945,0.003604684452209376,,0.0,0.2030720642142732,all_defined
snap-r6-battery-width,benchmarks_04,cluster_t_size,1.087658034494298,"{""benchmarks"": 4, ""noise_sd"": 0.73, ""rho"": 0.061}",4000,20260956,0.94225,0.003688324060464318,,0.0,0.2538588729342933,all_defined
snap-r6-battery-width,benchmarks_06,wild_recipe,1.1423659658795862,"{""benchmarks"": 6, ""noise_sd"": 0.73, ""rho"": 0.061}",4000,20260956,0.943,0.003665753674212168,,0.0,0.22110634634197224,all_defined
snap-r6-battery-width,benchmarks_06,wild_size,1.1423659658795862,"{""benchmarks"": 6, ""noise_sd"": 0.73, ""rho"": 0.061}",4000,20260956,0.95025,0.003437838619685338,,0.009,0.3280013197418457,undefined_present
snap-r6-battery-width,benchmarks_06,cluster_t_recipe,1.1423659658795862,"{""benchmarks"": 6, ""noise_sd"": 0.73, ""rho"": 0.061}",4000,20260956,0.9415,0.003710719269899031,,0.0,0.22019673266386952,all_defined
snap-r6-battery-width,benchmarks_06,cluster_t_size,1.1423659658795862,"{""benchmarks"": 6, ""noise_sd"": 0.73, ""rho"": 0.061}",4000,20260956,0.949,0.003478469491026191,,0.0,0.27925669223498856,all_defined
snap-r6-battery-width,benchmarks_08,wild_recipe,1.194571052721436,"{""benchmarks"": 8, ""noise_sd"": 0.73, ""rho"": 0.061}",4000,20260956,0.95025,0.003437838619685338,,0.0,0.23283610602780425,all_defined
snap-r6-battery-width,benchmarks_08,wild_size,1.194571052721436,"{""benchmarks"": 8, ""noise_sd"": 0.73, ""rho"": 0.061}",4000,20260956,0.95575,0.0032516125807051494,,0.00725,0.3425285293065241,undefined_present
snap-r6-battery-width,benchmarks_08,cluster_t_recipe,1.194571052721436,"{""benchmarks"": 8, ""noise_sd"": 0.73, ""rho"": 0.061}",4000,20260956,0.95025,0.003437838619685338,,0.0,0.23213261726836798,all_defined
snap-r6-battery-width,benchmarks_08,cluster_t_size,1.194571052721436,"{""benchmarks"": 8, ""noise_sd"": 0.73, ""rho"": 0.061}",4000,20260956,0.95175,0.0033882863478460618,,0.0,0.29034450182085314,all_defined
snap-r6-battery-width,benchmarks_10,wild_recipe,1.2445882853377657,"{""benchmarks"": 10, ""noise_sd"": 0.73, ""rho"": 0.061}",4000,20260956,0.94125,0.003718145959345866,,0.0,0.241795059544047,all_defined
snap-r6-battery-width,benchmarks_10,wild_size,1.2445882853377657,"{""benchmarks"": 10, ""noise_sd"": 0.73, ""rho"": 0.061}",4000,20260956,0.9515,0.0033966067626382654,,0.0065,0.35497852529060825,undefined_present
snap-r6-battery-width,benchmarks_10,cluster_t_recipe,1.2445882853377657,"{""benchmarks"": 10, ""noise_sd"": 0.73, ""rho"": 0.061}",4000,20260956,0.94075,0.003732942455356097,,0.0,0.24128246282533294,all_defined
snap-r6-battery-width,benchmarks_10,cluster_t_size,1.2445882853377657,"{""benchmarks"": 10, ""noise_sd"": 0.73, ""rho"": 0.061}",4000,20260956,0.944,0.0036353816856005655,,0.0,0.3053561330116896,all_defined
snap-r6-battery-width,benchmarks_12,wild_recipe,1.29267165204471,"{""benchmarks"": 12, ""noise_sd"": 0.73, ""rho"": 0.061}",4000,20260956,0.94225,0.003688324060464318,,0.0,0.2495481167137542,all_defined
snap-r6-battery-width,benchmarks_12,wild_size,1.29267165204471,"{""benchmarks"": 12, ""noise_sd"": 0.73, ""rho"": 0.061}",4000,20260956,0.946,0.0035736535926135893,,0.01075,0.37151416800795833,undefined_present
snap-r6-battery-width,benchmarks_12,cluster_t_recipe,1.29267165204471,"{""benchmarks"": 12, ""noise_sd"": 0.73, ""rho"": 0.061}",4000,20260956,0.94125,0.003718145959345866,,0.0,0.24891500100306918,all_defined
snap-r6-battery-width,benchmarks_12,cluster_t_size,1.29267165204471,"{""benchmarks"": 12, ""noise_sd"": 0.73, ""rho"": 0.061}",4000,20260956,0.945,0.003604684452209376,,0.0,0.3154748192776645,all_defined
snap-r6-battery-width,benchmarks_20,wild_recipe,1.4693535993762699,"{""benchmarks"": 20, ""noise_sd"": 0.73, ""rho"": 0.061}",4000,20260956,0.951,0.003413173010557773,,0.0,0.27691068676347896,all_defined
snap-r6-battery-width,benchmarks_20,wild_size,1.4693535993762699,"{""benchmarks"": 20, ""noise_sd"": 0.73, ""rho"": 0.061}",4000,20260956,0.95575,0.0032516125807051494,,0.00525,0.41214179448908417,undefined_present
snap-r6-battery-width,benchmarks_20,cluster_t_recipe,1.4693535993762699,"{""benchmarks"": 20, ""noise_sd"": 0.73, ""rho"": 0.061}",4000,20260956,0.9515,0.0033966067626382654,,0.0,0.27671706327649137,all_defined
snap-r6-battery-width,benchmarks_20,cluster_t_size,1.4693535993762699,"{""benchmarks"": 20, ""noise_sd"": 0.73, ""rho"": 0.061}",4000,20260956,0.94925,0.003470390377896987,,0.0,0.34572992504524647,all_defined
snap-r6-boot-reps,independent,boot_999,1.2445882853377657,"{""noise_sd"": 0.73, ""rho"": 0.061}",4000,20260980,0.94525,0.0035969583504677936,0.97175,0.0,0.2402850416690976,all_defined
snap-r6-boot-reps,independent,boot_2499,1.2445882853377657,"{""noise_sd"": 0.73, ""rho"": 0.061}",4000,20260980,0.94575,0.0035814430576235614,0.97025,0.0,0.2412293312973764,all_defined
snap-r6-boot-reps,independent,boot_4999,1.2445882853377657,"{""noise_sd"": 0.73, ""rho"": 0.061}",4000,20260980,0.94575,0.0035814430576235614,0.9695,0.0,0.24129477301770474,all_defined
snap-r6-boot-reps,independent,boot_19999,1.2445882853377657,"{""noise_sd"": 0.73, ""rho"": 0.061}",4000,20260980,0.94625,0.003565842729986839,0.9705,0.0,0.24187690083473556,all_defined
snap-r6-boot-reps,band_0.044,boot_999,1.2445882853377657,"{""noise_sd"": 0.73, ""rho"": 0.061, ""size_shared"": 0.044}",4000,20260980,0.9405,0.0037403124869454423,0.96575,0.0,0.24025693800623782,all_defined
snap-r6-boot-reps,band_0.044,boot_2499,1.2445882853377657,"{""noise_sd"": 0.73, ""rho"": 0.061, ""size_shared"": 0.044}",4000,20260980,0.943,0.003665753674212168,0.96725,0.0,0.24082568287760953,all_defined
snap-r6-boot-reps,band_0.044,boot_4999,1.2445882853377657,"{""noise_sd"": 0.73, ""rho"": 0.061, ""size_shared"": 0.044}",4000,20260980,0.94275,0.0036732967991982357,0.967,0.0,0.24097995403811123,all_defined
snap-r6-boot-reps,band_0.044,boot_19999,1.2445882853377657,"{""noise_sd"": 0.73, ""rho"": 0.061, ""size_shared"": 0.044}",4000,20260980,0.9425,0.0036808202210920327,0.96675,0.0,0.2414485706429509,all_defined
snap-r6-cluster-count,recipes_05,wild_recipe,1.2445882853377657,"{""noise_sd"": 0.73, ""recipes"": 5, ""rho"": 0.061}",4000,20260960,0.74925,0.006853364821385186,0.161,0.20475,0.7283506184533478,undefined_present
snap-r6-cluster-count,recipes_05,cluster_t_recipe,1.2445882853377657,"{""noise_sd"": 0.73, ""recipes"": 5, ""rho"": 0.061}",4000,20260960,0.91025,0.004519262591950151,0.20225,0.03025,0.6833507769054894,undefined_present
snap-r6-cluster-count,recipes_05,wild_size,1.2445882853377657,"{""noise_sd"": 0.73, ""recipes"": 5, ""rho"": 0.061}",4000,20260960,0.7555,0.00679558220463854,0.16575,0.19825,0.7237847008528436,undefined_present
snap-r6-cluster-count,recipes_05,cluster_t_size,1.2445882853377657,"{""noise_sd"": 0.73, ""recipes"": 5, ""rho"": 0.061}",4000,20260960,0.91525,0.004403618895295096,0.214,0.02675,0.6813228068277685,undefined_present
snap-r6-cluster-count,recipes_10,wild_recipe,1.2445882853377657,"{""noise_sd"": 0.73, ""recipes"": 10, ""rho"": 0.061}",4000,20260960,0.94625,0.003565842729986839,0.5425,0.0,0.4168877521205635,all_defined
snap-r6-cluster-count,recipes_10,cluster_t_recipe,1.2445882853377657,"{""noise_sd"": 0.73, ""recipes"": 10, ""rho"": 0.061}",4000,20260960,0.9455,0.0035892112643309253,0.5555,0.0,0.4116410485893664,all_defined
snap-r6-cluster-count,recipes_10,wild_size,1.2445882853377657,"{""noise_sd"": 0.73, ""recipes"": 10, ""rho"": 0.061}",4000,20260960,0.893,0.004887509590783428,0.3105,0.071,0.5568069249806855,undefined_present
snap-r6-cluster-count,recipes_10,cluster_t_size,1.2445882853377657,"{""noise_sd"": 0.73, ""recipes"": 10, ""rho"": 0.061}",4000,20260960,0.951,0.003413173010557773,0.42,0.00075,0.48322309584285095,undefined_present
snap-r6-cluster-count,recipes_15,wild_recipe,1.2445882853377657,"{""noise_sd"": 0.73, ""recipes"": 15, ""rho"": 0.061}",4000,20260960,0.9415,0.003710719269899031,0.7935,0.0,0.32086037959427105,all_defined
snap-r6-cluster-count,recipes_15,cluster_t_recipe,1.2445882853377657,"{""noise_sd"": 0.73, ""recipes"": 15, ""rho"": 0.061}",4000,20260960,0.94175,0.0037032734674879203,0.79875,0.0,0.3197694380305568,all_defined
snap-r6-cluster-count,recipes_15,wild_size,1.2445882853377657,"{""noise_sd"": 0.73, ""recipes"": 15, ""rho"": 0.061}",4000,20260960,0.9315,0.00399398766898447,0.453,0.0225,0.4553151471091008,undefined_present
snap-r6-cluster-count,recipes_15,cluster_t_size,1.2445882853377657,"{""noise_sd"": 0.73, ""recipes"": 15, ""rho"": 0.061}",4000,20260960,0.9445,0.0036200742395702326,0.58875,0.0,0.3866486039503706,all_defined
snap-r6-cluster-count,recipes_25,wild_recipe,1.2445882853377657,"{""noise_sd"": 0.73, ""recipes"": 25, ""rho"": 0.061}",4000,20260960,0.94225,0.003688324060464318,0.96925,0.0,0.241871099422867,all_defined
snap-r6-cluster-count,recipes_25,cluster_t_recipe,1.2445882853377657,"{""noise_sd"": 0.73, ""recipes"": 25, ""rho"": 0.061}",4000,20260960,0.94175,0.0037032734674879203,0.96825,0.0,0.2408011603420268,all_defined
snap-r6-cluster-count,recipes_25,wild_size,1.2445882853377657,"{""noise_sd"": 0.73, ""recipes"": 25, ""rho"": 0.061}",4000,20260960,0.954,0.003312249990565327,0.61975,0.008,0.3611377309868413,undefined_present
snap-r6-cluster-count,recipes_25,cluster_t_size,1.2445882853377657,"{""noise_sd"": 0.73, ""recipes"": 25, ""rho"": 0.061}",4000,20260960,0.94925,0.003470390377896987,0.8065,0.0,0.303228019405153,all_defined
snap-r6-cluster-count,recipes_40,wild_recipe,1.2445882853377657,"{""noise_sd"": 0.73, ""recipes"": 40, ""rho"": 0.061}",4000,20260960,0.94625,0.003565842729986839,0.9985,0.0,0.18769335699280276,all_defined
snap-r6-cluster-count,recipes_40,cluster_t_recipe,1.2445882853377657,"{""noise_sd"": 0.73, ""recipes"": 40, ""rho"": 0.061}",4000,20260960,0.94725,0.0035343824602043273,0.9985,0.0,0.18751703170337908,all_defined
snap-r6-cluster-count,recipes_40,wild_size,1.2445882853377657,"{""noise_sd"": 0.73, ""recipes"": 40, ""rho"": 0.061}",4000,20260960,0.95975,0.003107649332695052,0.78325,0.00225,0.2862789269682875,undefined_present
snap-r6-cluster-count,recipes_40,cluster_t_size,1.2445882853377657,"{""noise_sd"": 0.73, ""recipes"": 40, ""rho"": 0.061}",4000,20260960,0.9495,0.003462287899640929,0.9445,0.0,0.24058349752682673,all_defined
snap-r6-cluster-count,recipes_60,wild_recipe,1.2445882853377657,"{""noise_sd"": 0.73, ""recipes"": 60, ""rho"": 0.061}",4000,20260960,0.946,0.0035736535926135893,1.0,0.0,0.1524060716085065,all_defined
snap-r6-cluster-count,recipes_60,cluster_t_recipe,1.2445882853377657,"{""noise_sd"": 0.73, ""recipes"": 60, ""rho"": 0.061}",4000,20260960,0.94625,0.003565842729986839,1.0,0.0,0.15229156986310644,all_defined
snap-r6-cluster-count,recipes_60,wild_size,1.2445882853377657,"{""noise_sd"": 0.73, ""recipes"": 60, ""rho"": 0.061}",4000,20260960,0.95775,0.003180602832011567,0.88775,0.0005,0.23087929949989916,undefined_present
snap-r6-cluster-count,recipes_60,cluster_t_size,1.2445882853377657,"{""noise_sd"": 0.73, ""recipes"": 60, ""rho"": 0.061}",4000,20260960,0.94525,0.0035969583504677936,0.99475,0.0,0.19406078986601905,all_defined
snap-r6-corner-remedy,band_0.044,wild_recipe,1.2445882853377657,{},12000,20260954,0.942,0.002133775995740885,,0.0,0.24141825940925532,all_defined
snap-r6-corner-remedy,band_0.044,wild_size,1.2445882853377657,{},12000,20260954,0.94925,0.0020036308188719123,,0.0075,0.36190489142675286,undefined_present
snap-r6-corner-remedy,band_0.044,cluster_t_recipe,1.2445882853377657,{},12000,20260954,0.9416666666666667,0.0021395201088786936,,0.0,0.24055652942386474,all_defined
snap-r6-corner-remedy,band_0.044,cluster_t_size,1.2445882853377657,{},12000,20260954,0.9465833333333333,0.0020527080972236184,,0.0,0.30711886163161034,all_defined
snap-r6-corner-remedy,band_0.044,wild_recipe_cr3,1.2445882853377657,{},12000,20260954,0.9499166666666666,0.0019911260016959326,,0.0,0.2522951303815616,all_defined
snap-r6-corner-remedy,band_0.044,wild_size_cr3,1.2445882853377657,{},12000,20260954,0.9551666666666667,0.00188907617535564,,0.023833333333333335,0.4513994460358103,undefined_present
snap-r6-corner-remedy,joint_bound,wild_recipe,1.2445882853377657,{},12000,20260954,0.9455,0.0020722320896398964,,0.0,0.24486124468152481,all_defined
snap-r6-corner-remedy,joint_bound,wild_size,1.2445882853377657,{},12000,20260954,0.9499166666666666,0.0019911260016959326,,0.006833333333333334,0.36186108590793975,undefined_present
snap-r6-corner-remedy,joint_bound,cluster_t_recipe,1.2445882853377657,{},12000,20260954,0.9448333333333333,0.002084132624449869,,0.0,0.24419941960729075,all_defined
snap-r6-corner-remedy,joint_bound,cluster_t_size,1.2445882853377657,{},12000,20260954,0.9460833333333334,0.002061748039128896,,0.0,0.30375340584769883,all_defined
snap-r6-corner-remedy,joint_bound,wild_recipe_cr3,1.2445882853377657,{},12000,20260954,0.9543333333333334,0.0019057199475574884,,0.0,0.25585916312020884,all_defined
snap-r6-corner-remedy,joint_bound,wild_size_cr3,1.2445882853377657,{},12000,20260954,0.953,0.0019319894754716799,,0.024666666666666667,0.4505022184259631,undefined_present
snap-r6-crosshalf-bias,leak_0.00,wild_recipe,1.2445882853377657,"{""cross_half_error_correlation"": 0.0, ""noise_sd"": 0.73, ""rho"": 0.061}",4000,20260962,0.939,0.003784144553264319,0.96675,0.0,0.2423359933963648,all_defined
snap-r6-crosshalf-bias,leak_0.00,cluster_t_recipe,1.2445882853377657,"{""cross_half_error_correlation"": 0.0, ""noise_sd"": 0.73, ""rho"": 0.061}",4000,20260962,0.93975,0.0037623110417667497,0.967,0.0,0.2415779335700905,all_defined
snap-r6-crosshalf-bias,leak_0.00,wild_size,1.2445882853377657,"{""cross_half_error_correlation"": 0.0, ""noise_sd"": 0.73, ""rho"": 0.061}",4000,20260962,0.94825,0.0035025682541529424,0.62675,0.008,0.3617543167462345,undefined_present
snap-r6-crosshalf-bias,leak_0.00,cluster_t_size,1.2445882853377657,"{""cross_half_error_correlation"": 0.0, ""noise_sd"": 0.73, ""rho"": 0.061}",4000,20260962,0.94425,0.003627738189974573,0.816,0.0,0.30073046255478764,all_defined
snap-r6-crosshalf-bias,leak_0.02,wild_recipe,1.2445882853377657,"{""cross_half_error_correlation"": 0.02, ""noise_sd"": 0.73, ""rho"": 0.061}",4000,20260962,0.94625,0.003565842729986839,0.97175,0.0,0.23973576716553946,all_defined
snap-r6-crosshalf-bias,leak_0.02,cluster_t_recipe,1.2445882853377657,"{""cross_half_error_correlation"": 0.02, ""noise_sd"": 0.73, ""rho"": 0.061}",4000,20260962,0.9455,0.0035892112643309253,0.97075,0.0,0.2391094413596535,all_defined
snap-r6-crosshalf-bias,leak_0.02,wild_size,1.2445882853377657,"{""cross_half_error_correlation"": 0.02, ""noise_sd"": 0.73, ""rho"": 0.061}",4000,20260962,0.94975,0.0034541618918342556,0.634,0.00625,0.3546236414379068,undefined_present
snap-r6-crosshalf-bias,leak_0.02,cluster_t_size,1.2445882853377657,"{""cross_half_error_correlation"": 0.02, ""noise_sd"": 0.73, ""rho"": 0.061}",4000,20260962,0.94725,0.0035343824602043273,0.81,0.0,0.30070911855631777,all_defined
snap-r6-crosshalf-bias,leak_0.05,wild_recipe,1.2445882853377657,"{""cross_half_error_correlation"": 0.05, ""noise_sd"": 0.73, ""rho"": 0.061}",4000,20260962,0.9425,0.0036808202210920327,0.965,0.0,0.23832569645693835,all_defined
snap-r6-crosshalf-bias,leak_0.05,cluster_t_recipe,1.2445882853377657,"{""cross_half_error_correlation"": 0.05, ""noise_sd"": 0.73, ""rho"": 0.061}",4000,20260962,0.942,0.0036958084365940843,0.965,0.0,0.23723831325575362,all_defined
snap-r6-crosshalf-bias,leak_0.05,wild_size,1.2445882853377657,"{""cross_half_error_correlation"": 0.05, ""noise_sd"": 0.73, ""rho"": 0.061}",4000,20260962,0.9525,0.0033631737243264726,0.60825,0.006,0.3588894560586773,undefined_present
snap-r6-crosshalf-bias,leak_0.05,cluster_t_size,1.2445882853377657,"{""cross_half_error_correlation"": 0.05, ""noise_sd"": 0.73, ""rho"": 0.061}",4000,20260962,0.94425,0.003627738189974573,0.79875,0.0,0.2984691654025362,all_defined
snap-r6-crosshalf-bias,leak_0.10,wild_recipe,1.2445882853377657,"{""cross_half_error_correlation"": 0.1, ""noise_sd"": 0.73, ""rho"": 0.061}",4000,20260962,0.92825,0.004080500505452732,0.964,0.0,0.23461925649429038,all_defined
snap-r6-crosshalf-bias,leak_0.10,cluster_t_recipe,1.2445882853377657,"{""cross_half_error_correlation"": 0.1, ""noise_sd"": 0.73, ""rho"": 0.061}",4000,20260962,0.927,0.004113119254288647,0.9635,0.0,0.23395187842492537,all_defined
snap-r6-crosshalf-bias,leak_0.10,wild_size,1.2445882853377657,"{""cross_half_error_correlation"": 0.1, ""noise_sd"": 0.73, ""rho"": 0.061}",4000,20260962,0.94575,0.0035814430576235614,0.60875,0.0075,0.3530026575587211,undefined_present
snap-r6-crosshalf-bias,leak_0.10,cluster_t_size,1.2445882853377657,"{""cross_half_error_correlation"": 0.1, ""noise_sd"": 0.73, ""rho"": 0.061}",4000,20260962,0.94275,0.0036732967991982357,0.792,0.0,0.29643909586676054,all_defined
snap-r6-crosshalf-bias,leak_0.20,wild_recipe,1.2445882853377657,"{""cross_half_error_correlation"": 0.2, ""noise_sd"": 0.73, ""rho"": 0.061}",4000,20260962,0.91975,0.004295635503042595,0.9635,0.0,0.22803028683065552,all_defined
snap-r6-crosshalf-bias,leak_0.20,cluster_t_recipe,1.2445882853377657,"{""cross_half_error_correlation"": 0.2, ""noise_sd"": 0.73, ""rho"": 0.061}",4000,20260962,0.91925,0.0043078253649608406,0.96425,0.0,0.2274333114939221,all_defined
snap-r6-crosshalf-bias,leak_0.20,wild_size,1.2445882853377657,"{""cross_half_error_correlation"": 0.2, ""noise_sd"": 0.73, ""rho"": 0.061}",4000,20260962,0.9425,0.0036808202210920327,0.6165,0.0055,0.3390991259527134,undefined_present
snap-r6-crosshalf-bias,leak_0.20,cluster_t_size,1.2445882853377657,"{""cross_half_error_correlation"": 0.2, ""noise_sd"": 0.73, ""rho"": 0.061}",4000,20260962,0.931,0.0040074617902108554,0.793,0.0,0.28445000405301146,all_defined
snap-r6-crosshalf-bias,leak_0.40,wild_recipe,1.2445882853377657,"{""cross_half_error_correlation"": 0.4, ""noise_sd"": 0.73, ""rho"": 0.061}",4000,20260962,0.8635,0.005428345742489142,0.95075,0.0,0.217636567781973,all_defined
snap-r6-crosshalf-bias,leak_0.40,cluster_t_recipe,1.2445882853377657,"{""cross_half_error_correlation"": 0.4, ""noise_sd"": 0.73, ""rho"": 0.061}",4000,20260962,0.86125,0.0054657670436087935,0.95175,0.0,0.21703402984479203,all_defined
snap-r6-crosshalf-bias,leak_0.40,wild_size,1.2445882853377657,"{""cross_half_error_correlation"": 0.4, ""noise_sd"": 0.73, ""rho"": 0.061}",4000,20260962,0.90925,0.004541872892871397,0.58925,0.0075,0.3238477097419586,undefined_present
snap-r6-crosshalf-bias,leak_0.40,cluster_t_size,1.2445882853377657,"{""cross_half_error_correlation"": 0.4, ""noise_sd"": 0.73, ""rho"": 0.061}",4000,20260962,0.8875,0.0049960922229278365,0.76225,0.0,0.27053827322450363,all_defined
snap-r6-detect-power,lambda_1.00,wild_recipe,1.0,"{""noise_sd"": 1.45, ""rho"": 0.0}",4000,20260964,0.947,0.003542280338990692,0.01775,0.0,0.4052850408385551,all_defined
snap-r6-detect-power,lambda_1.00,cluster_t_recipe,1.0,"{""noise_sd"": 1.45, ""rho"": 0.0}",4000,20260964,0.9475,0.0035264624625820132,0.01725,0.00025,0.4063810192783659,undefined_present
snap-r6-detect-power,lambda_1.00,wild_size,1.0,"{""noise_sd"": 1.45, ""rho"": 0.0}",4000,20260964,0.78975,0.006442921260965402,0.01775,0.17,0.551782107505131,undefined_present
snap-r6-detect-power,lambda_1.00,cluster_t_size,1.0,"{""noise_sd"": 1.45, ""rho"": 0.0}",4000,20260964,0.9185,0.004326018666164075,0.0205,0.0285,0.511979061494013,undefined_present
snap-r6-detect-power,lambda_1.03,wild_recipe,1.03,"{""noise_sd"": 1.45, ""rho"": 0.006766666666666661}",4000,20260964,0.94925,0.003470390377896987,0.0325,0.0005,0.4023386695873935,undefined_present
snap-r6-detect-power,lambda_1.03,cluster_t_recipe,1.03,"{""noise_sd"": 1.45, ""rho"": 0.006766666666666661}",4000,20260964,0.94725,0.0035343824602043273,0.03125,0.0005,0.4032331472569951,undefined_present
snap-r6-detect-power,lambda_1.03,wild_size,1.03,"{""noise_sd"": 1.45, ""rho"": 0.006766666666666661}",4000,20260964,0.8135,0.006158687969040159,0.0245,0.1495,0.5475402280265125,undefined_present
snap-r6-detect-power,lambda_1.03,cluster_t_size,1.03,"{""noise_sd"": 1.45, ""rho"": 0.006766666666666661}",4000,20260964,0.92925,0.004054147182207374,0.032,0.0245,0.5041990523626426,undefined_present
snap-r6-detect-power,lambda_1.05,wild_recipe,1.05,"{""noise_sd"": 1.45, ""rho"": 0.011388888888888893}",4000,20260964,0.94825,0.0035025682541529424,0.06275,0.0,0.40038745942365656,all_defined
snap-r6-detect-power,lambda_1.05,cluster_t_recipe,1.05,"{""noise_sd"": 1.45, ""rho"": 0.011388888888888893}",4000,20260964,0.95025,0.003437838619685338,0.063,0.00025,0.4003974166272918,undefined_present
snap-r6-detect-power,lambda_1.05,wild_size,1.05,"{""noise_sd"": 1.45, ""rho"": 0.011388888888888893}",4000,20260964,0.83025,0.0059358010727280945,0.043,0.1305,0.5556664606717828,undefined_present
snap-r6-detect-power,lambda_1.05,cluster_t_size,1.05,"{""noise_sd"": 1.45, ""rho"": 0.011388888888888893}",4000,20260964,0.936,0.0038698837191833025,0.05175,0.0155,0.5065778403427841,undefined_present
snap-r6-detect-power,lambda_1.08,wild_recipe,1.08,"{""noise_sd"": 1.45, ""rho"": 0.018488888888888902}",4000,20260964,0.951,0.003413173010557773,0.09325,0.0005,0.39691446411921105,undefined_present
snap-r6-detect-power,lambda_1.08,cluster_t_recipe,1.08,"{""noise_sd"": 1.45, ""rho"": 0.018488888888888902}",4000,20260964,0.95225,0.0033715700163277035,0.09375,0.0005,0.397356326789524,undefined_present
snap-r6-detect-power,lambda_1.08,wild_size,1.08,"{""noise_sd"": 1.45, ""rho"": 0.018488888888888902}",4000,20260964,0.82975,0.005942746366369677,0.0605,0.12375,0.5578085481007757,undefined_present
snap-r6-detect-power,lambda_1.08,cluster_t_size,1.08,"{""noise_sd"": 1.45, ""rho"": 0.018488888888888902}",4000,20260964,0.9365,0.0038557667849598992,0.0745,0.013,0.505199122772031,undefined_present
snap-r6-detect-power,lambda_1.10,wild_recipe,1.1,"{""noise_sd"": 1.45, ""rho"": 0.023333333333333355}",4000,20260964,0.9475,0.0035264624625820132,0.13525,0.0,0.39303333457891493,all_defined
snap-r6-detect-power,lambda_1.10,cluster_t_recipe,1.1,"{""noise_sd"": 1.45, ""rho"": 0.023333333333333355}",4000,20260964,0.9475,0.0035264624625820132,0.138,0.0,0.3934925353396712,all_defined
snap-r6-detect-power,lambda_1.10,wild_size,1.1,"{""noise_sd"": 1.45, ""rho"": 0.023333333333333355}",4000,20260964,0.8485,0.00566894500767118,0.08625,0.10775,0.5423040325032046,undefined_present
snap-r6-detect-power,lambda_1.10,cluster_t_size,1.1,"{""noise_sd"": 1.45, ""rho"": 0.023333333333333355}",4000,20260964,0.93725,0.0038344633751021787,0.104,0.009,0.5000272859689079,undefined_present
snap-r6-detect-power,lambda_1.15,wild_recipe,1.15,"{""noise_sd"": 1.45, ""rho"": 0.03583333333333331}",4000,20260964,0.946,0.0035736535926135893,0.2805,0.0,0.3878731815951598,all_defined
snap-r6-detect-power,lambda_1.15,cluster_t_recipe,1.15,"{""noise_sd"": 1.45, ""rho"": 0.03583333333333331}",4000,20260964,0.94775,0.0035185201967588594,0.2825,0.0,0.38812014989273075,all_defined
snap-r6-detect-power,lambda_1.15,wild_size,1.15,"{""noise_sd"": 1.45, ""rho"": 0.03583333333333331}",4000,20260964,0.86825,0.005347708329275261,0.14825,0.089,0.5473691018391754,undefined_present
snap-r6-detect-power,lambda_1.15,cluster_t_size,1.15,"{""noise_sd"": 1.45, ""rho"": 0.03583333333333331}",4000,20260964,0.94725,0.0035343824602043273,0.1925,0.003,0.49248323539555583,undefined_present
snap-r6-detect-power,lambda_1.25,wild_recipe,1.25,"{""noise_sd"": 1.45, ""rho"": 0.0625}",4000,20260964,0.95175,0.0033882863478460618,0.668,0.0,0.3811976114352079,all_defined
snap-r6-detect-power,lambda_1.25,cluster_t_recipe,1.25,"{""noise_sd"": 1.45, ""rho"": 0.0625}",4000,20260964,0.94975,0.0034541618918342556,0.6675,0.0,0.38150451948596337,all_defined
snap-r6-detect-power,lambda_1.25,wild_size,1.25,"{""noise_sd"": 1.45, ""rho"": 0.0625}",4000,20260964,0.895,0.004847035176270129,0.35075,0.063,0.5488439859373176,undefined_present
snap-r6-detect-power,lambda_1.25,cluster_t_size,1.25,"{""noise_sd"": 1.45, ""rho"": 0.0625}",4000,20260964,0.95025,0.003437838619685338,0.45925,0.001,0.479854503238197,undefined_present
snap-r6-detect-power,lambda_1.40,wild_recipe,1.4,"{""noise_sd"": 1.45, ""rho"": 0.10666666666666663}",4000,20260964,0.95,0.003446012188022557,0.968,0.0,0.37886098895419995,all_defined
snap-r6-detect-power,lambda_1.40,cluster_t_recipe,1.4,"{""noise_sd"": 1.45, ""rho"": 0.10666666666666663}",4000,20260964,0.9505,0.0034296410161998,0.9685,0.0,0.37788020657304444,all_defined
snap-r6-detect-power,lambda_1.40,wild_size,1.4,"{""noise_sd"": 1.45, ""rho"": 0.10666666666666663}",4000,20260964,0.92275,0.004221446360549901,0.6365,0.03625,0.5470245565237841,undefined_present
snap-r6-detect-power,lambda_1.40,cluster_t_size,1.4,"{""noise_sd"": 1.45, ""rho"": 0.10666666666666663}",4000,20260964,0.94675,0.0035501562465615516,0.81275,0.0005,0.4678876798030243,undefined_present
snap-r6-detect-power-margin,lambda_1.00,wild_recipe,1.0,"{""noise_sd"": 0.73, ""rho"": 0.0}",4000,20260970,0.947,0.003542280338990692,0.01425,0.0,0.22274498921647312,all_defined
snap-r6-detect-power-margin,lambda_1.00,cluster_t_recipe,1.0,"{""noise_sd"": 0.73, ""rho"": 0.0}",4000,20260970,0.945,0.003604684452209376,0.01525,0.0,0.2226696496852476,all_defined
snap-r6-detect-power-margin,lambda_1.00,wild_size,1.0,"{""noise_sd"": 0.73, ""rho"": 0.0}",4000,20260970,0.941,0.0037255536501304086,0.01675,0.01525,0.33224351866337287,undefined_present
snap-r6-detect-power-margin,lambda_1.00,cluster_t_size,1.0,"{""noise_sd"": 0.73, ""rho"": 0.0}",4000,20260970,0.94675,0.0035501562465615516,0.0185,0.0,0.2807414638603079,all_defined
snap-r6-detect-power-margin,lambda_1.03,wild_recipe,1.03,"{""noise_sd"": 0.73, ""rho"": 0.006766666666666661}",4000,20260970,0.94675,0.0035501562465615516,0.05275,0.0,0.22533762730823076,all_defined
snap-r6-detect-power-margin,lambda_1.03,cluster_t_recipe,1.03,"{""noise_sd"": 0.73, ""rho"": 0.006766666666666661}",4000,20260970,0.947,0.003542280338990692,0.055,0.0,0.2252160489219001,all_defined
snap-r6-detect-power-margin,lambda_1.03,wild_size,1.03,"{""noise_sd"": 0.73, ""rho"": 0.006766666666666661}",4000,20260970,0.94425,0.003627738189974573,0.03925,0.01575,0.3365320743514847,undefined_present
snap-r6-detect-power-margin,lambda_1.03,cluster_t_size,1.03,"{""noise_sd"": 0.73, ""rho"": 0.006766666666666661}",4000,20260970,0.9475,0.0035264624625820132,0.04975,0.0,0.28294088035632853,all_defined
snap-r6-detect-power-margin,lambda_1.05,wild_recipe,1.05,"{""noise_sd"": 0.73, ""rho"": 0.011388888888888893}",4000,20260970,0.945,0.003604684452209376,0.1035,0.0,0.22675737948172842,all_defined
snap-r6-detect-power-margin,lambda_1.05,cluster_t_recipe,1.05,"{""noise_sd"": 0.73, ""rho"": 0.011388888888888893}",4000,20260970,0.9455,0.0035892112643309253,0.10275,0.0,0.22637152428206664,all_defined
snap-r6-detect-power-margin,lambda_1.05,wild_size,1.05,"{""noise_sd"": 0.73, ""rho"": 0.011388888888888893}",4000,20260970,0.9495,0.003462287899640929,0.0605,0.01225,0.33776222912999965,undefined_present
snap-r6-detect-power-margin,lambda_1.05,cluster_t_size,1.05,"{""noise_sd"": 0.73, ""rho"": 0.011388888888888893}",4000,20260970,0.947,0.003542280338990692,0.0855,0.0,0.2886744391011048,all_defined
snap-r6-detect-power-margin,lambda_1.08,wild_recipe,1.08,"{""noise_sd"": 0.73, ""rho"": 0.018488888888888902}",4000,20260970,0.94175,0.0037032734674879203,0.22925,0.0,0.22888656295312143,all_defined
snap-r6-detect-power-margin,lambda_1.08,cluster_t_recipe,1.08,"{""noise_sd"": 0.73, ""rho"": 0.018488888888888902}",4000,20260970,0.94125,0.003718145959345866,0.22875,0.0,0.2288864568583766,all_defined
snap-r6-detect-power-margin,lambda_1.08,wild_size,1.08,"{""noise_sd"": 0.73, ""rho"": 0.018488888888888902}",4000,20260970,0.94575,0.0035814430576235614,0.118,0.0115,0.34263314555679053,undefined_present
snap-r6-detect-power-margin,lambda_1.08,cluster_t_size,1.08,"{""noise_sd"": 0.73, ""rho"": 0.018488888888888902}",4000,20260970,0.94925,0.003470390377896987,0.16025,0.0,0.2884469430604051,all_defined
snap-r6-detect-power-margin,lambda_1.10,wild_recipe,1.1,"{""noise_sd"": 0.73, ""rho"": 0.023333333333333355}",4000,20260970,0.95075,0.003421419204803762,0.332,0.0,0.23110264212107628,all_defined
snap-r6-detect-power-margin,lambda_1.10,cluster_t_recipe,1.1,"{""noise_sd"": 0.73, ""rho"": 0.023333333333333355}",4000,20260970,0.9515,0.0033966067626382654,0.332,0.0,0.23069098102405655,all_defined
snap-r6-detect-power-margin,lambda_1.10,wild_size,1.1,"{""noise_sd"": 0.73, ""rho"": 0.023333333333333355}",4000,20260970,0.9515,0.0033966067626382654,0.16475,0.01125,0.35074209033424264,undefined_present
snap-r6-detect-power-margin,lambda_1.10,cluster_t_size,1.1,"{""noise_sd"": 0.73, ""rho"": 0.023333333333333355}",4000,20260970,0.95125,0.003404902256306338,0.214,0.0,0.2944474242618593,all_defined
snap-r6-detect-power-margin,lambda_1.15,wild_recipe,1.15,"{""noise_sd"": 0.73, ""rho"": 0.03583333333333331}",4000,20260970,0.94225,0.003688324060464318,0.6515,0.0,0.2338734496300804,all_defined
snap-r6-detect-power-margin,lambda_1.15,cluster_t_recipe,1.15,"{""noise_sd"": 0.73, ""rho"": 0.03583333333333331}",4000,20260970,0.94,0.003754996671103719,0.65,0.0,0.23341727281426827,all_defined
snap-r6-detect-power-margin,lambda_1.15,wild_size,1.15,"{""noise_sd"": 0.73, ""rho"": 0.03583333333333331}",4000,20260970,0.9465,0.0035580103288214327,0.3285,0.0095,0.34898523733090986,undefined_present
snap-r6-detect-power-margin,lambda_1.15,cluster_t_size,1.15,"{""noise_sd"": 0.73, ""rho"": 0.03583333333333331}",4000,20260970,0.9425,0.0036808202210920327,0.4305,0.0,0.29534297886926886,all_defined
snap-r6-detect-power-margin,lambda_1.25,wild_recipe,1.25,"{""noise_sd"": 0.73, ""rho"": 0.0625}",4000,20260970,0.94425,0.003627738189974573,0.96975,0.0,0.24244090105648597,all_defined
snap-r6-detect-power-margin,lambda_1.25,cluster_t_recipe,1.25,"{""noise_sd"": 0.73, ""rho"": 0.0625}",4000,20260970,0.94475,0.003612389704198594,0.9705,0.0,0.24178578223224056,all_defined
snap-r6-detect-power-margin,lambda_1.25,wild_size,1.25,"{""noise_sd"": 0.73, ""rho"": 0.0625}",4000,20260970,0.955,0.003277766007511825,0.63775,0.00575,0.3540583375362174,undefined_present
snap-r6-detect-power-margin,lambda_1.25,cluster_t_size,1.25,"{""noise_sd"": 0.73, ""rho"": 0.0625}",4000,20260970,0.95125,0.003404902256306338,0.83175,0.0,0.3026089333073214,all_defined
snap-r6-detect-power-margin,lambda_1.40,wild_recipe,1.4,"{""noise_sd"": 0.73, ""rho"": 0.10666666666666663}",4000,20260970,0.95425,0.003303669834441691,1.0,0.0,0.2509128538868747,all_defined
snap-r6-detect-power-margin,lambda_1.40,cluster_t_recipe,1.4,"{""noise_sd"": 0.73, ""rho"": 0.10666666666666663}",4000,20260970,0.953,0.003346303931205295,1.0,0.0,0.24965621451171782,all_defined
snap-r6-detect-power-margin,lambda_1.40,wild_size,1.4,"{""noise_sd"": 0.73, ""rho"": 0.10666666666666663}",4000,20260970,0.9535,0.0033293298875299213,0.87325,0.006,0.37573299364984514,undefined_present
snap-r6-detect-power-margin,lambda_1.40,cluster_t_size,1.4,"{""noise_sd"": 0.73, ""rho"": 0.10666666666666663}",4000,20260970,0.947,0.003542280338990692,0.99075,0.0,0.31485770436878313,all_defined
snap-r6-estimator-bias,margin_lambda_1.00,wild_recipe,1.0,"{""noise_sd"": 0.73, ""rho"": 0.0}",4000,20260973,0.9405,0.0037403124869454423,0.016,0.0,0.22163028553326958,all_defined
snap-r6-estimator-bias,margin_lambda_1.00,cluster_t_recipe,1.0,"{""noise_sd"": 0.73, ""rho"": 0.0}",4000,20260973,0.94375,0.0036430048551985223,0.0145,0.0,0.22127932859399374,all_defined
snap-r6-estimator-bias,margin_lambda_1.00,wild_size,1.0,"{""noise_sd"": 0.73, ""rho"": 0.0}",4000,20260973,0.939,0.003784144553264319,0.0165,0.01525,0.325265608143953,undefined_present
snap-r6-estimator-bias,margin_lambda_1.00,cluster_t_size,1.0,"{""noise_sd"": 0.73, ""rho"": 0.0}",4000,20260973,0.94125,0.003718145959345866,0.02025,0.0,0.27630172069098813,all_defined
snap-r6-estimator-bias,accuracy_lambda_1.00,wild_recipe,1.0,"{""noise_sd"": 1.45, ""rho"": 0.0}",4000,20260973,0.94575,0.0035814430576235614,0.01875,0.00025,0.4033773948570294,undefined_present
snap-r6-estimator-bias,accuracy_lambda_1.00,cluster_t_recipe,1.0,"{""noise_sd"": 1.45, ""rho"": 0.0}",4000,20260973,0.94675,0.0035501562465615516,0.01825,0.00025,0.40479714713308257,undefined_present
snap-r6-estimator-bias,accuracy_lambda_1.00,wild_size,1.0,"{""noise_sd"": 1.45, ""rho"": 0.0}",4000,20260973,0.79225,0.006414630494034711,0.015,0.16925,0.542674567351838,undefined_present
snap-r6-estimator-bias,accuracy_lambda_1.00,cluster_t_size,1.0,"{""noise_sd"": 1.45, ""rho"": 0.0}",4000,20260973,0.92225,0.004233938400000642,0.01775,0.0285,0.505381175335529,undefined_present
snap-r6-estimator-bias,margin_lambda_1.05,wild_recipe,1.05,"{""noise_sd"": 0.73, ""rho"": 0.011388888888888893}",4000,20260973,0.95175,0.0033882863478460618,0.1015,0.0,0.22722421976364193,all_defined
snap-r6-estimator-bias,margin_lambda_1.05,cluster_t_recipe,1.05,"{""noise_sd"": 0.73, ""rho"": 0.011388888888888893}",4000,20260973,0.95075,0.003421419204803762,0.10475,0.0,0.2272551351905518,all_defined
snap-r6-estimator-bias,margin_lambda_1.05,wild_size,1.05,"{""noise_sd"": 0.73, ""rho"": 0.011388888888888893}",4000,20260973,0.94025,0.0037476638556572803,0.0665,0.01275,0.33688024716597076,undefined_present
snap-r6-estimator-bias,margin_lambda_1.05,cluster_t_size,1.05,"{""noise_sd"": 0.73, ""rho"": 0.011388888888888893}",4000,20260973,0.949,0.003478469491026191,0.08,0.0,0.28744622517446633,all_defined
snap-r6-estimator-bias,accuracy_lambda_1.05,wild_recipe,1.05,"{""noise_sd"": 1.45, ""rho"": 0.011388888888888893}",4000,20260973,0.9525,0.0033631737243264726,0.057,0.0005,0.39885571407219933,undefined_present
snap-r6-estimator-bias,accuracy_lambda_1.05,cluster_t_recipe,1.05,"{""noise_sd"": 1.45, ""rho"": 0.011388888888888893}",4000,20260973,0.95375,0.0033208032725531938,0.057,0.0005,0.39919336272818584,undefined_present
snap-r6-estimator-bias,accuracy_lambda_1.05,wild_size,1.05,"{""noise_sd"": 1.45, ""rho"": 0.011388888888888893}",4000,20260973,0.829,0.005953129429132211,0.03525,0.12975,0.5442212651977864,undefined_present
snap-r6-estimator-bias,accuracy_lambda_1.05,cluster_t_size,1.05,"{""noise_sd"": 1.45, ""rho"": 0.011388888888888893}",4000,20260973,0.934,0.003925684653662337,0.048,0.01975,0.49732532598299994,undefined_present
snap-r6-estimator-bias,margin_lambda_1.10,wild_recipe,1.1,"{""noise_sd"": 0.73, ""rho"": 0.023333333333333355}",4000,20260973,0.944,0.0036353816856005655,0.3525,0.0,0.23138477278483993,all_defined
snap-r6-estimator-bias,margin_lambda_1.10,cluster_t_recipe,1.1,"{""noise_sd"": 0.73, ""rho"": 0.023333333333333355}",4000,20260973,0.94475,0.003612389704198594,0.352,0.0,0.23116577493112356,all_defined
snap-r6-estimator-bias,margin_lambda_1.10,wild_size,1.1,"{""noise_sd"": 0.73, ""rho"": 0.023333333333333355}",4000,20260973,0.9505,0.0034296410161998,0.16925,0.01,0.3452554049621847,undefined_present
snap-r6-estimator-bias,margin_lambda_1.10,cluster_t_size,1.1,"{""noise_sd"": 0.73, ""rho"": 0.023333333333333355}",4000,20260973,0.94975,0.0034541618918342556,0.2225,0.0,0.29344749662398456,all_defined
snap-r6-estimator-bias,accuracy_lambda_1.10,wild_recipe,1.1,"{""noise_sd"": 1.45, ""rho"": 0.023333333333333355}",4000,20260973,0.948,0.0035105555115964213,0.14025,0.0,0.3947453779751953,all_defined
snap-r6-estimator-bias,accuracy_lambda_1.10,cluster_t_recipe,1.1,"{""noise_sd"": 1.45, ""rho"": 0.023333333333333355}",4000,20260973,0.94925,0.003470390377896987,0.14175,0.0,0.3957538929778032,all_defined
snap-r6-estimator-bias,accuracy_lambda_1.10,wild_size,1.1,"{""noise_sd"": 1.45, ""rho"": 0.023333333333333355}",4000,20260973,0.84475,0.005725981084058871,0.084,0.114,0.5509803723467377,undefined_present
snap-r6-estimator-bias,accuracy_lambda_1.10,cluster_t_size,1.1,"{""noise_sd"": 1.45, ""rho"": 0.023333333333333355}",4000,20260973,0.94,0.003754996671103719,0.1075,0.00925,0.5017962291870609,undefined_present
snap-r6-estimator-bias,margin_lambda_1.15,wild_recipe,1.15,"{""noise_sd"": 0.73, ""rho"": 0.03583333333333331}",4000,20260973,0.94775,0.0035185201967588594,0.6605,0.0,0.23547507274339396,all_defined
snap-r6-estimator-bias,margin_lambda_1.15,cluster_t_recipe,1.15,"{""noise_sd"": 0.73, ""rho"": 0.03583333333333331}",4000,20260973,0.94725,0.0035343824602043273,0.6615,0.0,0.23516071005971778,all_defined
snap-r6-estimator-bias,margin_lambda_1.15,wild_size,1.15,"{""noise_sd"": 0.73, ""rho"": 0.03583333333333331}",4000,20260973,0.9545,0.003295062594246124,0.3355,0.01,0.3450663705965347,undefined_present
snap-r6-estimator-bias,margin_lambda_1.15,cluster_t_size,1.15,"{""noise_sd"": 0.73, ""rho"": 0.03583333333333331}",4000,20260973,0.95025,0.003437838619685338,0.44625,0.0,0.2929501436415782,all_defined
snap-r6-estimator-bias,accuracy_lambda_1.15,wild_recipe,1.15,"{""noise_sd"": 1.45, ""rho"": 0.03583333333333331}",4000,20260973,0.94025,0.0037476638556572803,0.28175,0.0,0.38857175326607146,all_defined
snap-r6-estimator-bias,accuracy_lambda_1.15,cluster_t_recipe,1.15,"{""noise_sd"": 1.45, ""rho"": 0.03583333333333331}",4000,20260973,0.94125,0.003718145959345866,0.27975,0.0,0.3887097399769835,all_defined
snap-r6-estimator-bias,accuracy_lambda_1.15,wild_size,1.15,"{""noise_sd"": 1.45, ""rho"": 0.03583333333333331}",4000,20260973,0.8655,0.005394667505972911,0.14775,0.09275,0.5517573199930637,undefined_present
snap-r6-estimator-bias,accuracy_lambda_1.15,cluster_t_size,1.15,"{""noise_sd"": 1.45, ""rho"": 0.03583333333333331}",4000,20260973,0.9415,0.003710719269899031,0.1925,0.00425,0.48921922123340233,undefined_present
snap-r6-estimator-bias,margin_lambda_1.25,wild_recipe,1.25,"{""noise_sd"": 0.73, ""rho"": 0.0625}",4000,20260973,0.95025,0.003437838619685338,0.97475,0.0,0.24281017468036303,all_defined
snap-r6-estimator-bias,margin_lambda_1.25,cluster_t_recipe,1.25,"{""noise_sd"": 0.73, ""rho"": 0.0625}",4000,20260973,0.9505,0.0034296410161998,0.97625,0.0,0.24165221743799603,all_defined
snap-r6-estimator-bias,margin_lambda_1.25,wild_size,1.25,"{""noise_sd"": 0.73, ""rho"": 0.0625}",4000,20260973,0.9455,0.0035892112643309253,0.64775,0.0085,0.3558631319407817,undefined_present
snap-r6-estimator-bias,margin_lambda_1.25,cluster_t_size,1.25,"{""noise_sd"": 0.73, ""rho"": 0.0625}",4000,20260973,0.94225,0.003688324060464318,0.83125,0.0,0.30322905577887627,all_defined
snap-r6-estimator-bias,accuracy_lambda_1.25,wild_recipe,1.25,"{""noise_sd"": 1.45, ""rho"": 0.0625}",4000,20260973,0.95375,0.0033208032725531938,0.6525,0.0,0.3823526443504116,all_defined
snap-r6-estimator-bias,accuracy_lambda_1.25,cluster_t_recipe,1.25,"{""noise_sd"": 1.45, ""rho"": 0.0625}",4000,20260973,0.9535,0.0033293298875299213,0.6535,0.0,0.38328666411875156,all_defined
snap-r6-estimator-bias,accuracy_lambda_1.25,wild_size,1.25,"{""noise_sd"": 1.45, ""rho"": 0.0625}",4000,20260973,0.89525,0.004841937564136902,0.33575,0.064,0.5511722545497226,undefined_present
snap-r6-estimator-bias,accuracy_lambda_1.25,cluster_t_size,1.25,"{""noise_sd"": 1.45, ""rho"": 0.0625}",4000,20260973,0.94825,0.0035025682541529424,0.43375,0.00075,0.4890046844855096,undefined_present
snap-r6-estimator-bias,margin_lambda_1.40,wild_recipe,1.4,"{""noise_sd"": 0.73, ""rho"": 0.10666666666666663}",4000,20260973,0.94525,0.0035969583504677936,1.0,0.0,0.2515350675107765,all_defined
snap-r6-estimator-bias,margin_lambda_1.40,cluster_t_recipe,1.4,"{""noise_sd"": 0.73, ""rho"": 0.10666666666666663}",4000,20260973,0.945,0.003604684452209376,1.0,0.0,0.25027962169159435,all_defined
snap-r6-estimator-bias,margin_lambda_1.40,wild_size,1.4,"{""noise_sd"": 0.73, ""rho"": 0.10666666666666663}",4000,20260973,0.954,0.003312249990565327,0.8705,0.00425,0.3698536152183183,undefined_present
snap-r6-estimator-bias,margin_lambda_1.40,cluster_t_size,1.4,"{""noise_sd"": 0.73, ""rho"": 0.10666666666666663}",4000,20260973,0.945,0.003604684452209376,0.9905,0.0,0.31428643281959157,all_defined
snap-r6-estimator-bias,accuracy_lambda_1.40,wild_recipe,1.4,"{""noise_sd"": 1.45, ""rho"": 0.10666666666666663}",4000,20260973,0.943,0.003665753674212168,0.967,0.0,0.3754188897891171,all_defined
snap-r6-estimator-bias,accuracy_lambda_1.40,cluster_t_recipe,1.4,"{""noise_sd"": 1.45, ""rho"": 0.10666666666666663}",4000,20260973,0.94225,0.003688324060464318,0.96675,0.0,0.3745484089216531,all_defined
snap-r6-estimator-bias,accuracy_lambda_1.40,wild_size,1.4,"{""noise_sd"": 1.45, ""rho"": 0.10666666666666663}",4000,20260973,0.92175,0.004246378972136143,0.626,0.03825,0.5454780028421589,undefined_present
snap-r6-estimator-bias,accuracy_lambda_1.40,cluster_t_size,1.4,"{""noise_sd"": 1.45, ""rho"": 0.10666666666666663}",4000,20260973,0.945,0.003604684452209376,0.807,0.0,0.4810742722566801,all_defined
snap-r6-heavy-tails,normal_baseline,wild_recipe,1.2445882853377657,"{""noise_sd"": 0.73, ""rho"": 0.061}",4000,20260961,0.948,0.0035105555115964213,0.96725,0.0,0.24103754683523182,all_defined
snap-r6-heavy-tails,normal_baseline,cluster_t_recipe,1.2445882853377657,"{""noise_sd"": 0.73, ""rho"": 0.061}",4000,20260961,0.94575,0.0035814430576235614,0.96625,0.0,0.24018721264513776,all_defined
snap-r6-heavy-tails,normal_baseline,wild_size,1.2445882853377657,"{""noise_sd"": 0.73, ""rho"": 0.061}",4000,20260961,0.95225,0.0033715700163277035,0.61225,0.008,0.3627311939987102,undefined_present
snap-r6-heavy-tails,normal_baseline,cluster_t_size,1.2445882853377657,"{""noise_sd"": 0.73, ""rho"": 0.061}",4000,20260961,0.94675,0.0035501562465615516,0.80175,0.0,0.3032602536924146,all_defined
snap-r6-heavy-tails,student_df_10,wild_recipe,1.2445882853377657,"{""noise_sd"": 0.73, ""rho"": 0.061, ""student_df"": 10}",4000,20260961,0.9435,0.003650607826102387,0.94825,0.0,0.25688195598632024,all_defined
snap-r6-heavy-tails,student_df_10,cluster_t_recipe,1.2445882853377657,"{""noise_sd"": 0.73, ""rho"": 0.061, ""student_df"": 10}",4000,20260961,0.942,0.0036958084365940843,0.95,0.0,0.2555832023054324,all_defined
snap-r6-heavy-tails,student_df_10,wild_size,1.2445882853377657,"{""noise_sd"": 0.73, ""rho"": 0.061, ""student_df"": 10}",4000,20260961,0.94525,0.0035969583504677936,0.58325,0.01125,0.38086990488750083,undefined_present
snap-r6-heavy-tails,student_df_10,cluster_t_size,1.2445882853377657,"{""noise_sd"": 0.73, ""rho"": 0.061, ""student_df"": 10}",4000,20260961,0.94875,0.0034865254014562986,0.74975,0.0,0.32626778178770344,all_defined
snap-r6-heavy-tails,student_df_05,wild_recipe,1.2445882853377657,"{""noise_sd"": 0.73, ""rho"": 0.061, ""student_df"": 5}",4000,20260961,0.94,0.003754996671103719,0.856,0.00025,0.29190290535030683,undefined_present
snap-r6-heavy-tails,student_df_05,cluster_t_recipe,1.2445882853377657,"{""noise_sd"": 0.73, ""rho"": 0.061, ""student_df"": 5}",4000,20260961,0.9365,0.0038557667849598992,0.8685,0.0,0.28647614469676264,all_defined
snap-r6-heavy-tails,student_df_05,wild_size,1.2445882853377657,"{""noise_sd"": 0.73, ""rho"": 0.061, ""student_df"": 5}",4000,20260961,0.92425,0.004183656818502205,0.47425,0.02875,0.4260351107737905,undefined_present
snap-r6-heavy-tails,student_df_05,cluster_t_size,1.2445882853377657,"{""noise_sd"": 0.73, ""rho"": 0.061, ""student_df"": 5}",4000,20260961,0.94,0.003754996671103719,0.643,0.00075,0.3622529188820576,undefined_present
snap-r6-heavy-tails,student_df_03,wild_recipe,1.2445882853377657,"{""noise_sd"": 0.73, ""rho"": 0.061, ""student_df"": 3}",4000,20260961,0.89525,0.004841937564136902,0.52,0.0245,0.3965620083134045,undefined_present
snap-r6-heavy-tails,student_df_03,cluster_t_recipe,1.2445882853377657,"{""noise_sd"": 0.73, ""rho"": 0.061, ""student_df"": 3}",4000,20260961,0.89225,0.004902548763143514,0.57975,0.005,0.3698991563925313,undefined_present
snap-r6-heavy-tails,student_df_03,wild_size,1.2445882853377657,"{""noise_sd"": 0.73, ""rho"": 0.061, ""student_df"": 3}",4000,20260961,0.793,0.006406071338972116,0.26675,0.139,0.5534461903241567,undefined_present
snap-r6-heavy-tails,student_df_03,cluster_t_size,1.2445882853377657,"{""noise_sd"": 0.73, ""rho"": 0.061, ""student_df"": 3}",4000,20260961,0.898,0.004785289959866591,0.3855,0.02,0.484628991194615,undefined_present
snap-r6-heavy-tails,recipe_spread_4x,wild_recipe,1.2445882853377657,"{""noise_sd"": 0.73, ""recipe_variance_scales"": [0.4, 0.45, 0.5, 0.55, 0.6, 0.65, 0.7, 0.75, 0.8, 0.85, 0.9, 0.95, 1.0, 1.05, 1.1, 1.15, 1.2, 1.25, 1.3, 1.35, 1.4, 1.45, 1.5, 1.55, 1.6], ""rho"": 0.061}",4000,20260961,0.93775,0.0038201746524210126,0.95025,0.0,0.25430564288583213,all_defined
snap-r6-heavy-tails,recipe_spread_4x,cluster_t_recipe,1.2445882853377657,"{""noise_sd"": 0.73, ""recipe_variance_scales"": [0.4, 0.45, 0.5, 0.55, 0.6, 0.65, 0.7, 0.75, 0.8, 0.85, 0.9, 0.95, 1.0, 1.05, 1.1, 1.15, 1.2, 1.25, 1.3, 1.35, 1.4, 1.45, 1.5, 1.55, 1.6], ""rho"": 0.061}",4000,20260961,0.935,0.0038979161099233508,0.95425,0.0,0.24902694217140442,all_defined
snap-r6-heavy-tails,recipe_spread_4x,wild_size,1.2445882853377657,"{""noise_sd"": 0.73, ""recipe_variance_scales"": [0.4, 0.45, 0.5, 0.55, 0.6, 0.65, 0.7, 0.75, 0.8, 0.85, 0.9, 0.95, 1.0, 1.05, 1.1, 1.15, 1.2, 1.25, 1.3, 1.35, 1.4, 1.45, 1.5, 1.55, 1.6], ""rho"": 0.061}",4000,20260961,0.9465,0.0035580103288214327,0.6035,0.0105,0.37221406721866895,undefined_present
snap-r6-heavy-tails,recipe_spread_4x,cluster_t_size,1.2445882853377657,"{""noise_sd"": 0.73, ""recipe_variance_scales"": [0.4, 0.45, 0.5, 0.55, 0.6, 0.65, 0.7, 0.75, 0.8, 0.85, 0.9, 0.95, 1.0, 1.05, 1.1, 1.15, 1.2, 1.25, 1.3, 1.35, 1.4, 1.45, 1.5, 1.55, 1.6], ""rho"": 0.061}",4000,20260961,0.945,0.003604684452209376,0.78425,0.0,0.3146811697047678,all_defined
snap-r6-heavy-tails,recipe_spread_16x,wild_recipe,1.2445882853377657,"{""noise_sd"": 0.73, ""recipe_variance_scales"": [0.11764705882352941, 0.19117647058823528, 0.2647058823529412, 0.3382352941176471, 0.4117647058823529, 0.4852941176470588, 0.5588235294117647, 0.6323529411764706, 0.7058823529411765, 0.7794117647058824, 0.8529411764705882, 0.9264705882352942, 1.0, 1.0735294117647058, 1.1470588235294117, 1.2205882352941178, 1.2941176470588236, 1.3676470588235294, 1.4411764705882353, 1.5147058823529411, 1.588235294117647, 1.661764705882353, 1.7352941176470589, 1.8088235294117647, 1.8823529411764706], ""rho"": 0.061}",4000,20260961,0.94575,0.0035814430576235614,0.93325,0.0,0.2674051415018913,all_defined
snap-r6-heavy-tails,recipe_spread_16x,cluster_t_recipe,1.2445882853377657,"{""noise_sd"": 0.73, ""recipe_variance_scales"": [0.11764705882352941, 0.19117647058823528, 0.2647058823529412, 0.3382352941176471, 0.4117647058823529, 0.4852941176470588, 0.5588235294117647, 0.6323529411764706, 0.7058823529411765, 0.7794117647058824, 0.8529411764705882, 0.9264705882352942, 1.0, 1.0735294117647058, 1.1470588235294117, 1.2205882352941178, 1.2941176470588236, 1.3676470588235294, 1.4411764705882353, 1.5147058823529411, 1.588235294117647, 1.661764705882353, 1.7352941176470589, 1.8088235294117647, 1.8823529411764706], ""rho"": 0.061}",4000,20260961,0.9395,0.003769607075014583,0.94225,0.0,0.25861027155060423,all_defined
snap-r6-heavy-tails,recipe_spread_16x,wild_size,1.2445882853377657,"{""noise_sd"": 0.73, ""recipe_variance_scales"": [0.11764705882352941, 0.19117647058823528, 0.2647058823529412, 0.3382352941176471, 0.4117647058823529, 0.4852941176470588, 0.5588235294117647, 0.6323529411764706, 0.7058823529411765, 0.7794117647058824, 0.8529411764705882, 0.9264705882352942, 1.0, 1.0735294117647058, 1.1470588235294117, 1.2205882352941178, 1.2941176470588236, 1.3676470588235294, 1.4411764705882353, 1.5147058823529411, 1.588235294117647, 1.661764705882353, 1.7352941176470589, 1.8088235294117647, 1.8823529411764706], ""rho"": 0.061}",4000,20260961,0.942,0.0036958084365940843,0.559,0.0145,0.3959242686407093,undefined_present
snap-r6-heavy-tails,recipe_spread_16x,cluster_t_size,1.2445882853377657,"{""noise_sd"": 0.73, ""recipe_variance_scales"": [0.11764705882352941, 0.19117647058823528, 0.2647058823529412, 0.3382352941176471, 0.4117647058823529, 0.4852941176470588, 0.5588235294117647, 0.6323529411764706, 0.7058823529411765, 0.7794117647058824, 0.8529411764705882, 0.9264705882352942, 1.0, 1.0735294117647058, 1.1470588235294117, 1.2205882352941178, 1.2941176470588236, 1.3676470588235294, 1.4411764705882353, 1.5147058823529411, 1.588235294117647, 1.661764705882353, 1.7352941176470589, 1.8088235294117647, 1.8823529411764706], ""rho"": 0.061}",4000,20260961,0.945,0.003604684452209376,0.74025,0.0,0.33215609878204017,all_defined
snap-r6-heavy-tails,student_05_spread_4x,wild_recipe,1.2445882853377657,"{""noise_sd"": 0.73, ""recipe_variance_scales"": [0.4, 0.45, 0.5, 0.55, 0.6, 0.65, 0.7, 0.75, 0.8, 0.85, 0.9, 0.95, 1.0, 1.05, 1.1, 1.15, 1.2, 1.25, 1.3, 1.35, 1.4, 1.45, 1.5, 1.55, 1.6], ""rho"": 0.061, ""student_df"": 5}",4000,20260961,0.9405,0.0037403124869454423,0.8205,0.0,0.3037049242252172,all_defined
snap-r6-heavy-tails,student_05_spread_4x,cluster_t_recipe,1.2445882853377657,"{""noise_sd"": 0.73, ""recipe_variance_scales"": [0.4, 0.45, 0.5, 0.55, 0.6, 0.65, 0.7, 0.75, 0.8, 0.85, 0.9, 0.95, 1.0, 1.05, 1.1, 1.15, 1.2, 1.25, 1.3, 1.35, 1.4, 1.45, 1.5, 1.55, 1.6], ""rho"": 0.061, ""student_df"": 5}",4000,20260961,0.93275,0.00396003274923327,0.84925,0.0,0.2930950038494765,all_defined
snap-r6-heavy-tails,student_05_spread_4x,wild_size,1.2445882853377657,"{""noise_sd"": 0.73, ""recipe_variance_scales"": [0.4, 0.45, 0.5, 0.55, 0.6, 0.65, 0.7, 0.75, 0.8, 0.85, 0.9, 0.95, 1.0, 1.05, 1.1, 1.15, 1.2, 1.25, 1.3, 1.35, 1.4, 1.45, 1.5, 1.55, 1.6], ""rho"": 0.061, ""student_df"": 5}",4000,20260961,0.925,0.00416458281223942,0.44675,0.0335,0.44666442572005693,undefined_present
snap-r6-heavy-tails,student_05_spread_4x,cluster_t_size,1.2445882853377657,"{""noise_sd"": 0.73, ""recipe_variance_scales"": [0.4, 0.45, 0.5, 0.55, 0.6, 0.65, 0.7, 0.75, 0.8, 0.85, 0.9, 0.95, 1.0, 1.05, 1.1, 1.15, 1.2, 1.25, 1.3, 1.35, 1.4, 1.45, 1.5, 1.55, 1.6], ""rho"": 0.061, ""student_df"": 5}",4000,20260961,0.947,0.003542280338990692,0.613,0.0,0.37652619497321604,all_defined
snap-r6-joint-share,recipe_0.114,wild_recipe,1.2445882853377657,{},4000,20260934,0.94925,0.003470390377896987,,0.0,0.24571346903666225,all_defined
snap-r6-joint-share,recipe_0.114,wild_size,1.2445882853377657,{},4000,20260934,0.95625,0.0032340353082488124,,0.006,0.35890777773835114,undefined_present
snap-r6-joint-share,recipe_0.114,cluster_t_recipe,1.2445882853377657,{},4000,20260934,0.94975,0.0034541618918342556,,0.0,0.24479973310621184,all_defined
snap-r6-joint-share,recipe_0.114,cluster_t_size,1.2445882853377657,{},4000,20260934,0.95275,0.0033547517605629186,,0.0,0.3020303478114106,all_defined
snap-r6-joint-share,band_0.044,wild_recipe,1.2445882853377657,{},4000,20260934,0.93675,0.0038486828103911092,,0.0,0.24049221580041413,all_defined
snap-r6-joint-share,band_0.044,wild_size,1.2445882853377657,{},4000,20260934,0.953,0.003346303931205295,,0.0085,0.3615608791191196,undefined_present
snap-r6-joint-share,band_0.044,cluster_t_recipe,1.2445882853377657,{},4000,20260934,0.93625,0.0038628337234470752,,0.0,0.23995937539312406,all_defined
snap-r6-joint-share,band_0.044,cluster_t_size,1.2445882853377657,{},4000,20260934,0.9485,0.0034945582696529753,,0.0,0.3073519800081488,all_defined
snap-r6-joint-share,joint_bound,wild_recipe,1.2445882853377657,{},4000,20260934,0.949,0.003478469491026191,,0.0,0.24656912685879495,all_defined
snap-r6-joint-share,joint_bound,wild_size,1.2445882853377657,{},4000,20260934,0.95125,0.003404902256306338,,0.00925,0.36297246046499765,undefined_present
snap-r6-joint-share,joint_bound,cluster_t_recipe,1.2445882853377657,{},4000,20260934,0.94875,0.0034865254014562986,,0.0,0.24574911538828703,all_defined
snap-r6-joint-share,joint_bound,cluster_t_size,1.2445882853377657,{},4000,20260934,0.9475,0.0035264624625820132,,0.0,0.3078176970638684,all_defined
snap-r6-joint-share,joint_double,wild_recipe,1.2445882853377657,{},4000,20260934,0.92725,0.004106623841429842,,0.0,0.25623298206060086,all_defined
snap-r6-joint-share,joint_double,wild_size,1.2445882853377657,{},4000,20260934,0.943,0.003665753674212168,,0.0095,0.37885807977259645,undefined_present
snap-r6-joint-share,joint_double,cluster_t_recipe,1.2445882853377657,{},4000,20260934,0.92825,0.004080500505452732,,0.0,0.25540477007783347,all_defined
snap-r6-joint-share,joint_double,cluster_t_size,1.2445882853377657,{},4000,20260934,0.9405,0.0037403124869454423,,0.0,0.31665610560791824,all_defined
snap-r6-joint-share-c,band_0.044,wild_recipe,1.2445882853377657,{},12000,20260947,0.9444166666666667,0.0020915270814425057,,0.0,0.24169829955489852,all_defined
snap-r6-joint-share-c,band_0.044,wild_size,1.2445882853377657,{},12000,20260947,0.9545,0.0019024052757846664,,0.0075,0.36477877237800316,undefined_present
snap-r6-joint-share-c,band_0.044,cluster_t_recipe,1.2445882853377657,{},12000,20260947,0.9448333333333333,0.002084132624449869,,0.0,0.24103009768196437,all_defined
snap-r6-joint-share-c,band_0.044,cluster_t_size,1.2445882853377657,{},12000,20260947,0.9505833333333333,0.0019785234334856517,,0.0,0.30904910835109267,all_defined
snap-r6-joint-share-c,joint_bound,wild_recipe,1.2445882853377657,{},12000,20260947,0.9428333333333333,0.002119328488163348,,0.0,0.2457098702333691,all_defined
snap-r6-joint-share-c,joint_bound,wild_size,1.2445882853377657,{},12000,20260947,0.9484166666666667,0.002019127143420219,,0.009166666666666667,0.3630208987749308,undefined_present
snap-r6-joint-share-c,joint_bound,cluster_t_recipe,1.2445882853377657,{},12000,20260947,0.9424166666666667,0.002126567912849943,,0.0,0.24511902134859154,all_defined
snap-r6-joint-share-c,joint_bound,cluster_t_size,1.2445882853377657,{},12000,20260947,0.945,0.002081165538826742,,0.0,0.30807559552706365,all_defined
snap-r6-logscale-repair,margin_runs_03,wild_recipe,1.2445882853377657,"{""noise_sd"": 0.73, ""rho"": 0.061, ""runs"": 3, ""sizes"": 1}",4000,20260972,0.92975,0.004040882870735059,0.31475,0.0,0.5430367484405532,all_defined
snap-r6-logscale-repair,margin_runs_03,wild_cr3,1.2445882853377657,"{""noise_sd"": 0.73, ""rho"": 0.061, ""runs"": 3, ""sizes"": 1}",4000,20260972,0.9415,0.003710719269899031,0.27,0.0,0.5741391464757302,all_defined
snap-r6-logscale-repair,margin_runs_03,wild_log,1.2445882853377657,"{""noise_sd"": 0.73, ""rho"": 0.061, ""runs"": 3, ""sizes"": 1}",4000,20260972,0.9015,0.004711627903389656,0.38225,0.0,0.4954344338481984,all_defined
snap-r6-logscale-repair,margin_runs_03,wild_log_cr3,1.2445882853377657,"{""noise_sd"": 0.73, ""rho"": 0.061, ""runs"": 3, ""sizes"": 1}",4000,20260972,0.91175,0.004485028915737334,0.347,0.0,0.5187677548358958,all_defined
snap-r6-logscale-repair,margin_runs_03,cluster_t_recipe,1.2445882853377657,"{""noise_sd"": 0.73, ""rho"": 0.061, ""runs"": 3, ""sizes"": 1}",4000,20260972,0.925,0.00416458281223942,0.331,0.0,0.5347372273298776,all_defined
snap-r6-logscale-repair,margin_runs_06,wild_recipe,1.2445882853377657,"{""noise_sd"": 0.73, ""rho"": 0.061, ""runs"": 6, ""sizes"": 1}",4000,20260972,0.9395,0.003769607075014583,0.736,0.0,0.34045314386719516,all_defined
snap-r6-logscale-repair,margin_runs_06,wild_cr3,1.2445882853377657,"{""noise_sd"": 0.73, ""rho"": 0.061, ""runs"": 6, ""sizes"": 1}",4000,20260972,0.951,0.003413173010557773,0.699,0.0,0.3571210338306089,all_defined
snap-r6-logscale-repair,margin_runs_06,wild_log,1.2445882853377657,"{""noise_sd"": 0.73, ""rho"": 0.061, ""runs"": 6, ""sizes"": 1}",4000,20260972,0.9325,0.003966854862482367,0.77075,0.0,0.3290018576677799,all_defined
snap-r6-logscale-repair,margin_runs_06,wild_log_cr3,1.2445882853377657,"{""noise_sd"": 0.73, ""rho"": 0.061, ""runs"": 6, ""sizes"": 1}",4000,20260972,0.94175,0.0037032734674879203,0.74025,0.0,0.34357045268545994,all_defined
snap-r6-logscale-repair,margin_runs_06,cluster_t_recipe,1.2445882853377657,"{""noise_sd"": 0.73, ""rho"": 0.061, ""runs"": 6, ""sizes"": 1}",4000,20260972,0.93925,0.0037768848771176484,0.738,0.0,0.3378596413381253,all_defined
snap-r6-logscale-repair,margin_runs_10,wild_recipe,1.2445882853377657,"{""noise_sd"": 0.73, ""rho"": 0.061, ""runs"": 10, ""sizes"": 1}",4000,20260972,0.9465,0.0035580103288214327,0.945,0.0,0.2545339924169445,all_defined
snap-r6-logscale-repair,margin_runs_10,wild_cr3,1.2445882853377657,"{""noise_sd"": 0.73, ""rho"": 0.061, ""runs"": 10, ""sizes"": 1}",4000,20260972,0.957,0.0032074522599720807,0.934,0.0,0.2661191669611983,all_defined
snap-r6-logscale-repair,margin_runs_10,wild_log,1.2445882853377657,"{""noise_sd"": 0.73, ""rho"": 0.061, ""runs"": 10, ""sizes"": 1}",4000,20260972,0.9435,0.003650607826102387,0.956,0.0,0.24982120695425147,all_defined
snap-r6-logscale-repair,margin_runs_10,wild_log_cr3,1.2445882853377657,"{""noise_sd"": 0.73, ""rho"": 0.061, ""runs"": 10, ""sizes"": 1}",4000,20260972,0.95275,0.0033547517605629186,0.9415,0.0,0.26058874745603133,all_defined
snap-r6-logscale-repair,margin_runs_10,cluster_t_recipe,1.2445882853377657,"{""noise_sd"": 0.73, ""rho"": 0.061, ""runs"": 10, ""sizes"": 1}",4000,20260972,0.948,0.0035105555115964213,0.94575,0.0,0.25411416589348157,all_defined
snap-r6-logscale-repair,accuracy_runs_03,wild_recipe,1.078,"{""noise_sd"": 1.45, ""rho"": 0.018009333333333346, ""runs"": 3, ""sizes"": 1}",4000,20260972,0.69975,0.007247412253694418,0.024,0.28375,0.8669649848547945,undefined_present
snap-r6-logscale-repair,accuracy_runs_03,wild_cr3,1.078,"{""noise_sd"": 1.45, ""rho"": 0.018009333333333346, ""runs"": 3, ""sizes"": 1}",4000,20260972,0.65375,0.007522648095916756,0.0165,0.33575,0.9113318313762784,undefined_present
snap-r6-logscale-repair,accuracy_runs_03,wild_log,1.078,"{""noise_sd"": 1.45, ""rho"": 0.018009333333333346, ""runs"": 3, ""sizes"": 1}",4000,20260972,0.7585,0.006767158746475511,0.04825,0.09025,0.6593222055672495,undefined_present
snap-r6-logscale-repair,accuracy_runs_03,wild_log_cr3,1.078,"{""noise_sd"": 1.45, ""rho"": 0.018009333333333346, ""runs"": 3, ""sizes"": 1}",4000,20260972,0.75875,0.0067647697207665535,0.037,0.10075,0.6838656048062066,undefined_present
snap-r6-logscale-repair,accuracy_runs_03,cluster_t_recipe,1.078,"{""noise_sd"": 1.45, ""rho"": 0.018009333333333346, ""runs"": 3, ""sizes"": 1}",4000,20260972,0.6855,0.007341487417410725,0.0245,0.299,0.8699318085353758,undefined_present
snap-r6-logscale-repair,accuracy_runs_06,wild_recipe,1.078,"{""noise_sd"": 1.45, ""rho"": 0.018009333333333346, ""runs"": 6, ""sizes"": 1}",4000,20260972,0.936,0.0038698837191833025,0.0555,0.01975,0.5660205218484965,undefined_present
snap-r6-logscale-repair,accuracy_runs_06,wild_cr3,1.078,"{""noise_sd"": 1.45, ""rho"": 0.018009333333333346, ""runs"": 6, ""sizes"": 1}",4000,20260972,0.94275,0.0036732967991982357,0.04825,0.02375,0.5959692845824556,undefined_present
snap-r6-logscale-repair,accuracy_runs_06,wild_log,1.078,"{""noise_sd"": 1.45, ""rho"": 0.018009333333333346, ""runs"": 6, ""sizes"": 1}",4000,20260972,0.8825,0.005091506407734357,0.07325,0.00275,0.4942609322175753,undefined_present
snap-r6-logscale-repair,accuracy_runs_06,wild_log_cr3,1.078,"{""noise_sd"": 1.45, ""rho"": 0.018009333333333346, ""runs"": 6, ""sizes"": 1}",4000,20260972,0.8875,0.0049960922229278365,0.062,0.003,0.511930553811732,undefined_present
snap-r6-logscale-repair,accuracy_runs_06,cluster_t_recipe,1.078,"{""noise_sd"": 1.45, ""rho"": 0.018009333333333346, ""runs"": 6, ""sizes"": 1}",4000,20260972,0.93725,0.0038344633751021787,0.05675,0.0205,0.5697274301127778,undefined_present
snap-r6-logscale-repair,accuracy_runs_10,wild_recipe,1.078,"{""noise_sd"": 1.45, ""rho"": 0.018009333333333346, ""runs"": 10, ""sizes"": 1}",4000,20260972,0.9415,0.003710719269899031,0.09025,0.00025,0.418173692841894,undefined_present
snap-r6-logscale-repair,accuracy_runs_10,wild_cr3,1.078,"{""noise_sd"": 1.45, ""rho"": 0.018009333333333346, ""runs"": 10, ""sizes"": 1}",4000,20260972,0.9515,0.0033966067626382654,0.0765,0.00075,0.43783923478824427,undefined_present
snap-r6-logscale-repair,accuracy_runs_10,wild_log,1.078,"{""noise_sd"": 1.45, ""rho"": 0.018009333333333346, ""runs"": 10, ""sizes"": 1}",4000,20260972,0.919,0.004313901946034471,0.10475,0.0,0.38926191226592255,all_defined
snap-r6-logscale-repair,accuracy_runs_10,wild_log_cr3,1.078,"{""noise_sd"": 1.45, ""rho"": 0.018009333333333346, ""runs"": 10, ""sizes"": 1}",4000,20260972,0.92725,0.004106623841429842,0.0915,0.0,0.4051975235494349,all_defined
snap-r6-logscale-repair,accuracy_runs_10,cluster_t_recipe,1.078,"{""noise_sd"": 1.45, ""rho"": 0.018009333333333346, ""runs"": 10, ""sizes"": 1}",4000,20260972,0.9435,0.003650607826102387,0.09075,0.00025,0.41974145144084607,undefined_present
snap-r6-missing-acc,complete,wild_recipe,1.0779610382569493,"{""noise_sd"": 1.45, ""rho"": 0.018}",4000,20260981,0.949,0.003478469491026191,0.09075,0.0,0.3971080759384948,all_defined
snap-r6-missing-acc,complete,cluster_t_recipe,1.0779610382569493,"{""noise_sd"": 1.45, ""rho"": 0.018}",4000,20260981,0.95075,0.003421419204803762,0.0925,0.0,0.39789366205085464,all_defined
snap-r6-missing-acc,complete,wild_size,1.0779610382569493,"{""noise_sd"": 1.45, ""rho"": 0.018}",4000,20260981,0.8395,0.005803872629546586,0.06025,0.1175,0.54368725211196,undefined_present
snap-r6-missing-acc,complete,cluster_t_size,1.0779610382569493,"{""noise_sd"": 1.45, ""rho"": 0.018}",4000,20260981,0.9385,0.003798609943123932,0.0785,0.00775,0.4989739617698047,undefined_present
snap-r6-missing-acc,drop_10pct,wild_recipe,1.0779610382569493,"{""drop_fraction"": 0.1, ""noise_sd"": 1.45, ""rho"": 0.018}",4000,20260981,0.9535,0.0033293298875299213,0.08525,0.0005,0.41978035979775724,undefined_present
snap-r6-missing-acc,drop_10pct,cluster_t_recipe,1.0779610382569493,"{""drop_fraction"": 0.1, ""noise_sd"": 1.45, ""rho"": 0.018}",4000,20260981,0.9535,0.0033293298875299213,0.0855,0.0005,0.41974002767038143,undefined_present
snap-r6-missing-acc,drop_10pct,wild_size,1.0779610382569493,"{""drop_fraction"": 0.1, ""noise_sd"": 1.45, ""rho"": 0.018}",4000,20260981,0.818,0.00610073766031617,0.05675,0.143,0.5715365539925158,undefined_present
snap-r6-missing-acc,drop_10pct,cluster_t_size,1.0779610382569493,"{""drop_fraction"": 0.1, ""noise_sd"": 1.45, ""rho"": 0.018}",4000,20260981,0.92925,0.004054147182207374,0.06825,0.02225,0.530578093730969,undefined_present
snap-r6-missing-acc,drop_25pct,wild_recipe,1.0779610382569493,"{""drop_fraction"": 0.25, ""noise_sd"": 1.45, ""rho"": 0.018}",4000,20260981,0.94175,0.0037032734674879203,0.07325,0.00225,0.4608038197597416,undefined_present
snap-r6-missing-acc,drop_25pct,cluster_t_recipe,1.0779610382569493,"{""drop_fraction"": 0.25, ""noise_sd"": 1.45, ""rho"": 0.018}",4000,20260981,0.943,0.003665753674212168,0.07175,0.002,0.46007550605606196,undefined_present
snap-r6-missing-acc,drop_25pct,wild_size,1.0779610382569493,"{""drop_fraction"": 0.25, ""noise_sd"": 1.45, ""rho"": 0.018}",4000,20260981,0.7665,0.00668912830643874,0.05125,0.19075,0.6038170615858584,undefined_present
snap-r6-missing-acc,drop_25pct,cluster_t_size,1.0779610382569493,"{""drop_fraction"": 0.25, ""noise_sd"": 1.45, ""rho"": 0.018}",4000,20260981,0.91,0.004524930938699506,0.06225,0.04225,0.5765584265466258,undefined_present
snap-r6-missing-acc,drop_33pct,wild_recipe,1.0779610382569493,"{""drop_fraction"": 0.33, ""noise_sd"": 1.45, ""rho"": 0.018}",4000,20260981,0.93925,0.0037768848771176484,0.0775,0.00425,0.4858855257665238,undefined_present
snap-r6-missing-acc,drop_33pct,cluster_t_recipe,1.0779610382569493,"{""drop_fraction"": 0.33, ""noise_sd"": 1.45, ""rho"": 0.018}",4000,20260981,0.9395,0.003769607075014583,0.08,0.004,0.4838697257341218,undefined_present
snap-r6-missing-acc,drop_33pct,wild_size,1.0779610382569493,"{""drop_fraction"": 0.33, ""noise_sd"": 1.45, ""rho"": 0.018}",4000,20260981,0.7345,0.006982294572703159,0.049,0.224,0.6335421944598634,undefined_present
snap-r6-missing-acc,drop_33pct,cluster_t_size,1.0779610382569493,"{""drop_fraction"": 0.33, ""noise_sd"": 1.45, ""rho"": 0.018}",4000,20260981,0.88425,0.005058456718703839,0.0645,0.06475,0.6140734685168506,undefined_present
snap-r6-missing-acc,drop_50pct,wild_recipe,1.0779610382569493,"{""drop_fraction"": 0.5, ""noise_sd"": 1.45, ""rho"": 0.018}",4000,20260981,0.93075,0.004014176051819353,0.05525,0.022,0.5689587182878368,undefined_present
snap-r6-missing-acc,drop_50pct,cluster_t_recipe,1.0779610382569493,"{""drop_fraction"": 0.5, ""noise_sd"": 1.45, ""rho"": 0.018}",4000,20260981,0.931,0.0040074617902108554,0.057,0.022,0.5661987742460073,undefined_present
snap-r6-missing-acc,drop_50pct,wild_size,1.0779610382569493,"{""drop_fraction"": 0.5, ""noise_sd"": 1.45, ""rho"": 0.018}",4000,20260981,0.64125,0.007583673870559045,0.0465,0.3165,0.6803638452756975,undefined_present
snap-r6-missing-acc,drop_50pct,cluster_t_size,1.0779610382569493,"{""drop_fraction"": 0.5, ""noise_sd"": 1.45, ""rho"": 0.018}",4000,20260981,0.813,0.0061650425789283895,0.05225,0.141,0.6875876546000363,undefined_present
snap-r6-missing-acc,drop_whole_recipes_25pct,wild_recipe,1.0779610382569493,"{""drop_recipes"": 6, ""noise_sd"": 1.45, ""rho"": 0.018}",4000,20260981,0.94725,0.0035343824602043273,0.0735,0.0015,0.4640630143028538,undefined_present
snap-r6-missing-acc,drop_whole_recipes_25pct,cluster_t_recipe,1.0779610382569493,"{""drop_recipes"": 6, ""noise_sd"": 1.45, ""rho"": 0.018}",4000,20260981,0.9495,0.003462287899640929,0.0725,0.00175,0.46529321360311915,undefined_present
snap-r6-missing-acc,drop_whole_recipes_25pct,wild_size,1.0779610382569493,"{""drop_recipes"": 6, ""noise_sd"": 1.45, ""rho"": 0.018}",4000,20260981,0.764,0.006713866248295389,0.06,0.18925,0.584255849430852,undefined_present
snap-r6-missing-acc,drop_whole_recipes_25pct,cluster_t_size,1.0779610382569493,"{""drop_recipes"": 6, ""noise_sd"": 1.45, ""rho"": 0.018}",4000,20260981,0.90925,0.004541872892871397,0.07075,0.0345,0.5630581414224995,undefined_present
snap-r6-missing-configs,complete,wild_recipe,1.2445882853377657,"{""noise_sd"": 0.73, ""rho"": 0.061}",4000,20260974,0.94525,0.0035969583504677936,0.96775,0.0,0.2417764191357602,all_defined
snap-r6-missing-configs,complete,cluster_t_recipe,1.2445882853377657,"{""noise_sd"": 0.73, ""rho"": 0.061}",4000,20260974,0.94675,0.0035501562465615516,0.9685,0.0,0.24166113291384617,all_defined
snap-r6-missing-configs,complete,wild_size,1.2445882853377657,"{""noise_sd"": 0.73, ""rho"": 0.061}",4000,20260974,0.95375,0.0033208032725531938,0.61325,0.01025,0.3626044937678352,undefined_present
snap-r6-missing-configs,complete,cluster_t_size,1.2445882853377657,"{""noise_sd"": 0.73, ""rho"": 0.061}",4000,20260974,0.94925,0.003470390377896987,0.8085,0.0,0.30162184015458876,all_defined
snap-r6-missing-configs,drop_10pct,wild_recipe,1.2445882853377657,"{""drop_fraction"": 0.1, ""noise_sd"": 0.73, ""rho"": 0.061}",4000,20260974,0.94975,0.0034541618918342556,0.9535,0.0,0.2551156202398769,all_defined
snap-r6-missing-configs,drop_10pct,cluster_t_recipe,1.2445882853377657,"{""drop_fraction"": 0.1, ""noise_sd"": 0.73, ""rho"": 0.061}",4000,20260974,0.94875,0.0034865254014562986,0.95425,0.0,0.2541498660578513,all_defined
snap-r6-missing-configs,drop_10pct,wild_size,1.2445882853377657,"{""drop_fraction"": 0.1, ""noise_sd"": 0.73, ""rho"": 0.061}",4000,20260974,0.9515,0.0033966067626382654,0.581,0.00875,0.3878885763801536,undefined_present
snap-r6-missing-configs,drop_10pct,cluster_t_size,1.2445882853377657,"{""drop_fraction"": 0.1, ""noise_sd"": 0.73, ""rho"": 0.061}",4000,20260974,0.952,0.0033799408278844187,0.7585,0.0,0.3232420237951318,all_defined
snap-r6-missing-configs,drop_25pct,wild_recipe,1.2445882853377657,"{""drop_fraction"": 0.25, ""noise_sd"": 0.73, ""rho"": 0.061}",4000,20260974,0.93975,0.0037623110417667497,0.9075,0.0,0.27803842972597836,all_defined
snap-r6-missing-configs,drop_25pct,cluster_t_recipe,1.2445882853377657,"{""drop_fraction"": 0.25, ""noise_sd"": 0.73, ""rho"": 0.061}",4000,20260974,0.93875,0.003791386207576327,0.912,0.0,0.275891455316977,all_defined
snap-r6-missing-configs,drop_25pct,wild_size,1.2445882853377657,"{""drop_fraction"": 0.25, ""noise_sd"": 0.73, ""rho"": 0.061}",4000,20260974,0.94175,0.0037032734674879203,0.5165,0.0185,0.4141744244770091,undefined_present
snap-r6-missing-configs,drop_25pct,cluster_t_size,1.2445882853377657,"{""drop_fraction"": 0.25, ""noise_sd"": 0.73, ""rho"": 0.061}",4000,20260974,0.95125,0.003404902256306338,0.68875,0.0,0.3534447008130015,all_defined
snap-r6-missing-configs,drop_33pct,wild_recipe,1.2445882853377657,"{""drop_fraction"": 0.33, ""noise_sd"": 0.73, ""rho"": 0.061}",4000,20260974,0.93975,0.0037623110417667497,0.85925,0.0,0.2955976633166536,all_defined
snap-r6-missing-configs,drop_33pct,cluster_t_recipe,1.2445882853377657,"{""drop_fraction"": 0.33, ""noise_sd"": 0.73, ""rho"": 0.061}",4000,20260974,0.9385,0.003798609943123932,0.867,0.0,0.2924768337518493,all_defined
snap-r6-missing-configs,drop_33pct,wild_size,1.2445882853377657,"{""drop_fraction"": 0.33, ""noise_sd"": 0.73, ""rho"": 0.061}",4000,20260974,0.9345,0.003911833010239573,0.4885,0.021,0.4321809312507702,undefined_present
snap-r6-missing-configs,drop_33pct,cluster_t_size,1.2445882853377657,"{""drop_fraction"": 0.33, ""noise_sd"": 0.73, ""rho"": 0.061}",4000,20260974,0.94375,0.0036430048551985223,0.63975,0.0,0.367249745753319,all_defined
snap-r6-missing-configs,drop_50pct,wild_recipe,1.2445882853377657,"{""drop_fraction"": 0.5, ""noise_sd"": 0.73, ""rho"": 0.061}",4000,20260974,0.945,0.003604684452209376,0.74225,0.0,0.3422171014239487,all_defined
snap-r6-missing-configs,drop_50pct,cluster_t_recipe,1.2445882853377657,"{""drop_fraction"": 0.5, ""noise_sd"": 0.73, ""rho"": 0.061}",4000,20260974,0.94175,0.0037032734674879203,0.7555,0.0,0.33647690087404314,all_defined
snap-r6-missing-configs,drop_50pct,wild_size,1.2445882853377657,"{""drop_fraction"": 0.5, ""noise_sd"": 0.73, ""rho"": 0.061}",4000,20260974,0.91825,0.004332058907147962,0.4015,0.03725,0.49294553504504257,undefined_present
snap-r6-missing-configs,drop_50pct,cluster_t_size,1.2445882853377657,"{""drop_fraction"": 0.5, ""noise_sd"": 0.73, ""rho"": 0.061}",4000,20260974,0.94475,0.003612389704198594,0.50325,0.0,0.4305589225008866,all_defined
snap-r6-missing-configs,drop_whole_recipes_25pct,wild_recipe,1.2445882853377657,"{""drop_recipes"": 6, ""noise_sd"": 0.73, ""rho"": 0.061}",4000,20260974,0.94475,0.003612389704198594,0.8945,0.0,0.2802754796995205,all_defined
snap-r6-missing-configs,drop_whole_recipes_25pct,cluster_t_recipe,1.2445882853377657,"{""drop_recipes"": 6, ""noise_sd"": 0.73, ""rho"": 0.061}",4000,20260974,0.945,0.003604684452209376,0.8955,0.0,0.27906458480694196,all_defined
snap-r6-missing-configs,drop_whole_recipes_25pct,wild_size,1.2445882853377657,"{""drop_recipes"": 6, ""noise_sd"": 0.73, ""rho"": 0.061}",4000,20260974,0.92975,0.004040882870735059,0.5465,0.022,0.3959629924635405,undefined_present
snap-r6-missing-configs,drop_whole_recipes_25pct,cluster_t_size,1.2445882853377657,"{""drop_recipes"": 6, ""noise_sd"": 0.73, ""rho"": 0.061}",4000,20260974,0.942,0.0036958084365940843,0.70525,0.0,0.3417040340493245,all_defined
snap-r6-noise-level,noise_0.25,wild_recipe,1.2445882853377657,"{""noise_sd"": 0.25, ""rho"": 0.061}",4000,20260976,0.94725,0.0035343824602043273,0.9975,0.0,0.20543034889028555,all_defined
snap-r6-noise-level,noise_0.25,cluster_t_recipe,1.2445882853377657,"{""noise_sd"": 0.25, ""rho"": 0.061}",4000,20260976,0.947,0.003542280338990692,0.9975,0.0,0.20476944907225836,all_defined
snap-r6-noise-level,noise_0.25,wild_size,1.2445882853377657,"{""noise_sd"": 0.25, ""rho"": 0.061}",4000,20260976,0.96225,0.0030135086485689713,0.73375,0.00275,0.3075472200445475,undefined_present
snap-r6-noise-level,noise_0.25,cluster_t_size,1.2445882853377657,"{""noise_sd"": 0.25, ""rho"": 0.061}",4000,20260976,0.95325,0.0033378300398612254,0.91525,0.0,0.25970349416808824,all_defined
snap-r6-noise-level,noise_0.50,wild_recipe,1.2445882853377657,"{""noise_sd"": 0.5, ""rho"": 0.061}",4000,20260976,0.9455,0.0035892112643309253,0.99025,0.0,0.21945054602389302,all_defined
snap-r6-noise-level,noise_0.50,cluster_t_recipe,1.2445882853377657,"{""noise_sd"": 0.5, ""rho"": 0.061}",4000,20260976,0.94525,0.0035969583504677936,0.991,0.0,0.21883034778551702,all_defined
snap-r6-noise-level,noise_0.50,wild_size,1.2445882853377657,"{""noise_sd"": 0.5, ""rho"": 0.061}",4000,20260976,0.96,0.003098386676965935,0.69775,0.00325,0.32929145978167185,undefined_present
snap-r6-noise-level,noise_0.50,cluster_t_size,1.2445882853377657,"{""noise_sd"": 0.5, ""rho"": 0.061}",4000,20260976,0.95075,0.003421419204803762,0.88175,0.0,0.2752380909141299,all_defined
snap-r6-noise-level,noise_0.73,wild_recipe,1.2445882853377657,"{""noise_sd"": 0.73, ""rho"": 0.061}",4000,20260976,0.944,0.0036353816856005655,0.967,0.0,0.24216504549643347,all_defined
snap-r6-noise-level,noise_0.73,cluster_t_recipe,1.2445882853377657,"{""noise_sd"": 0.73, ""rho"": 0.061}",4000,20260976,0.9425,0.0036808202210920327,0.96525,0.0,0.24179748701641068,all_defined
snap-r6-noise-level,noise_0.73,wild_size,1.2445882853377657,"{""noise_sd"": 0.73, ""rho"": 0.061}",4000,20260976,0.9485,0.0034945582696529753,0.6185,0.008,0.35929819048871603,undefined_present
snap-r6-noise-level,noise_0.73,cluster_t_size,1.2445882853377657,"{""noise_sd"": 0.73, ""rho"": 0.061}",4000,20260976,0.94225,0.003688324060464318,0.79825,0.0,0.3038291559777657,all_defined
snap-r6-noise-level,noise_1.00,wild_recipe,1.2445882853377657,"{""noise_sd"": 1.0, ""rho"": 0.061}",4000,20260976,0.95425,0.003303669834441691,0.89725,0.0,0.2815051470441169,all_defined
snap-r6-noise-level,noise_1.00,cluster_t_recipe,1.2445882853377657,"{""noise_sd"": 1.0, ""rho"": 0.061}",4000,20260976,0.9545,0.003295062594246124,0.89825,0.0,0.281027334158491,all_defined
snap-r6-noise-level,noise_1.00,wild_size,1.2445882853377657,"{""noise_sd"": 1.0, ""rho"": 0.061}",4000,20260976,0.94875,0.0034865254014562986,0.53125,0.0145,0.41093469884861816,undefined_present
snap-r6-noise-level,noise_1.00,cluster_t_size,1.2445882853377657,"{""noise_sd"": 1.0, ""rho"": 0.061}",4000,20260976,0.95325,0.0033378300398612254,0.68325,0.0,0.35084894738367983,all_defined
snap-r6-noise-level,noise_1.45,wild_recipe,1.2445882853377657,"{""noise_sd"": 1.45, ""rho"": 0.061}",4000,20260976,0.94375,0.0036430048551985223,0.6295,0.0,0.38222775712214985,all_defined
snap-r6-noise-level,noise_1.45,cluster_t_recipe,1.2445882853377657,"{""noise_sd"": 1.45, ""rho"": 0.061}",4000,20260976,0.94425,0.003627738189974573,0.62775,0.0,0.3810962620439769,all_defined
snap-r6-noise-level,noise_1.45,wild_size,1.2445882853377657,"{""noise_sd"": 1.45, ""rho"": 0.061}",4000,20260976,0.89525,0.004841937564136902,0.31575,0.06425,0.5568949528531677,undefined_present
snap-r6-noise-level,noise_1.45,cluster_t_size,1.2445882853377657,"{""noise_sd"": 1.45, ""rho"": 0.061}",4000,20260976,0.94825,0.0035025682541529424,0.43225,0.0015,0.4831647849647941,undefined_present
snap-r6-noise-level,noise_2.00,wild_recipe,1.2445882853377657,"{""noise_sd"": 2.0, ""rho"": 0.061}",4000,20260976,0.94575,0.0035814430576235614,0.32575,0.0065,0.5684065942776129,undefined_present
snap-r6-noise-level,noise_2.00,cluster_t_recipe,1.2445882853377657,"{""noise_sd"": 2.0, ""rho"": 0.061}",4000,20260976,0.94875,0.0034865254014562986,0.32175,0.0065,0.5761082640917361,undefined_present
snap-r6-noise-level,noise_2.00,wild_size,1.2445882853377657,"{""noise_sd"": 2.0, ""rho"": 0.061}",4000,20260976,0.73725,0.006959030778420226,0.16725,0.22725,0.7332339576073525,undefined_present
snap-r6-noise-level,noise_2.00,cluster_t_size,1.2445882853377657,"{""noise_sd"": 2.0, ""rho"": 0.061}",4000,20260976,0.88275,0.005086807385285981,0.2185,0.07775,0.7155374614654787,undefined_present
snap-r6-noise-level,noise_3.00,wild_recipe,1.2445882853377657,"{""noise_sd"": 3.0, ""rho"": 0.061}",4000,20260976,0.668,0.0074460727904043485,0.119,0.31175,0.9949723739635564,undefined_present
snap-r6-noise-level,noise_3.00,cluster_t_recipe,1.2445882853377657,"{""noise_sd"": 3.0, ""rho"": 0.061}",4000,20260976,0.625,0.007654655446197431,0.092,0.3615,1.0460310867039277,undefined_present
snap-r6-noise-level,noise_3.00,wild_size,1.2445882853377657,"{""noise_sd"": 3.0, ""rho"": 0.061}",4000,20260976,0.39125,0.0077164343692537165,0.0865,0.571,0.9813846033612299,undefined_present
snap-r6-noise-level,noise_3.00,cluster_t_size,1.2445882853377657,"{""noise_sd"": 3.0, ""rho"": 0.061}",4000,20260976,0.41825,0.007799309865302186,0.07325,0.55325,1.051854146483319,undefined_present
snap-r6-observed-truth,observed_margin,wild_recipe,1.243840691123743,"{""noise_sd"": 0.73, ""truth_matrix"": [[0.07308384425656028, 0.13499575227270885, -0.0753990199943615, 0.30001956408578934, 0.0015537989588657432, 0.055285360656744865, 0.0701199511160343, -0.00193758658357485, 0.12298385757080994, 0.00209848745209185], [0.13499575227270885, 0.38914296190401454, -0.25461913910228984, 0.6610517991152802, 0.0038389905793888048, 0.111069293031393, 0.13531776028374773, 0.005306594430887793, 0.2715942746585149, 0.0013369673341797525], [-0.07539901999436151, -0.2546191391022899, 6.788755898853904, -0.365447789583564, -0.011771528082820027, -0.04452967665836339, 0.08453754715484872, 0.0016708904921800328, -0.09307620284647855, -0.016040549225747353], [0.30001956408578934, 0.6610517991152801, -0.36544778958356394, 2.055124875798427, 0.009025775582466889, 0.22732305603996816, 0.3302126060377773, -0.000554331639855868, 0.7839506440308963, -0.004810043836976775], [0.0015537989588657432, 0.0038389905793888048, -0.011771528082820027, 0.009025775582466889, 0.0031898432519944777, 0.0018848577451532327, 0.0008675393383667666, 0.0003909811623656558, 0.00046440424739088205, -1.1305638580784455e-05], [0.055285360656744865, 0.11106929303139298, -0.04452967665836339, 0.22732305603996816, 0.0018848577451532325, 0.0672843845204808, 0.05029866600309893, -0.0008673497094534149, 0.08796739636505595, -0.0004199616315753127], [0.0701199511160343, 0.13531776028374773, 0.08453754715484872, 0.3302126060377773, 0.0008675393383667665, 0.05029866600309893, 0.15413718476141605, 0.0026958292855454044, 0.1497053732536606, 0.00031656512495326035], [-0.0019375865835748497, 0.005306594430887794, 0.0016708904921800328, -0.000554331639855868, 0.0003909811623656558, -0.0008673497094534148, 0.0026958292855454044, 0.0035879383337574203, 0.001191081418471591, 0.0004013410704216597], [0.12298385757080994, 0.2715942746585149, -0.09307620284647855, 0.7839506440308963, 0.00046440424739088184, 0.08796739636505595, 0.1497053732536606, 0.001191081418471591, 0.4649602114797968, -0.004294196889463128], [0.002098487452091851, 0.0013369673341797525, -0.016040549225747353, -0.004810043836976775, -1.1305638580784467e-05, -0.0004199616315753127, 0.0003165651249532603, 0.0004013410704216597, -0.004294196889463128, 0.0007328568396490924]]}",4000,20260965,0.947,0.003542280338990692,0.96675,0.0,0.24170717758087978,all_defined
snap-r6-observed-truth,observed_margin,cluster_t_recipe,1.243840691123743,"{""noise_sd"": 0.73, ""truth_matrix"": [[0.07308384425656028, 0.13499575227270885, -0.0753990199943615, 0.30001956408578934, 0.0015537989588657432, 0.055285360656744865, 0.0701199511160343, -0.00193758658357485, 0.12298385757080994, 0.00209848745209185], [0.13499575227270885, 0.38914296190401454, -0.25461913910228984, 0.6610517991152802, 0.0038389905793888048, 0.111069293031393, 0.13531776028374773, 0.005306594430887793, 0.2715942746585149, 0.0013369673341797525], [-0.07539901999436151, -0.2546191391022899, 6.788755898853904, -0.365447789583564, -0.011771528082820027, -0.04452967665836339, 0.08453754715484872, 0.0016708904921800328, -0.09307620284647855, -0.016040549225747353], [0.30001956408578934, 0.6610517991152801, -0.36544778958356394, 2.055124875798427, 0.009025775582466889, 0.22732305603996816, 0.3302126060377773, -0.000554331639855868, 0.7839506440308963, -0.004810043836976775], [0.0015537989588657432, 0.0038389905793888048, -0.011771528082820027, 0.009025775582466889, 0.0031898432519944777, 0.0018848577451532327, 0.0008675393383667666, 0.0003909811623656558, 0.00046440424739088205, -1.1305638580784455e-05], [0.055285360656744865, 0.11106929303139298, -0.04452967665836339, 0.22732305603996816, 0.0018848577451532325, 0.0672843845204808, 0.05029866600309893, -0.0008673497094534149, 0.08796739636505595, -0.0004199616315753127], [0.0701199511160343, 0.13531776028374773, 0.08453754715484872, 0.3302126060377773, 0.0008675393383667665, 0.05029866600309893, 0.15413718476141605, 0.0026958292855454044, 0.1497053732536606, 0.00031656512495326035], [-0.0019375865835748497, 0.005306594430887794, 0.0016708904921800328, -0.000554331639855868, 0.0003909811623656558, -0.0008673497094534148, 0.0026958292855454044, 0.0035879383337574203, 0.001191081418471591, 0.0004013410704216597], [0.12298385757080994, 0.2715942746585149, -0.09307620284647855, 0.7839506440308963, 0.00046440424739088184, 0.08796739636505595, 0.1497053732536606, 0.001191081418471591, 0.4649602114797968, -0.004294196889463128], [0.002098487452091851, 0.0013369673341797525, -0.016040549225747353, -0.004810043836976775, -1.1305638580784467e-05, -0.0004199616315753127, 0.0003165651249532603, 0.0004013410704216597, -0.004294196889463128, 0.0007328568396490924]]}",4000,20260965,0.9455,0.0035892112643309253,0.97,0.0,0.23862152532523362,all_defined
snap-r6-observed-truth,observed_margin,wild_size,1.243840691123743,"{""noise_sd"": 0.73, ""truth_matrix"": [[0.07308384425656028, 0.13499575227270885, -0.0753990199943615, 0.30001956408578934, 0.0015537989588657432, 0.055285360656744865, 0.0701199511160343, -0.00193758658357485, 0.12298385757080994, 0.00209848745209185], [0.13499575227270885, 0.38914296190401454, -0.25461913910228984, 0.6610517991152802, 0.0038389905793888048, 0.111069293031393, 0.13531776028374773, 0.005306594430887793, 0.2715942746585149, 0.0013369673341797525], [-0.07539901999436151, -0.2546191391022899, 6.788755898853904, -0.365447789583564, -0.011771528082820027, -0.04452967665836339, 0.08453754715484872, 0.0016708904921800328, -0.09307620284647855, -0.016040549225747353], [0.30001956408578934, 0.6610517991152801, -0.36544778958356394, 2.055124875798427, 0.009025775582466889, 0.22732305603996816, 0.3302126060377773, -0.000554331639855868, 0.7839506440308963, -0.004810043836976775], [0.0015537989588657432, 0.0038389905793888048, -0.011771528082820027, 0.009025775582466889, 0.0031898432519944777, 0.0018848577451532327, 0.0008675393383667666, 0.0003909811623656558, 0.00046440424739088205, -1.1305638580784455e-05], [0.055285360656744865, 0.11106929303139298, -0.04452967665836339, 0.22732305603996816, 0.0018848577451532325, 0.0672843845204808, 0.05029866600309893, -0.0008673497094534149, 0.08796739636505595, -0.0004199616315753127], [0.0701199511160343, 0.13531776028374773, 0.08453754715484872, 0.3302126060377773, 0.0008675393383667665, 0.05029866600309893, 0.15413718476141605, 0.0026958292855454044, 0.1497053732536606, 0.00031656512495326035], [-0.0019375865835748497, 0.005306594430887794, 0.0016708904921800328, -0.000554331639855868, 0.0003909811623656558, -0.0008673497094534148, 0.0026958292855454044, 0.0035879383337574203, 0.001191081418471591, 0.0004013410704216597], [0.12298385757080994, 0.2715942746585149, -0.09307620284647855, 0.7839506440308963, 0.00046440424739088184, 0.08796739636505595, 0.1497053732536606, 0.001191081418471591, 0.4649602114797968, -0.004294196889463128], [0.002098487452091851, 0.0013369673341797525, -0.016040549225747353, -0.004810043836976775, -1.1305638580784467e-05, -0.0004199616315753127, 0.0003165651249532603, 0.0004013410704216597, -0.004294196889463128, 0.0007328568396490924]]}",4000,20260965,0.95025,0.003437838619685338,0.64025,0.011,0.3458623176252233,undefined_present
snap-r6-observed-truth,observed_margin,cluster_t_size,1.243840691123743,"{""noise_sd"": 0.73, ""truth_matrix"": [[0.07308384425656028, 0.13499575227270885, -0.0753990199943615, 0.30001956408578934, 0.0015537989588657432, 0.055285360656744865, 0.0701199511160343, -0.00193758658357485, 0.12298385757080994, 0.00209848745209185], [0.13499575227270885, 0.38914296190401454, -0.25461913910228984, 0.6610517991152802, 0.0038389905793888048, 0.111069293031393, 0.13531776028374773, 0.005306594430887793, 0.2715942746585149, 0.0013369673341797525], [-0.07539901999436151, -0.2546191391022899, 6.788755898853904, -0.365447789583564, -0.011771528082820027, -0.04452967665836339, 0.08453754715484872, 0.0016708904921800328, -0.09307620284647855, -0.016040549225747353], [0.30001956408578934, 0.6610517991152801, -0.36544778958356394, 2.055124875798427, 0.009025775582466889, 0.22732305603996816, 0.3302126060377773, -0.000554331639855868, 0.7839506440308963, -0.004810043836976775], [0.0015537989588657432, 0.0038389905793888048, -0.011771528082820027, 0.009025775582466889, 0.0031898432519944777, 0.0018848577451532327, 0.0008675393383667666, 0.0003909811623656558, 0.00046440424739088205, -1.1305638580784455e-05], [0.055285360656744865, 0.11106929303139298, -0.04452967665836339, 0.22732305603996816, 0.0018848577451532325, 0.0672843845204808, 0.05029866600309893, -0.0008673497094534149, 0.08796739636505595, -0.0004199616315753127], [0.0701199511160343, 0.13531776028374773, 0.08453754715484872, 0.3302126060377773, 0.0008675393383667665, 0.05029866600309893, 0.15413718476141605, 0.0026958292855454044, 0.1497053732536606, 0.00031656512495326035], [-0.0019375865835748497, 0.005306594430887794, 0.0016708904921800328, -0.000554331639855868, 0.0003909811623656558, -0.0008673497094534148, 0.0026958292855454044, 0.0035879383337574203, 0.001191081418471591, 0.0004013410704216597], [0.12298385757080994, 0.2715942746585149, -0.09307620284647855, 0.7839506440308963, 0.00046440424739088184, 0.08796739636505595, 0.1497053732536606, 0.001191081418471591, 0.4649602114797968, -0.004294196889463128], [0.002098487452091851, 0.0013369673341797525, -0.016040549225747353, -0.004810043836976775, -1.1305638580784467e-05, -0.0004199616315753127, 0.0003165651249532603, 0.0004013410704216597, -0.004294196889463128, 0.0007328568396490924]]}",4000,20260965,0.95125,0.003404902256306338,0.81575,0.0,0.2959228223769179,all_defined
snap-r6-observed-truth,observed_accuracy,wild_recipe,1.077764397378386,"{""noise_sd"": 1.45, ""truth_matrix"": [[0.11656398890945925, 0.07497161635272273, 0.06298919054518769, 0.14857574557367226, 0.004712922495375615, 0.00923910333319182, 0.04825044126183524, 0.01924066628726211, 0.01058790983832949, 0.00528045062785023], [0.07497161635272273, 0.3991549398963488, -0.2782922969553194, 0.4394058718199676, 0.018109673636749604, 0.03220527258779675, -0.03577067398293616, 0.004718163005041852, 0.15471048019228156, -0.03718765637466846], [0.06298919054518769, -0.27829229695531926, 8.311531395219713, -0.15334548880540141, -0.03944234760176057, 0.03376478101537401, 0.10980939796689074, 0.005385564764741734, 0.1265988752773192, -0.15910474542583763], [0.14857574557367226, 0.43940587181996765, -0.15334548880540144, 0.7949749659083117, 0.040415729112944325, 0.03279909425520391, -0.05342821220138178, 0.011063864612605152, 0.2139637181722496, -0.015171254739316136], [0.004712922495375615, 0.018109673636749604, -0.03944234760176056, 0.040415729112944325, 0.028030683597709476, 0.003312602607148242, -0.012869382791425346, 0.0014488114578222406, -0.009215552157730848, 0.005272662541112031], [0.00923910333319182, 0.03220527258779675, 0.03376478101537401, 0.0327990942552039, 0.0033126026071482414, 0.003370493930386599, -0.0011053737510569545, 0.001144713526187045, 0.010373198306544153, -0.0038102077470513703], [0.04825044126183523, -0.03577067398293616, 0.10980939796689074, -0.05342821220138178, -0.012869382791425346, -0.0011053737510569547, 0.10451259642601093, -0.002910809992359557, 0.02464649917665262, -0.00831478109039325], [0.01924066628726211, 0.004718163005041852, 0.005385564764741734, 0.01106386461260515, 0.0014488114578222401, 0.001144713526187045, -0.0029108099923595555, 0.010042713433420471, 0.0015981844899295946, 0.0031127885687991584], [0.010587909838329487, 0.1547104801922816, 0.1265988752773192, 0.2139637181722496, -0.009215552157730848, 0.010373198306544155, 0.024646499176652625, 0.0015981844899295955, 0.2164496327801277, -0.03985872851017219], [0.0052804506278502335, -0.037187656374668455, -0.15910474542583763, -0.015171254739316128, 0.005272662541112032, -0.0038102077470513703, -0.008314781090393252, 0.0031127885687991584, -0.03985872851017219, 0.015368589898513182]]}",4000,20260965,0.94525,0.0035969583504677936,0.10275,0.0,0.3799408304351726,all_defined
snap-r6-observed-truth,observed_accuracy,cluster_t_recipe,1.077764397378386,"{""noise_sd"": 1.45, ""truth_matrix"": [[0.11656398890945925, 0.07497161635272273, 0.06298919054518769, 0.14857574557367226, 0.004712922495375615, 0.00923910333319182, 0.04825044126183524, 0.01924066628726211, 0.01058790983832949, 0.00528045062785023], [0.07497161635272273, 0.3991549398963488, -0.2782922969553194, 0.4394058718199676, 0.018109673636749604, 0.03220527258779675, -0.03577067398293616, 0.004718163005041852, 0.15471048019228156, -0.03718765637466846], [0.06298919054518769, -0.27829229695531926, 8.311531395219713, -0.15334548880540141, -0.03944234760176057, 0.03376478101537401, 0.10980939796689074, 0.005385564764741734, 0.1265988752773192, -0.15910474542583763], [0.14857574557367226, 0.43940587181996765, -0.15334548880540144, 0.7949749659083117, 0.040415729112944325, 0.03279909425520391, -0.05342821220138178, 0.011063864612605152, 0.2139637181722496, -0.015171254739316136], [0.004712922495375615, 0.018109673636749604, -0.03944234760176056, 0.040415729112944325, 0.028030683597709476, 0.003312602607148242, -0.012869382791425346, 0.0014488114578222406, -0.009215552157730848, 0.005272662541112031], [0.00923910333319182, 0.03220527258779675, 0.03376478101537401, 0.0327990942552039, 0.0033126026071482414, 0.003370493930386599, -0.0011053737510569545, 0.001144713526187045, 0.010373198306544153, -0.0038102077470513703], [0.04825044126183523, -0.03577067398293616, 0.10980939796689074, -0.05342821220138178, -0.012869382791425346, -0.0011053737510569547, 0.10451259642601093, -0.002910809992359557, 0.02464649917665262, -0.00831478109039325], [0.01924066628726211, 0.004718163005041852, 0.005385564764741734, 0.01106386461260515, 0.0014488114578222401, 0.001144713526187045, -0.0029108099923595555, 0.010042713433420471, 0.0015981844899295946, 0.0031127885687991584], [0.010587909838329487, 0.1547104801922816, 0.1265988752773192, 0.2139637181722496, -0.009215552157730848, 0.010373198306544155, 0.024646499176652625, 0.0015981844899295955, 0.2164496327801277, -0.03985872851017219], [0.0052804506278502335, -0.037187656374668455, -0.15910474542583763, -0.015171254739316128, 0.005272662541112032, -0.0038102077470513703, -0.008314781090393252, 0.0031127885687991584, -0.03985872851017219, 0.015368589898513182]]}",4000,20260965,0.946,0.0035736535926135893,0.104,0.0,0.38099054114201397,all_defined
snap-r6-observed-truth,observed_accuracy,wild_size,1.077764397378386,"{""noise_sd"": 1.45, ""truth_matrix"": [[0.11656398890945925, 0.07497161635272273, 0.06298919054518769, 0.14857574557367226, 0.004712922495375615, 0.00923910333319182, 0.04825044126183524, 0.01924066628726211, 0.01058790983832949, 0.00528045062785023], [0.07497161635272273, 0.3991549398963488, -0.2782922969553194, 0.4394058718199676, 0.018109673636749604, 0.03220527258779675, -0.03577067398293616, 0.004718163005041852, 0.15471048019228156, -0.03718765637466846], [0.06298919054518769, -0.27829229695531926, 8.311531395219713, -0.15334548880540141, -0.03944234760176057, 0.03376478101537401, 0.10980939796689074, 0.005385564764741734, 0.1265988752773192, -0.15910474542583763], [0.14857574557367226, 0.43940587181996765, -0.15334548880540144, 0.7949749659083117, 0.040415729112944325, 0.03279909425520391, -0.05342821220138178, 0.011063864612605152, 0.2139637181722496, -0.015171254739316136], [0.004712922495375615, 0.018109673636749604, -0.03944234760176056, 0.040415729112944325, 0.028030683597709476, 0.003312602607148242, -0.012869382791425346, 0.0014488114578222406, -0.009215552157730848, 0.005272662541112031], [0.00923910333319182, 0.03220527258779675, 0.03376478101537401, 0.0327990942552039, 0.0033126026071482414, 0.003370493930386599, -0.0011053737510569545, 0.001144713526187045, 0.010373198306544153, -0.0038102077470513703], [0.04825044126183523, -0.03577067398293616, 0.10980939796689074, -0.05342821220138178, -0.012869382791425346, -0.0011053737510569547, 0.10451259642601093, -0.002910809992359557, 0.02464649917665262, -0.00831478109039325], [0.01924066628726211, 0.004718163005041852, 0.005385564764741734, 0.01106386461260515, 0.0014488114578222401, 0.001144713526187045, -0.0029108099923595555, 0.010042713433420471, 0.0015981844899295946, 0.0031127885687991584], [0.010587909838329487, 0.1547104801922816, 0.1265988752773192, 0.2139637181722496, -0.009215552157730848, 0.010373198306544155, 0.024646499176652625, 0.0015981844899295955, 0.2164496327801277, -0.03985872851017219], [0.0052804506278502335, -0.037187656374668455, -0.15910474542583763, -0.015171254739316128, 0.005272662541112032, -0.0038102077470513703, -0.008314781090393252, 0.0031127885687991584, -0.03985872851017219, 0.015368589898513182]]}",4000,20260965,0.84925,0.005657394221282445,0.07,0.10725,0.5165608016467645,undefined_present
snap-r6-observed-truth,observed_accuracy,cluster_t_size,1.077764397378386,"{""noise_sd"": 1.45, ""truth_matrix"": [[0.11656398890945925, 0.07497161635272273, 0.06298919054518769, 0.14857574557367226, 0.004712922495375615, 0.00923910333319182, 0.04825044126183524, 0.01924066628726211, 0.01058790983832949, 0.00528045062785023], [0.07497161635272273, 0.3991549398963488, -0.2782922969553194, 0.4394058718199676, 0.018109673636749604, 0.03220527258779675, -0.03577067398293616, 0.004718163005041852, 0.15471048019228156, -0.03718765637466846], [0.06298919054518769, -0.27829229695531926, 8.311531395219713, -0.15334548880540141, -0.03944234760176057, 0.03376478101537401, 0.10980939796689074, 0.005385564764741734, 0.1265988752773192, -0.15910474542583763], [0.14857574557367226, 0.43940587181996765, -0.15334548880540144, 0.7949749659083117, 0.040415729112944325, 0.03279909425520391, -0.05342821220138178, 0.011063864612605152, 0.2139637181722496, -0.015171254739316136], [0.004712922495375615, 0.018109673636749604, -0.03944234760176056, 0.040415729112944325, 0.028030683597709476, 0.003312602607148242, -0.012869382791425346, 0.0014488114578222406, -0.009215552157730848, 0.005272662541112031], [0.00923910333319182, 0.03220527258779675, 0.03376478101537401, 0.0327990942552039, 0.0033126026071482414, 0.003370493930386599, -0.0011053737510569545, 0.001144713526187045, 0.010373198306544153, -0.0038102077470513703], [0.04825044126183523, -0.03577067398293616, 0.10980939796689074, -0.05342821220138178, -0.012869382791425346, -0.0011053737510569547, 0.10451259642601093, -0.002910809992359557, 0.02464649917665262, -0.00831478109039325], [0.01924066628726211, 0.004718163005041852, 0.005385564764741734, 0.01106386461260515, 0.0014488114578222401, 0.001144713526187045, -0.0029108099923595555, 0.010042713433420471, 0.0015981844899295946, 0.0031127885687991584], [0.010587909838329487, 0.1547104801922816, 0.1265988752773192, 0.2139637181722496, -0.009215552157730848, 0.010373198306544155, 0.024646499176652625, 0.0015981844899295955, 0.2164496327801277, -0.03985872851017219], [0.0052804506278502335, -0.037187656374668455, -0.15910474542583763, -0.015171254739316128, 0.005272662541112032, -0.0038102077470513703, -0.008314781090393252, 0.0031127885687991584, -0.03985872851017219, 0.015368589898513182]]}",4000,20260965,0.949,0.003478469491026191,0.081,0.007,0.4817789628663517,undefined_present
snap-r6-precision,margin_like_cross_half_error_corr_0.1,wild,1.2445882853377657,{},10000,20260917,0.9334,0.002493279767695555,,0.0,0.23520864232402372,all_defined
snap-r6-precision,margin_like_cross_half_error_corr_0.1,cluster_t,1.2445882853377657,{},10000,20260917,0.9292,0.002564904676591315,,0.0,0.2297494006638784,all_defined
snap-r6-precision,margin_like_cross_half_error_corr_0.1,centred,1.2445882853377657,{},10000,20260917,0.9353,0.0024599575199584236,,0.0,0.23529266437865415,all_defined
snap-r6-precision,margin_like_cross_half_error_corr_0.1,restricted,1.2445882853377657,{},10000,20260917,0.9513,0.00215240121724552,,0.0,0.2534291673452602,all_defined
snap-r6-precision,margin_like_one_dominant_recipe,wild,1.2445882853377657,{},10000,20260917,0.9354,0.0024581871368958056,,0.0,0.26237555940626234,all_defined
snap-r6-precision,margin_like_one_dominant_recipe,cluster_t,1.2445882853377657,{},10000,20260917,0.9156,0.00277986762274753,,0.0,0.23667286066872728,all_defined
snap-r6-precision,margin_like_one_dominant_recipe,centred,1.2445882853377657,{},10000,20260917,0.9561,0.0020487261896114874,,0.0,0.26173801408376507,all_defined
snap-r6-precision,margin_like_one_dominant_recipe,restricted,1.2445882853377657,{},10000,20260917,0.9696,0.001716852934878232,,0.0,0.2854765678867546,all_defined
snap-r6-precision,margin_like,wild,1.2445882853377657,{},10000,20260917,0.9404,0.0023674425019417048,,0.0,0.24166461276596662,all_defined
snap-r6-precision,margin_like,cluster_t,1.2445882853377657,{},10000,20260917,0.9363,0.0024421775119757363,,0.0,0.23614412897411896,all_defined
snap-r6-precision,margin_like,centred,1.2445882853377657,{},10000,20260917,0.9419,0.002339324475142344,,0.0,0.2420284794444696,all_defined
snap-r6-precision,margin_like,restricted,1.2445882853377657,{},10000,20260917,0.9593,0.001975943065981405,,0.0,0.2606473870241155,all_defined
snap-r6-precision,accuracy_like,wild,1.0779610382569493,{},10000,20260917,0.9449,0.0022817534923825584,,0.0002,0.39596271309461556,undefined_present
snap-r6-precision,accuracy_like,cluster_t,1.0779610382569493,{},10000,20260917,0.9416,0.002344982729147488,,0.0002,0.38871659116412755,undefined_present
snap-r6-precision,accuracy_like,centred,1.0779610382569493,{},10000,20260917,0.9466,0.0022482980229498045,,0.0,0.40078314296520634,all_defined
snap-r6-precision,accuracy_like,restricted,1.0779610382569493,{},10000,20260917,0.9616,0.0019215993338883106,,0.0,0.4330264468868899,all_defined
snap-r6-precision-b,null_margin_noise,wild,1.0,{},10000,20260917,0.945,0.0022798026230356006,,0.0,0.22323884705279923,all_defined
snap-r6-precision-b,null_margin_noise,cluster_t,1.0,{},10000,20260917,0.9396,0.0023822644689454613,,0.0,0.21851572378904027,all_defined
snap-r6-precision-b,null_margin_noise,centred,1.0,{},10000,20260917,0.9459,0.0022621491993235114,,0.0,0.22374963359803018,all_defined
snap-r6-precision-b,null_margin_noise,restricted,1.0,{},10000,20260917,0.9612,0.0019311799501858947,,0.0,0.24103757040050816,all_defined
snap-r6-precision-b,null_accuracy_noise,wild,1.0,{},10000,20260917,0.9527,0.0021227979178433352,,0.0004,0.405773879003371,undefined_present
snap-r6-precision-b,null_accuracy_noise,cluster_t,1.0,{},10000,20260917,0.9486,0.002208122279222779,,0.0003,0.39913836853933393,undefined_present
snap-r6-precision-b,null_accuracy_noise,centred,1.0,{},10000,20260917,0.9532,0.0021121022702511342,,0.0,0.4117548576120518,all_defined
snap-r6-precision-b,null_accuracy_noise,restricted,1.0,{},10000,20260917,0.9674,0.001775872743188542,,0.0,0.4452710483667808,all_defined
snap-r6-precision-b,margin_like_boolq_trace,wild,1.1519072321506927,{},10000,20260917,0.949,0.0021999772726098796,,0.0,0.1736094346273973,all_defined
snap-r6-precision-b,margin_like_boolq_trace,cluster_t,1.1519072321506927,{},10000,20260917,0.9425,0.002327955111251074,,0.0,0.16872955499998243,all_defined
snap-r6-precision-b,margin_like_boolq_trace,centred,1.1519072321506927,{},10000,20260917,0.9499,0.002181513007066427,,0.0,0.17377550875864295,all_defined
snap-r6-precision-b,margin_like_boolq_trace,restricted,1.1519072321506927,{},10000,20260917,0.9639,0.0018653897716027078,,0.0,0.1873439394506573,all_defined
snap-r6-precision-b,accuracy_like_boolq_trace,wild,1.0308411390725625,{},10000,20260917,0.9437,0.002305001301518071,,0.0,0.1551210963236675,all_defined
snap-r6-precision-b,accuracy_like_boolq_trace,cluster_t,1.0308411390725625,{},10000,20260917,0.9391,0.002391467959225044,,0.0,0.15087929976078834,all_defined
snap-r6-precision-b,accuracy_like_boolq_trace,centred,1.0308411390725625,{},10000,20260917,0.9463,0.002254247324496582,,0.0,0.15602489753702292,all_defined
snap-r6-precision-b,accuracy_like_boolq_trace,restricted,1.0308411390725625,{},10000,20260917,0.9611,0.0019335663939984075,,0.0,0.16829697420083956,all_defined
snap-r6-precision-b,margin_like_recipe_shared,wild,1.2445882853377657,{},10000,20260917,0.9385,0.002402451872566857,,0.0,0.3097335397115803,all_defined
snap-r6-precision-b,margin_like_recipe_shared,cluster_t,1.2445882853377657,{},10000,20260917,0.9322,0.0025140238662351632,,0.0,0.3018515456970471,all_defined
snap-r6-precision-b,margin_like_recipe_shared,centred,1.2445882853377657,{},10000,20260917,0.9408,0.002359986440639014,,0.0,0.3099436354224746,all_defined
snap-r6-precision-b,margin_like_recipe_shared,restricted,1.2445882853377657,{},10000,20260917,0.9566,0.002037558342722976,,0.0,0.3342111256717928,all_defined
snap-r6-precision-b,margin_like_heavy_tails,wild,1.2445882853377657,{},10000,20260917,0.9371,0.002427830101139698,,0.0028,0.3208167709344581,undefined_present
snap-r6-precision-b,margin_like_heavy_tails,cluster_t,1.2445882853377657,{},10000,20260917,0.9256,0.0026242073088839613,,0.0002,0.3035300820745662,undefined_present
snap-r6-precision-b,margin_like_heavy_tails,centred,1.2445882853377657,{},10000,20260917,0.947,0.0022403347964087875,,0.0019,0.31593117477042987,undefined_present
snap-r6-precision-b,margin_like_heavy_tails,restricted,1.2445882853377657,{},10000,20260917,0.961,0.0019359493795035043,,0.0026,0.34111097163752246,undefined_present
snap-r6-precision-b,accuracy_like_cross_half_error_corr_0.1,wild,1.0779610382569493,{},10000,20260917,0.9359,0.0024493099028093618,,0.0,0.33658989561301417,all_defined
snap-r6-precision-b,accuracy_like_cross_half_error_corr_0.1,cluster_t,1.0779610382569493,{},10000,20260917,0.9333,0.0024950172344094133,,0.0,0.3296089467071378,all_defined
snap-r6-precision-b,accuracy_like_cross_half_error_corr_0.1,centred,1.0779610382569493,{},10000,20260917,0.9383,0.002406098709529598,,0.0,0.33916952248854215,all_defined
snap-r6-precision-b,accuracy_like_cross_half_error_corr_0.1,restricted,1.0779610382569493,{},10000,20260917,0.9544,0.0020861601089082298,,0.0,0.3659492905833168,all_defined
snap-r6-precision-b,rho_0.2_margin_noise,wild,1.6733200530681511,{},10000,20260917,0.9491,0.002197935167378691,,0.0,0.26199942498683526,all_defined
snap-r6-precision-b,rho_0.2_margin_noise,cluster_t,1.6733200530681511,{},10000,20260917,0.9433,0.0023126848034265277,,0.0,0.25463560029478916,all_defined
snap-r6-precision-b,rho_0.2_margin_noise,centred,1.6733200530681511,{},10000,20260917,0.9475,0.002230330692969094,,0.0,0.2614546528956557,all_defined
snap-r6-precision-b,rho_0.2_margin_noise,restricted,1.6733200530681511,{},10000,20260917,0.9603,0.001952534506737332,,0.0,0.28171077602984507,all_defined
snap-r6-precision-c,margin_like_cross_half_error_corr_0.1,wild_rademacher,1.2445882853377657,{},10000,20260922,0.9365,0.0024386010333795893,,0.0,0.23463241459881967,all_defined
snap-r6-precision-c,margin_like_cross_half_error_corr_0.1,wild_cr3,1.2445882853377657,{},10000,20260922,0.9464,0.002252266414081602,,0.0,0.24512347654289834,all_defined
snap-r6-precision-c,margin_like_one_dominant_recipe,wild_rademacher,1.2445882853377657,{},10000,20260922,0.935,0.002465258607124209,,0.0,0.26212193231708136,all_defined
snap-r6-precision-c,margin_like_one_dominant_recipe,wild_cr3,1.2445882853377657,{},10000,20260922,0.9529,0.002118527554694534,,0.0,0.29502096383220616,all_defined
snap-r6-precision-c,margin_like,wild_rademacher,1.2445882853377657,{},10000,20260922,0.9508,0.002162853670501082,,0.0,0.24223325750276725,all_defined
snap-r6-precision-c,margin_like,wild_cr3,1.2445882853377657,{},10000,20260922,0.9572,0.0020240592876692113,,0.0,0.2530489799880947,all_defined
snap-r6-precision-c,accuracy_like,wild_rademacher,1.0779610382569493,{},10000,20260922,0.9472,0.002236339866835986,,0.0,0.39598062848183796,all_defined
snap-r6-precision-c,accuracy_like,wild_cr3,1.0779610382569493,{},10000,20260922,0.9567,0.002035315945989713,,0.0,0.41474535167222054,all_defined
snap-r6-precision-d,margin_like,wild_rademacher,1.2445882853377657,{},40000,20260925,0.946575,0.0011243972760439252,,0.0,0.24143611182455815,all_defined
snap-r6-precision-d,margin_like,wild_cr3,1.2445882853377657,{},40000,20260925,0.955275,0.0010334973920504108,,0.0,0.25230456926607536,all_defined
snap-r6-prepivot-sim,margin_like_cross_half_error_corr_0.1,wild_shipped,1.2445882853377657,{},1000,20260927,0.938,0.00762600813007697,,,0.23363238902687067,all_defined
snap-r6-prepivot-sim,margin_like_cross_half_error_corr_0.1,wild_399,1.2445882853377657,{},1000,20260927,0.936,0.007739767438366605,,,0.23121362666291723,all_defined
snap-r6-prepivot-sim,margin_like_cross_half_error_corr_0.1,prepivoted,1.2445882853377657,{},1000,20260927,0.924,0.008379976133617564,,,0.23184605718517848,all_defined
snap-r6-prepivot-sim,margin_like_one_dominant_recipe,wild_shipped,1.2445882853377657,{},1000,20260927,0.931,0.008014923580421711,,,0.25397943468247774,all_defined
snap-r6-prepivot-sim,margin_like_one_dominant_recipe,wild_399,1.2445882853377657,{},1000,20260927,0.928,0.00817410545564467,,,0.25170937434296303,all_defined
snap-r6-prepivot-sim,margin_like_one_dominant_recipe,prepivoted,1.2445882853377657,{},1000,20260927,0.933,0.007906389820898028,,,0.2856200482153224,all_defined
snap-r6-prepivot-sim,margin_like,wild_shipped,1.2445882853377657,{},1000,20260927,0.936,0.007739767438366605,,,0.2410138640733548,all_defined
snap-r6-prepivot-sim,margin_like,wild_399,1.2445882853377657,{},1000,20260927,0.938,0.00762600813007697,,,0.2376594618468003,all_defined
snap-r6-prepivot-sim,margin_like,prepivoted,1.2445882853377657,{},1000,20260927,0.931,0.008014923580421711,,,0.23692667461085393,all_defined
snap-r6-prepivot-sim,accuracy_like,wild_shipped,1.0779610382569493,{},1000,20260927,0.953,0.00669260786241059,,,0.39345393738149187,all_defined
snap-r6-prepivot-sim,accuracy_like,wild_399,1.0779610382569493,{},1000,20260927,0.949,0.006956938982052382,,,0.38909301443593464,all_defined
snap-r6-prepivot-sim,accuracy_like,prepivoted,1.0779610382569493,{},1000,20260927,0.944,0.007270763371201131,,,0.38937589905756004,all_defined
snap-r6-recipe-shared-cov,recipe_shared_0.000,wild_recipe,1.2445882853377657,"{""noise_sd"": 0.73, ""recipe_shared"": 0.0, ""rho"": 0.061}",4000,20260955,0.947,0.003542280338990692,,0.0,0.24065151471046997,all_defined
snap-r6-recipe-shared-cov,recipe_shared_0.000,wild_size,1.2445882853377657,"{""noise_sd"": 0.73, ""recipe_shared"": 0.0, ""rho"": 0.061}",4000,20260955,0.95275,0.0033547517605629186,,0.00825,0.3638111847995795,undefined_present
snap-r6-recipe-shared-cov,recipe_shared_0.000,cluster_t_recipe,1.2445882853377657,"{""noise_sd"": 0.73, ""recipe_shared"": 0.0, ""rho"": 0.061}",4000,20260955,0.947,0.003542280338990692,,0.0,0.24008708452997196,all_defined
snap-r6-recipe-shared-cov,recipe_shared_0.000,cluster_t_size,1.2445882853377657,"{""noise_sd"": 0.73, ""recipe_shared"": 0.0, ""rho"": 0.061}",4000,20260955,0.947,0.003542280338990692,,0.0,0.30243688651676015,all_defined
snap-r6-recipe-shared-cov,recipe_shared_0.114,wild_recipe,1.2445882853377657,"{""noise_sd"": 0.73, ""recipe_shared"": 0.114, ""rho"": 0.061}",4000,20260955,0.947,0.003542280338990692,,0.0,0.24627157982108183,all_defined
snap-r6-recipe-shared-cov,recipe_shared_0.114,wild_size,1.2445882853377657,"{""noise_sd"": 0.73, ""recipe_shared"": 0.114, ""rho"": 0.061}",4000,20260955,0.9545,0.003295062594246124,,0.004,0.3570241822137839,undefined_present
snap-r6-recipe-shared-cov,recipe_shared_0.114,cluster_t_recipe,1.2445882853377657,"{""noise_sd"": 0.73, ""recipe_shared"": 0.114, ""rho"": 0.061}",4000,20260955,0.94625,0.003565842729986839,,0.0,0.24551387370833178,all_defined
snap-r6-recipe-shared-cov,recipe_shared_0.114,cluster_t_size,1.2445882853377657,"{""noise_sd"": 0.73, ""recipe_shared"": 0.114, ""rho"": 0.061}",4000,20260955,0.944,0.0036353816856005655,,0.0,0.3028815419674443,all_defined
snap-r6-recipe-shared-cov,recipe_shared_0.250,wild_recipe,1.2445882853377657,"{""noise_sd"": 0.73, ""recipe_shared"": 0.25, ""rho"": 0.061}",4000,20260955,0.94225,0.003688324060464318,,0.0,0.2598195407102092,all_defined
snap-r6-recipe-shared-cov,recipe_shared_0.250,wild_size,1.2445882853377657,"{""noise_sd"": 0.73, ""recipe_shared"": 0.25, ""rho"": 0.061}",4000,20260955,0.944,0.0036353816856005655,,0.00625,0.3537721366768485,undefined_present
snap-r6-recipe-shared-cov,recipe_shared_0.250,cluster_t_recipe,1.2445882853377657,"{""noise_sd"": 0.73, ""recipe_shared"": 0.25, ""rho"": 0.061}",4000,20260955,0.9415,0.003710719269899031,,0.0,0.2594326659583882,all_defined
snap-r6-recipe-shared-cov,recipe_shared_0.250,cluster_t_size,1.2445882853377657,"{""noise_sd"": 0.73, ""recipe_shared"": 0.25, ""rho"": 0.061}",4000,20260955,0.92925,0.004054147182207374,,0.0,0.2994836728800202,all_defined
snap-r6-recipe-shared-cov,recipe_shared_0.500,wild_recipe,1.2445882853377657,"{""noise_sd"": 0.73, ""recipe_shared"": 0.5, ""rho"": 0.061}",4000,20260955,0.9435,0.003650607826102387,,0.0,0.30875907462210106,all_defined
snap-r6-recipe-shared-cov,recipe_shared_0.500,wild_size,1.2445882853377657,"{""noise_sd"": 0.73, ""recipe_shared"": 0.5, ""rho"": 0.061}",4000,20260955,0.898,0.004785289959866591,,0.0035,0.32619141142725194,undefined_present
snap-r6-recipe-shared-cov,recipe_shared_0.500,cluster_t_recipe,1.2445882853377657,"{""noise_sd"": 0.73, ""recipe_shared"": 0.5, ""rho"": 0.061}",4000,20260955,0.94325,0.003658190724251538,,0.0,0.3079324317670319,all_defined
snap-r6-recipe-shared-cov,recipe_shared_0.500,cluster_t_size,1.2445882853377657,"{""noise_sd"": 0.73, ""recipe_shared"": 0.5, ""rho"": 0.061}",4000,20260955,0.86875,0.00533908787856128,,0.0,0.27492689662214553,all_defined
snap-r6-run-count-cov,runs_02,wild_recipe,1.2445882853377657,"{""noise_sd"": 0.73, ""rho"": 0.061, ""runs"": 2}",4000,20260957,0.94225,0.003688324060464318,,0.0,0.343029898246454,all_defined
snap-r6-run-count-cov,runs_02,wild_size,1.2445882853377657,"{""noise_sd"": 0.73, ""rho"": 0.061, ""runs"": 2}",4000,20260957,0.9145,0.0044212484096689255,,0.04175,0.502641129063817,undefined_present
snap-r6-run-count-cov,runs_02,cluster_t_recipe,1.2445882853377657,"{""noise_sd"": 0.73, ""rho"": 0.061, ""runs"": 2}",4000,20260957,0.942,0.0036958084365940843,,0.0,0.3415089105037846,all_defined
snap-r6-run-count-cov,runs_02,cluster_t_size,1.2445882853377657,"{""noise_sd"": 0.73, ""rho"": 0.061, ""runs"": 2}",4000,20260957,0.949,0.003478469491026191,,0.0,0.42912675626257324,all_defined
snap-r6-run-count-cov,runs_03,wild_recipe,1.2445882853377657,"{""noise_sd"": 0.73, ""rho"": 0.061, ""runs"": 3}",4000,20260957,0.95125,0.003404902256306338,,0.0,0.24233397678260826,all_defined
snap-r6-run-count-cov,runs_03,wild_size,1.2445882853377657,"{""noise_sd"": 0.73, ""rho"": 0.061, ""runs"": 3}",4000,20260957,0.952,0.0033799408278844187,,0.00775,0.35327268094401965,undefined_present
snap-r6-run-count-cov,runs_03,cluster_t_recipe,1.2445882853377657,"{""noise_sd"": 0.73, ""rho"": 0.061, ""runs"": 3}",4000,20260957,0.9525,0.0033631737243264726,,0.0,0.24142005718406834,all_defined
snap-r6-run-count-cov,runs_03,cluster_t_size,1.2445882853377657,"{""noise_sd"": 0.73, ""rho"": 0.061, ""runs"": 3}",4000,20260957,0.95025,0.003437838619685338,,0.0,0.3004593977534771,all_defined
snap-r6-run-count-cov,runs_04,wild_recipe,1.2445882853377657,"{""noise_sd"": 0.73, ""rho"": 0.061, ""runs"": 4}",4000,20260957,0.94675,0.0035501562465615516,,0.0,0.19674358551812898,all_defined
snap-r6-run-count-cov,runs_04,wild_size,1.2445882853377657,"{""noise_sd"": 0.73, ""rho"": 0.061, ""runs"": 4}",4000,20260957,0.9565,0.0032252034819527276,,0.00175,0.2962409933716261,undefined_present
snap-r6-run-count-cov,runs_04,cluster_t_recipe,1.2445882853377657,"{""noise_sd"": 0.73, ""rho"": 0.061, ""runs"": 4}",4000,20260957,0.94525,0.0035969583504677936,,0.0,0.19671393731989018,all_defined
snap-r6-run-count-cov,runs_04,cluster_t_size,1.2445882853377657,"{""noise_sd"": 0.73, ""rho"": 0.061, ""runs"": 4}",4000,20260957,0.9495,0.003462287899640929,,0.0,0.24908084014596132,all_defined
snap-r6-run-count-cov,runs_06,wild_recipe,1.2445882853377657,"{""noise_sd"": 0.73, ""rho"": 0.061, ""runs"": 6}",4000,20260957,0.94925,0.003470390377896987,,0.0,0.15244370361965842,all_defined
snap-r6-run-count-cov,runs_06,wild_size,1.2445882853377657,"{""noise_sd"": 0.73, ""rho"": 0.061, ""runs"": 6}",4000,20260957,0.96475,0.002915794810167547,,0.0,0.22590551073243503,all_defined
snap-r6-run-count-cov,runs_06,cluster_t_recipe,1.2445882853377657,"{""noise_sd"": 0.73, ""rho"": 0.061, ""runs"": 6}",4000,20260957,0.9485,0.0034945582696529753,,0.0,0.15250922468488604,all_defined
snap-r6-run-count-cov,runs_06,cluster_t_size,1.2445882853377657,"{""noise_sd"": 0.73, ""rho"": 0.061, ""runs"": 6}",4000,20260957,0.94875,0.0034865254014562986,,0.0,0.19111910296979429,all_defined
snap-r6-run-count-cov,runs_10,wild_recipe,1.2445882853377657,"{""noise_sd"": 0.73, ""rho"": 0.061, ""runs"": 10}",4000,20260957,0.9515,0.0033966067626382654,,0.0,0.1142349324679437,all_defined
snap-r6-run-count-cov,runs_10,wild_size,1.2445882853377657,"{""noise_sd"": 0.73, ""rho"": 0.061, ""runs"": 10}",4000,20260957,0.965,0.0029058131392090594,,0.0,0.17135867570712982,all_defined
snap-r6-run-count-cov,runs_10,cluster_t_recipe,1.2445882853377657,"{""noise_sd"": 0.73, ""rho"": 0.061, ""runs"": 10}",4000,20260957,0.95175,0.0033882863478460618,,0.0,0.11406735660306289,all_defined
snap-r6-run-count-cov,runs_10,cluster_t_size,1.2445882853377657,"{""noise_sd"": 0.73, ""rho"": 0.061, ""runs"": 10}",4000,20260957,0.954,0.003312249990565327,,0.0,0.14566620553858822,all_defined
snap-r6-single-size,band_runs_03,wild_recipe,1.2445882853377657,"{""noise_sd"": 0.73, ""rho"": 0.061, ""runs"": 3, ""sizes"": 1}",4000,20260963,0.93025,0.004027559357104498,0.31325,0.0,0.543476495485119,all_defined
snap-r6-single-size,band_runs_03,cluster_t_recipe,1.2445882853377657,"{""noise_sd"": 0.73, ""rho"": 0.061, ""runs"": 3, ""sizes"": 1}",4000,20260963,0.929,0.004060757318530619,0.327,0.0,0.5347646023338977,all_defined
snap-r6-single-size,band_runs_03,wild_size,1.2445882853377657,"{""noise_sd"": 0.73, ""rho"": 0.061, ""runs"": 3, ""sizes"": 1}",4000,20260963,0.7505,0.006841961524299885,0.15225,0.20575,0.7471459778340278,undefined_present
snap-r6-single-size,band_runs_03,cluster_t_size,1.2445882853377657,"{""noise_sd"": 0.73, ""rho"": 0.061, ""runs"": 3, ""sizes"": 1}",4000,20260963,0.92,0.004289522117905443,0.21025,0.02475,0.6853901436900797,undefined_present
snap-r6-single-size,band_runs_06,wild_recipe,1.2445882853377657,"{""noise_sd"": 0.73, ""rho"": 0.061, ""runs"": 6, ""sizes"": 1}",4000,20260963,0.94725,0.0035343824602043273,0.739,0.0,0.3420790995022508,all_defined
snap-r6-single-size,band_runs_06,cluster_t_recipe,1.2445882853377657,"{""noise_sd"": 0.73, ""rho"": 0.061, ""runs"": 6, ""sizes"": 1}",4000,20260963,0.94725,0.0035343824602043273,0.7415,0.0,0.340349761115543,all_defined
snap-r6-single-size,band_runs_06,wild_size,1.2445882853377657,"{""noise_sd"": 0.73, ""rho"": 0.061, ""runs"": 6, ""sizes"": 1}",4000,20260963,0.91075,0.004507894117545355,0.36525,0.04625,0.5061601908403268,undefined_present
snap-r6-single-size,band_runs_06,cluster_t_size,1.2445882853377657,"{""noise_sd"": 0.73, ""rho"": 0.061, ""runs"": 6, ""sizes"": 1}",4000,20260963,0.95075,0.003421419204803762,0.501,0.0,0.4354441290937147,all_defined
snap-r6-single-size,band_runs_10,wild_recipe,1.2445882853377657,"{""noise_sd"": 0.73, ""rho"": 0.061, ""runs"": 10, ""sizes"": 1}",4000,20260963,0.9485,0.0034945582696529753,0.95675,0.0,0.25335868652858173,all_defined
snap-r6-single-size,band_runs_10,cluster_t_recipe,1.2445882853377657,"{""noise_sd"": 0.73, ""rho"": 0.061, ""runs"": 10, ""sizes"": 1}",4000,20260963,0.94775,0.0035185201967588594,0.95825,0.0,0.2521303127376576,all_defined
snap-r6-single-size,band_runs_10,wild_size,1.2445882853377657,"{""noise_sd"": 0.73, ""rho"": 0.061, ""runs"": 10, ""sizes"": 1}",4000,20260963,0.9495,0.003462287899640929,0.5875,0.01225,0.3782119746947069,undefined_present
snap-r6-single-size,band_runs_10,cluster_t_size,1.2445882853377657,"{""noise_sd"": 0.73, ""rho"": 0.061, ""runs"": 10, ""sizes"": 1}",4000,20260963,0.9515,0.0033966067626382654,0.76425,0.0,0.324031905203954,all_defined
snap-r6-single-size,band_runs_16,wild_recipe,1.2445882853377657,"{""noise_sd"": 0.73, ""rho"": 0.061, ""runs"": 16, ""sizes"": 1}",4000,20260963,0.939,0.003784144553264319,0.997,0.0,0.19659015751257325,all_defined
snap-r6-single-size,band_runs_16,cluster_t_recipe,1.2445882853377657,"{""noise_sd"": 0.73, ""rho"": 0.061, ""runs"": 16, ""sizes"": 1}",4000,20260963,0.941,0.0037255536501304086,0.99725,0.0,0.1962512518880899,all_defined
snap-r6-single-size,band_runs_16,wild_size,1.2445882853377657,"{""noise_sd"": 0.73, ""rho"": 0.061, ""runs"": 16, ""sizes"": 1}",4000,20260963,0.956,0.0032428382630035695,0.7675,0.0015,0.295664003910988,undefined_present
snap-r6-single-size,band_runs_16,cluster_t_size,1.2445882853377657,"{""noise_sd"": 0.73, ""rho"": 0.061, ""runs"": 16, ""sizes"": 1}",4000,20260963,0.946,0.0035736535926135893,0.9395,0.0,0.24663956799452247,all_defined
snap-r6-single-size,band_runs_24,wild_recipe,1.2445882853377657,"{""noise_sd"": 0.73, ""rho"": 0.061, ""runs"": 24, ""sizes"": 1}",4000,20260963,0.95,0.003446012188022557,1.0,0.0,0.15942844966537606,all_defined
snap-r6-single-size,band_runs_24,cluster_t_recipe,1.2445882853377657,"{""noise_sd"": 0.73, ""rho"": 0.061, ""runs"": 24, ""sizes"": 1}",4000,20260963,0.9485,0.0034945582696529753,1.0,0.0,0.15914678603229193,all_defined
snap-r6-single-size,band_runs_24,wild_size,1.2445882853377657,"{""noise_sd"": 0.73, ""rho"": 0.061, ""runs"": 24, ""sizes"": 1}",4000,20260963,0.964,0.0029455050500720595,0.882,0.00025,0.23812372042815033,undefined_present
snap-r6-single-size,band_runs_24,cluster_t_size,1.2445882853377657,"{""noise_sd"": 0.73, ""rho"": 0.061, ""runs"": 24, ""sizes"": 1}",4000,20260963,0.9475,0.0035264624625820132,0.988,0.0,0.20079696590181062,all_defined
snap-r6-single-size-acc,acc_band_runs_03,wild_recipe,1.078,"{""noise_sd"": 1.45, ""rho"": 0.018009333333333346, ""runs"": 3, ""sizes"": 1}",4000,20260971,0.707,0.0071963706130243185,0.0285,0.2745,0.8705526329507276,undefined_present
snap-r6-single-size-acc,acc_band_runs_03,cluster_t_recipe,1.078,"{""noise_sd"": 1.45, ""rho"": 0.018009333333333346, ""runs"": 3, ""sizes"": 1}",4000,20260971,0.69375,0.007288019921418986,0.029,0.289,0.8736407097854392,undefined_present
snap-r6-single-size-acc,acc_band_runs_03,wild_size,1.078,"{""noise_sd"": 1.45, ""rho"": 0.018009333333333346, ""runs"": 3, ""sizes"": 1}",4000,20260971,0.352,0.007551423706825091,0.0305,0.61875,0.8501075832775459,undefined_present
snap-r6-single-size-acc,acc_band_runs_03,cluster_t_size,1.078,"{""noise_sd"": 1.45, ""rho"": 0.018009333333333346, ""runs"": 3, ""sizes"": 1}",4000,20260971,0.4525,0.007869938849825963,0.03025,0.52125,0.8961497284068352,undefined_present
snap-r6-single-size-acc,acc_band_runs_06,wild_recipe,1.078,"{""noise_sd"": 1.45, ""rho"": 0.018009333333333346, ""runs"": 6, ""sizes"": 1}",4000,20260971,0.93725,0.0038344633751021787,0.058,0.01575,0.5692957715443244,undefined_present
snap-r6-single-size-acc,acc_band_runs_06,cluster_t_recipe,1.078,"{""noise_sd"": 1.45, ""rho"": 0.018009333333333346, ""runs"": 6, ""sizes"": 1}",4000,20260971,0.93725,0.0038344633751021787,0.05725,0.01525,0.5702334281768199,undefined_present
snap-r6-single-size-acc,acc_band_runs_06,wild_size,1.078,"{""noise_sd"": 1.45, ""rho"": 0.018009333333333346, ""runs"": 6, ""sizes"": 1}",4000,20260971,0.673,0.007417395095314796,0.04325,0.2855,0.6930659387393491,undefined_present
snap-r6-single-size-acc,acc_band_runs_06,cluster_t_size,1.078,"{""noise_sd"": 1.45, ""rho"": 0.018009333333333346, ""runs"": 6, ""sizes"": 1}",4000,20260971,0.82275,0.006038055098705212,0.05125,0.129,0.6760343283537593,undefined_present
snap-r6-single-size-acc,acc_band_runs_10,wild_recipe,1.078,"{""noise_sd"": 1.45, ""rho"": 0.018009333333333346, ""runs"": 10, ""sizes"": 1}",4000,20260971,0.9465,0.0035580103288214327,0.08125,0.0005,0.41861689221834497,undefined_present
snap-r6-single-size-acc,acc_band_runs_10,cluster_t_recipe,1.078,"{""noise_sd"": 1.45, ""rho"": 0.018009333333333346, ""runs"": 10, ""sizes"": 1}",4000,20260971,0.947,0.003542280338990692,0.08275,0.0005,0.4188124133673306,undefined_present
snap-r6-single-size-acc,acc_band_runs_10,wild_size,1.078,"{""noise_sd"": 1.45, ""rho"": 0.018009333333333346, ""runs"": 10, ""sizes"": 1}",4000,20260971,0.81,0.0062028219384405985,0.059,0.14725,0.574963946158072,undefined_present
snap-r6-single-size-acc,acc_band_runs_10,cluster_t_size,1.078,"{""noise_sd"": 1.45, ""rho"": 0.018009333333333346, ""runs"": 10, ""sizes"": 1}",4000,20260971,0.9295,0.004047522390302493,0.07,0.0195,0.5284363258462743,undefined_present
snap-r6-single-size-acc,acc_band_runs_16,wild_recipe,1.078,"{""noise_sd"": 1.45, ""rho"": 0.018009333333333346, ""runs"": 16, ""sizes"": 1}",4000,20260971,0.945,0.003604684452209376,0.12625,0.0,0.3203381172441804,all_defined
snap-r6-single-size-acc,acc_band_runs_16,cluster_t_recipe,1.078,"{""noise_sd"": 1.45, ""rho"": 0.018009333333333346, ""runs"": 16, ""sizes"": 1}",4000,20260971,0.946,0.0035736535926135893,0.12675,0.0,0.3212501809483011,all_defined
snap-r6-single-size-acc,acc_band_runs_16,wild_size,1.078,"{""noise_sd"": 1.45, ""rho"": 0.018009333333333346, ""runs"": 16, ""sizes"": 1}",4000,20260971,0.90425,0.004652470781745975,0.07725,0.05275,0.4605473819531831,undefined_present
snap-r6-single-size-acc,acc_band_runs_16,cluster_t_size,1.078,"{""noise_sd"": 1.45, ""rho"": 0.018009333333333346, ""runs"": 16, ""sizes"": 1}",4000,20260971,0.944,0.0036353816856005655,0.0935,0.00125,0.40561199263474845,undefined_present
snap-r6-single-size-acc,acc_band_runs_24,wild_recipe,1.078,"{""noise_sd"": 1.45, ""rho"": 0.018009333333333346, ""runs"": 24, ""sizes"": 1}",4000,20260971,0.94275,0.0036732967991982357,0.20525,0.0,0.2580560191840501,all_defined
snap-r6-single-size-acc,acc_band_runs_24,cluster_t_recipe,1.078,"{""noise_sd"": 1.45, ""rho"": 0.018009333333333346, ""runs"": 24, ""sizes"": 1}",4000,20260971,0.94375,0.0036430048551985223,0.20025,0.0,0.2584454853310044,all_defined
snap-r6-single-size-acc,acc_band_runs_24,wild_size,1.078,"{""noise_sd"": 1.45, ""rho"": 0.018009333333333346, ""runs"": 24, ""sizes"": 1}",4000,20260971,0.933,0.003953194910449014,0.11275,0.0225,0.3791141036409395,undefined_present
snap-r6-single-size-acc,acc_band_runs_24,cluster_t_size,1.078,"{""noise_sd"": 1.45, ""rho"": 0.018009333333333346, ""runs"": 24, ""sizes"": 1}",4000,20260971,0.946,0.0035736535926135893,0.14825,0.0,0.3281862164393193,all_defined
snap-r6-single-size-acc,acc_band_runs_40,wild_recipe,1.078,"{""noise_sd"": 1.45, ""rho"": 0.018009333333333346, ""runs"": 40, ""sizes"": 1}",4000,20260971,0.94775,0.0035185201967588594,0.317,0.0,0.19797066186528284,all_defined
snap-r6-single-size-acc,acc_band_runs_40,cluster_t_recipe,1.078,"{""noise_sd"": 1.45, ""rho"": 0.018009333333333346, ""runs"": 40, ""sizes"": 1}",4000,20260971,0.94875,0.0034865254014562986,0.31425,0.0,0.19815463001086714,all_defined
snap-r6-single-size-acc,acc_band_runs_40,wild_size,1.078,"{""noise_sd"": 1.45, ""rho"": 0.018009333333333346, ""runs"": 40, ""sizes"": 1}",4000,20260971,0.95225,0.0033715700163277035,0.1645,0.00475,0.29841241187356293,undefined_present
snap-r6-single-size-acc,acc_band_runs_40,cluster_t_size,1.078,"{""noise_sd"": 1.45, ""rho"": 0.018009333333333346, ""runs"": 40, ""sizes"": 1}",4000,20260971,0.94525,0.0035969583504677936,0.21025,0.0,0.25130780943557457,all_defined
snap-r6-size-count,bands_03,wild_recipe,1.2445882853377657,"{""noise_sd"": 0.73, ""recipes"": 41, ""rho"": 0.061, ""sizes"": 3}",4000,20260977,0.948,0.0035105555115964213,0.97275,0.0,0.2403695128952198,all_defined
snap-r6-size-count,bands_03,cluster_t_recipe,1.2445882853377657,"{""noise_sd"": 0.73, ""recipes"": 41, ""rho"": 0.061, ""sizes"": 3}",4000,20260977,0.94625,0.003565842729986839,0.97275,0.0,0.23943694566494428,all_defined
snap-r6-size-count,bands_03,wild_size,1.2445882853377657,"{""noise_sd"": 0.73, ""recipes"": 41, ""rho"": 0.061, ""sizes"": 3}",4000,20260977,0.8995,0.004753939156110436,0.7215,0.00125,0.2995245552307264,undefined_present
snap-r6-size-count,bands_03,cluster_t_size,1.2445882853377657,"{""noise_sd"": 0.73, ""recipes"": 41, ""rho"": 0.061, ""sizes"": 3}",4000,20260977,0.943,0.003665753674212168,0.5065,0.004,0.4433588482106602,undefined_present
snap-r6-size-count,bands_05,wild_recipe,1.2445882853377657,"{""noise_sd"": 0.73, ""recipes"": 25, ""rho"": 0.061, ""sizes"": 5}",4000,20260977,0.93775,0.0038201746524210126,0.9635,0.0,0.24064020921792095,all_defined
snap-r6-size-count,bands_05,cluster_t_recipe,1.2445882853377657,"{""noise_sd"": 0.73, ""recipes"": 25, ""rho"": 0.061, ""sizes"": 5}",4000,20260977,0.9375,0.0038273277230987156,0.96325,0.0,0.24021405922401584,all_defined
snap-r6-size-count,bands_05,wild_size,1.2445882853377657,"{""noise_sd"": 0.73, ""recipes"": 25, ""rho"": 0.061, ""sizes"": 5}",4000,20260977,0.944,0.0036353816856005655,0.61275,0.0075,0.36076834586534445,undefined_present
snap-r6-size-count,bands_05,cluster_t_size,1.2445882853377657,"{""noise_sd"": 0.73, ""recipes"": 25, ""rho"": 0.061, ""sizes"": 5}",4000,20260977,0.93875,0.003791386207576327,0.79625,0.0,0.30521977789820387,all_defined
snap-r6-size-count,bands_08,wild_recipe,1.2445882853377657,"{""noise_sd"": 0.73, ""recipes"": 16, ""rho"": 0.061, ""sizes"": 8}",4000,20260977,0.94225,0.003688324060464318,0.963,0.0,0.24464639291838708,all_defined
snap-r6-size-count,bands_08,cluster_t_recipe,1.2445882853377657,"{""noise_sd"": 0.73, ""recipes"": 16, ""rho"": 0.061, ""sizes"": 8}",4000,20260977,0.94375,0.0036430048551985223,0.96325,0.0,0.24385571320388466,all_defined
snap-r6-size-count,bands_08,wild_size,1.2445882853377657,"{""noise_sd"": 0.73, ""recipes"": 16, ""rho"": 0.061, ""sizes"": 8}",4000,20260977,0.943,0.003665753674212168,0.9105,0.0,0.26896735017461754,all_defined
snap-r6-size-count,bands_08,cluster_t_size,1.2445882853377657,"{""noise_sd"": 0.73, ""recipes"": 16, ""rho"": 0.061, ""sizes"": 8}",4000,20260977,0.945,0.003604684452209376,0.924,0.0,0.2666536152417055,all_defined
snap-r6-size-count,bands_12,wild_recipe,1.2445882853377657,"{""noise_sd"": 0.73, ""recipes"": 10, ""rho"": 0.061, ""sizes"": 12}",4000,20260977,0.948,0.0035105555115964213,0.92225,0.0,0.26640128223177995,all_defined
snap-r6-size-count,bands_12,cluster_t_recipe,1.2445882853377657,"{""noise_sd"": 0.73, ""recipes"": 10, ""rho"": 0.061, ""sizes"": 12}",4000,20260977,0.947,0.003542280338990692,0.92775,0.0,0.26398943340758596,all_defined
snap-r6-size-count,bands_12,wild_size,1.2445882853377657,"{""noise_sd"": 0.73, ""recipes"": 10, ""rho"": 0.061, ""sizes"": 12}",4000,20260977,0.94725,0.0035343824602043273,0.931,0.0,0.25965739132439036,all_defined
snap-r6-size-count,bands_12,cluster_t_size,1.2445882853377657,"{""noise_sd"": 0.73, ""recipes"": 10, ""rho"": 0.061, ""sizes"": 12}",4000,20260977,0.94675,0.0035501562465615516,0.93175,0.0,0.258750247311604,all_defined
snap-r6-size-shared,size_shared_0.00,wild_recipe,1.2445882853377657,{},2000,20260929,0.9445,0.005119558086397692,,0.0,0.24242519432627008,all_defined
snap-r6-size-shared,size_shared_0.00,wild_size,1.2445882853377657,{},2000,20260929,0.9525,0.00475624589355933,,0.0055,0.36164434282511526,undefined_present
snap-r6-size-shared,size_shared_0.00,cluster_t_recipe,1.2445882853377657,{},2000,20260929,0.946,0.005053909377897473,,0.0,0.24162362557818506,all_defined
snap-r6-size-shared,size_shared_0.00,cluster_t_size,1.2445882853377657,{},2000,20260929,0.949,0.004919298730510276,,0.0,0.3038394523073841,all_defined
snap-r6-size-shared,size_shared_0.25,wild_recipe,1.2445882853377657,{},2000,20260929,0.8095,0.008780938161722813,,0.0,0.2364419468810014,all_defined
snap-r6-size-shared,size_shared_0.25,wild_size,1.2445882853377657,{},2000,20260929,0.912,0.0063346665263453285,,0.034,0.4767457629707341,undefined_present
snap-r6-size-shared,size_shared_0.25,cluster_t_recipe,1.2445882853377657,{},2000,20260929,0.808,0.008807269724494646,,0.0,0.23565941841711147,all_defined
snap-r6-size-shared,size_shared_0.25,cluster_t_size,1.2445882853377657,{},2000,20260929,0.937,0.00543281694887652,,0.0005,0.40807232803828675,undefined_present
snap-r6-size-shared,size_shared_0.50,wild_recipe,1.2445882853377657,{},2000,20260929,0.5785,0.01104168805029376,,0.0,0.21887542104347302,all_defined
snap-r6-size-shared,size_shared_0.50,wild_size,1.2445882853377657,{},2000,20260929,0.756,0.009603749267864087,,0.1775,0.6980954303723619,undefined_present
snap-r6-size-shared,size_shared_0.50,cluster_t_recipe,1.2445882853377657,{},2000,20260929,0.5785,0.01104168805029376,,0.0,0.21827831357979044,all_defined
snap-r6-size-shared,size_shared_0.50,cluster_t_size,1.2445882853377657,{},2000,20260929,0.904,0.006587260432076448,,0.015,0.6297475513592732,undefined_present
snap-r6-size-shared,size_shared_0.75,wild_recipe,1.2445882853377657,{},2000,20260929,0.3475,0.010647622974166581,,0.0,0.18884561292224689,all_defined
snap-r6-size-shared,size_shared_0.75,wild_size,1.2445882853377657,{},2000,20260929,0.5115,0.01117738229640554,,0.4165,0.8696769470980691,undefined_present
snap-r6-size-shared,size_shared_0.75,cluster_t_recipe,1.2445882853377657,{},2000,20260929,0.3465,0.010640435846336371,,0.0,0.18896915643522372,all_defined
snap-r6-size-shared,size_shared_0.75,cluster_t_size,1.2445882853377657,{},2000,20260929,0.7575,0.00958367753005077,,0.1445,0.8663013078458451,undefined_present
snap-r6-size-shared-b,size_shared_0.00,wild_recipe,1.2445882853377657,{},10000,20260952,0.9431,0.002316514407466527,,0.0,0.2419638589280645,all_defined
snap-r6-size-shared-b,size_shared_0.00,wild_size,1.2445882853377657,{},10000,20260952,0.9504,0.0021711711125565387,,0.0091,0.35801761709745206,undefined_present
snap-r6-size-shared-b,size_shared_0.00,cluster_t_recipe,1.2445882853377657,{},10000,20260952,0.9428,0.002322243742590343,,0.0,0.24148158299328748,all_defined
snap-r6-size-shared-b,size_shared_0.00,cluster_t_size,1.2445882853377657,{},10000,20260952,0.9432,0.0023146006134968505,,0.0,0.30431406539991507,all_defined
snap-r6-size-shared-b,size_shared_0.25,wild_recipe,1.2445882853377657,{},10000,20260952,0.8227,0.0038192238740351425,,0.0,0.2365807755751982,all_defined
snap-r6-size-shared-b,size_shared_0.25,wild_size,1.2445882853377657,{},10000,20260952,0.9185,0.002736014437096413,,0.0305,0.477962094008056,undefined_present
snap-r6-size-shared-b,size_shared_0.25,cluster_t_recipe,1.2445882853377657,{},10000,20260952,0.8236,0.003811601238324912,,0.0,0.23591137367603654,all_defined
snap-r6-size-shared-b,size_shared_0.25,cluster_t_size,1.2445882853377657,{},10000,20260952,0.9344,0.0024758158251372412,,0.0002,0.40624782601940385,undefined_present
snap-r6-size-shared-b,size_shared_0.50,wild_recipe,1.2445882853377657,{},10000,20260952,0.5805,0.004934772031208737,,0.0,0.21880554241546102,all_defined
snap-r6-size-shared-b,size_shared_0.50,wild_size,1.2445882853377657,{},10000,20260952,0.7628,0.004253659130677962,,0.1668,0.6975991415105012,undefined_present
snap-r6-size-shared-b,size_shared_0.50,cluster_t_recipe,1.2445882853377657,{},10000,20260952,0.5777,0.004939258142676894,,0.0,0.2185314886659132,all_defined
snap-r6-size-shared-b,size_shared_0.50,cluster_t_size,1.2445882853377657,{},10000,20260952,0.8972,0.00303697481056396,,0.014,0.6214629931334669,undefined_present
snap-r6-size-shared-low,size_shared_0.02,wild_recipe,1.2445882853377657,{},4000,20260933,0.9455,0.0035892112643309253,,0.0,0.24209459552812895,all_defined
snap-r6-size-shared-low,size_shared_0.02,wild_size,1.2445882853377657,{},4000,20260933,0.95275,0.0033547517605629186,,0.0075,0.36460934967393205,undefined_present
snap-r6-size-shared-low,size_shared_0.02,cluster_t_recipe,1.2445882853377657,{},4000,20260933,0.9445,0.0036200742395702326,,0.0,0.24142088243785775,all_defined
snap-r6-size-shared-low,size_shared_0.02,cluster_t_size,1.2445882853377657,{},4000,20260933,0.9455,0.0035892112643309253,,0.0,0.3037435822468142,all_defined
snap-r6-size-shared-low,size_shared_0.05,wild_recipe,1.2445882853377657,{},4000,20260933,0.9405,0.0037403124869454423,,0.0,0.23976454612359532,all_defined
snap-r6-size-shared-low,size_shared_0.05,wild_size,1.2445882853377657,{},4000,20260933,0.951,0.003413173010557773,,0.0095,0.36284167909435033,undefined_present
snap-r6-size-shared-low,size_shared_0.05,cluster_t_recipe,1.2445882853377657,{},4000,20260933,0.9395,0.003769607075014583,,0.0,0.2389854198343736,all_defined
snap-r6-size-shared-low,size_shared_0.05,cluster_t_size,1.2445882853377657,{},4000,20260933,0.945,0.003604684452209376,,0.0,0.30647271596428705,all_defined
snap-r6-size-shared-low,size_shared_0.10,wild_recipe,1.2445882853377657,{},4000,20260933,0.9285,0.0040739339096259285,,0.0,0.24071429950439338,all_defined
snap-r6-size-shared-low,size_shared_0.10,wild_size,1.2445882853377657,{},4000,20260933,0.94325,0.003658190724251538,,0.01375,0.3828183090474533,undefined_present
snap-r6-size-shared-low,size_shared_0.10,cluster_t_recipe,1.2445882853377657,{},4000,20260933,0.929,0.004060757318530619,,0.0,0.24023250177774058,all_defined
snap-r6-size-shared-low,size_shared_0.10,cluster_t_size,1.2445882853377657,{},4000,20260933,0.946,0.0035736535926135893,,0.0,0.31959958267797417,all_defined
snap-r6-structured-precise,flat_compound_symmetry,wild_recipe,1.2445882853377654,"{""noise_sd"": 0.73, ""truth_matrix"": [[0.9999999999999999, 0.06100000000000005, 0.060999999999999936, 0.06099999999999998, 0.06099999999999998, 0.06099999999999999, 0.06099999999999998, 0.06099999999999998, 0.06099999999999998, 0.06099999999999998], [0.06100000000000005, 1.0000000000000002, 0.061000000000000006, 0.0609999999999996, 0.06099999999999991, 0.06099999999999985, 0.06099999999999974, 0.06099999999999988, 0.06099999999999987, 0.0609999999999998], [0.061000000000000006, 0.06099999999999999, 1.0000000000000004, 0.060999999999999756, 0.06099999999999985, 0.06100000000000013, 0.060999999999999756, 0.06099999999999985, 0.06099999999999985, 0.06099999999999991], [0.060999999999999985, 0.060999999999999596, 0.060999999999999735, 1.0000000000000002, 0.06099999999999994, 0.060999999999999915, 0.060999999999999915, 0.060999999999999874, 0.061, 0.06099999999999997], [0.060999999999999985, 0.060999999999999915, 0.06099999999999982, 0.06099999999999993, 0.9999999999999994, 0.060999999999999985, 0.06100000000000007, 0.0609999999999999, 0.06099999999999996, 0.06099999999999993], [0.06100000000000005, 0.06099999999999985, 0.06100000000000013, 0.06099999999999991, 0.06099999999999999, 1.0, 0.06099999999999988, 0.060999999999999936, 0.06099999999999995, 0.06099999999999991], [0.060999999999999985, 0.06099999999999972, 0.06099999999999976, 0.0609999999999999, 0.06100000000000007, 0.06099999999999986, 0.9999999999999997, 0.061000000000000096, 0.06099999999999979, 0.0609999999999999], [0.060999999999999985, 0.060999999999999874, 0.06099999999999983, 0.060999999999999874, 0.060999999999999915, 0.0609999999999999, 0.06099999999999997, 0.9999999999999998, 0.06099999999999993, 0.06099999999999989], [0.060999999999999985, 0.060999999999999874, 0.060999999999999846, 0.061, 0.06099999999999996, 0.0609999999999999, 0.060999999999999846, 0.06099999999999996, 0.9999999999999997, 0.060999999999999804], [0.060999999999999985, 0.06099999999999982, 0.06099999999999989, 0.06099999999999997, 0.06099999999999993, 0.060999999999999915, 0.06099999999999996, 0.0609999999999999, 0.06099999999999978, 1.0]]}",12000,20260982,0.9470833333333334,0.0020436179734226972,0.9715,0.0,0.24157016112759422,all_defined
snap-r6-structured-precise,flat_compound_symmetry,cluster_t_recipe,1.2445882853377654,"{""noise_sd"": 0.73, ""truth_matrix"": [[0.9999999999999999, 0.06100000000000005, 0.060999999999999936, 0.06099999999999998, 0.06099999999999998, 0.06099999999999999, 0.06099999999999998, 0.06099999999999998, 0.06099999999999998, 0.06099999999999998], [0.06100000000000005, 1.0000000000000002, 0.061000000000000006, 0.0609999999999996, 0.06099999999999991, 0.06099999999999985, 0.06099999999999974, 0.06099999999999988, 0.06099999999999987, 0.0609999999999998], [0.061000000000000006, 0.06099999999999999, 1.0000000000000004, 0.060999999999999756, 0.06099999999999985, 0.06100000000000013, 0.060999999999999756, 0.06099999999999985, 0.06099999999999985, 0.06099999999999991], [0.060999999999999985, 0.060999999999999596, 0.060999999999999735, 1.0000000000000002, 0.06099999999999994, 0.060999999999999915, 0.060999999999999915, 0.060999999999999874, 0.061, 0.06099999999999997], [0.060999999999999985, 0.060999999999999915, 0.06099999999999982, 0.06099999999999993, 0.9999999999999994, 0.060999999999999985, 0.06100000000000007, 0.0609999999999999, 0.06099999999999996, 0.06099999999999993], [0.06100000000000005, 0.06099999999999985, 0.06100000000000013, 0.06099999999999991, 0.06099999999999999, 1.0, 0.06099999999999988, 0.060999999999999936, 0.06099999999999995, 0.06099999999999991], [0.060999999999999985, 0.06099999999999972, 0.06099999999999976, 0.0609999999999999, 0.06100000000000007, 0.06099999999999986, 0.9999999999999997, 0.061000000000000096, 0.06099999999999979, 0.0609999999999999], [0.060999999999999985, 0.060999999999999874, 0.06099999999999983, 0.060999999999999874, 0.060999999999999915, 0.0609999999999999, 0.06099999999999997, 0.9999999999999998, 0.06099999999999993, 0.06099999999999989], [0.060999999999999985, 0.060999999999999874, 0.060999999999999846, 0.061, 0.06099999999999996, 0.0609999999999999, 0.060999999999999846, 0.06099999999999996, 0.9999999999999997, 0.060999999999999804], [0.060999999999999985, 0.06099999999999982, 0.06099999999999989, 0.06099999999999997, 0.06099999999999993, 0.060999999999999915, 0.06099999999999996, 0.0609999999999999, 0.06099999999999978, 1.0]]}",12000,20260982,0.94725,0.00204057666481806,0.9706666666666667,0.0,0.24079908703530473,all_defined
snap-r6-structured-precise,flat_compound_symmetry,wild_size,1.2445882853377654,"{""noise_sd"": 0.73, ""truth_matrix"": [[0.9999999999999999, 0.06100000000000005, 0.060999999999999936, 0.06099999999999998, 0.06099999999999998, 0.06099999999999999, 0.06099999999999998, 0.06099999999999998, 0.06099999999999998, 0.06099999999999998], [0.06100000000000005, 1.0000000000000002, 0.061000000000000006, 0.0609999999999996, 0.06099999999999991, 0.06099999999999985, 0.06099999999999974, 0.06099999999999988, 0.06099999999999987, 0.0609999999999998], [0.061000000000000006, 0.06099999999999999, 1.0000000000000004, 0.060999999999999756, 0.06099999999999985, 0.06100000000000013, 0.060999999999999756, 0.06099999999999985, 0.06099999999999985, 0.06099999999999991], [0.060999999999999985, 0.060999999999999596, 0.060999999999999735, 1.0000000000000002, 0.06099999999999994, 0.060999999999999915, 0.060999999999999915, 0.060999999999999874, 0.061, 0.06099999999999997], [0.060999999999999985, 0.060999999999999915, 0.06099999999999982, 0.06099999999999993, 0.9999999999999994, 0.060999999999999985, 0.06100000000000007, 0.0609999999999999, 0.06099999999999996, 0.06099999999999993], [0.06100000000000005, 0.06099999999999985, 0.06100000000000013, 0.06099999999999991, 0.06099999999999999, 1.0, 0.06099999999999988, 0.060999999999999936, 0.06099999999999995, 0.06099999999999991], [0.060999999999999985, 0.06099999999999972, 0.06099999999999976, 0.0609999999999999, 0.06100000000000007, 0.06099999999999986, 0.9999999999999997, 0.061000000000000096, 0.06099999999999979, 0.0609999999999999], [0.060999999999999985, 0.060999999999999874, 0.06099999999999983, 0.060999999999999874, 0.060999999999999915, 0.0609999999999999, 0.06099999999999997, 0.9999999999999998, 0.06099999999999993, 0.06099999999999989], [0.060999999999999985, 0.060999999999999874, 0.060999999999999846, 0.061, 0.06099999999999996, 0.0609999999999999, 0.060999999999999846, 0.06099999999999996, 0.9999999999999997, 0.060999999999999804], [0.060999999999999985, 0.06099999999999982, 0.06099999999999989, 0.06099999999999997, 0.06099999999999993, 0.060999999999999915, 0.06099999999999996, 0.0609999999999999, 0.06099999999999978, 1.0]]}",12000,20260982,0.9515,0.0019610318287405057,0.6303333333333333,0.008166666666666666,0.3584386937404601,undefined_present
snap-r6-structured-precise,flat_compound_symmetry,cluster_t_size,1.2445882853377654,"{""noise_sd"": 0.73, ""truth_matrix"": [[0.9999999999999999, 0.06100000000000005, 0.060999999999999936, 0.06099999999999998, 0.06099999999999998, 0.06099999999999999, 0.06099999999999998, 0.06099999999999998, 0.06099999999999998, 0.06099999999999998], [0.06100000000000005, 1.0000000000000002, 0.061000000000000006, 0.0609999999999996, 0.06099999999999991, 0.06099999999999985, 0.06099999999999974, 0.06099999999999988, 0.06099999999999987, 0.0609999999999998], [0.061000000000000006, 0.06099999999999999, 1.0000000000000004, 0.060999999999999756, 0.06099999999999985, 0.06100000000000013, 0.060999999999999756, 0.06099999999999985, 0.06099999999999985, 0.06099999999999991], [0.060999999999999985, 0.060999999999999596, 0.060999999999999735, 1.0000000000000002, 0.06099999999999994, 0.060999999999999915, 0.060999999999999915, 0.060999999999999874, 0.061, 0.06099999999999997], [0.060999999999999985, 0.060999999999999915, 0.06099999999999982, 0.06099999999999993, 0.9999999999999994, 0.060999999999999985, 0.06100000000000007, 0.0609999999999999, 0.06099999999999996, 0.06099999999999993], [0.06100000000000005, 0.06099999999999985, 0.06100000000000013, 0.06099999999999991, 0.06099999999999999, 1.0, 0.06099999999999988, 0.060999999999999936, 0.06099999999999995, 0.06099999999999991], [0.060999999999999985, 0.06099999999999972, 0.06099999999999976, 0.0609999999999999, 0.06100000000000007, 0.06099999999999986, 0.9999999999999997, 0.061000000000000096, 0.06099999999999979, 0.0609999999999999], [0.060999999999999985, 0.060999999999999874, 0.06099999999999983, 0.060999999999999874, 0.060999999999999915, 0.0609999999999999, 0.06099999999999997, 0.9999999999999998, 0.06099999999999993, 0.06099999999999989], [0.060999999999999985, 0.060999999999999874, 0.060999999999999846, 0.061, 0.06099999999999996, 0.0609999999999999, 0.060999999999999846, 0.06099999999999996, 0.9999999999999997, 0.060999999999999804], [0.060999999999999985, 0.06099999999999982, 0.06099999999999989, 0.06099999999999997, 0.06099999999999993, 0.060999999999999915, 0.06099999999999996, 0.0609999999999999, 0.06099999999999978, 1.0]]}",12000,20260982,0.9501666666666667,0.00198641159343136,0.8113333333333334,0.0,0.30261789917201787,all_defined
snap-r6-structured-precise,dominant_benchmark,wild_recipe,1.151907232150693,"{""noise_sd"": 0.73, ""truth_matrix"": [[6.800000000000001, 0.09485015082281693, 0.09485015082281689, 0.09485015082281689, 0.0948501508228169, 0.09485015082281689, 0.0948501508228169, 0.0948501508228169, 0.0948501508228169, 0.09485015082281689], [0.09485015082281693, 0.35555555555555524, 0.021688888888888747, 0.02168888888888872, 0.02168888888888886, 0.02168888888888881, 0.02168888888888886, 0.021688888888888893, 0.021688888888888844, 0.02168888888888879], [0.09485015082281689, 0.02168888888888874, 0.3555555555555556, 0.02168888888888877, 0.02168888888888885, 0.021688888888888834, 0.021688888888888955, 0.021688888888888928, 0.021688888888888855, 0.021688888888888896], [0.09485015082281689, 0.021688888888888713, 0.02168888888888877, 0.35555555555555524, 0.02168888888888901, 0.021688888888888848, 0.021688888888888907, 0.021688888888888955, 0.021688888888888952, 0.021688888888888924], [0.0948501508228169, 0.021688888888888865, 0.02168888888888886, 0.021688888888889025, 0.3555555555555553, 0.02168888888888894, 0.021688888888889018, 0.021688888888888872, 0.021688888888888817, 0.021688888888888824], [0.09485015082281689, 0.021688888888888824, 0.02168888888888884, 0.021688888888888848, 0.02168888888888897, 0.35555555555555557, 0.021688888888888726, 0.02168888888888886, 0.02168888888888903, 0.02168888888888891], [0.0948501508228169, 0.021688888888888872, 0.02168888888888894, 0.0216888888888889, 0.021688888888889018, 0.02168888888888872, 0.3555555555555552, 0.02168888888888895, 0.021688888888888962, 0.021688888888888893], [0.0948501508228169, 0.021688888888888893, 0.021688888888888928, 0.021688888888888955, 0.02168888888888888, 0.02168888888888885, 0.02168888888888895, 0.3555555555555554, 0.021688888888888872, 0.021688888888888886], [0.0948501508228169, 0.021688888888888844, 0.021688888888888872, 0.021688888888888955, 0.021688888888888824, 0.021688888888889018, 0.021688888888888962, 0.021688888888888872, 0.3555555555555554, 0.021688888888888837], [0.09485015082281689, 0.02168888888888879, 0.021688888888888883, 0.02168888888888893, 0.021688888888888817, 0.021688888888888903, 0.0216888888888889, 0.02168888888888888, 0.021688888888888834, 0.3555555555555555]]}",12000,20260982,0.9429166666666666,0.0021178768139516703,0.7868333333333334,0.0,0.20601917748919152,all_defined
snap-r6-structured-precise,dominant_benchmark,cluster_t_recipe,1.151907232150693,"{""noise_sd"": 0.73, ""truth_matrix"": [[6.800000000000001, 0.09485015082281693, 0.09485015082281689, 0.09485015082281689, 0.0948501508228169, 0.09485015082281689, 0.0948501508228169, 0.0948501508228169, 0.0948501508228169, 0.09485015082281689], [0.09485015082281693, 0.35555555555555524, 0.021688888888888747, 0.02168888888888872, 0.02168888888888886, 0.02168888888888881, 0.02168888888888886, 0.021688888888888893, 0.021688888888888844, 0.02168888888888879], [0.09485015082281689, 0.02168888888888874, 0.3555555555555556, 0.02168888888888877, 0.02168888888888885, 0.021688888888888834, 0.021688888888888955, 0.021688888888888928, 0.021688888888888855, 0.021688888888888896], [0.09485015082281689, 0.021688888888888713, 0.02168888888888877, 0.35555555555555524, 0.02168888888888901, 0.021688888888888848, 0.021688888888888907, 0.021688888888888955, 0.021688888888888952, 0.021688888888888924], [0.0948501508228169, 0.021688888888888865, 0.02168888888888886, 0.021688888888889025, 0.3555555555555553, 0.02168888888888894, 0.021688888888889018, 0.021688888888888872, 0.021688888888888817, 0.021688888888888824], [0.09485015082281689, 0.021688888888888824, 0.02168888888888884, 0.021688888888888848, 0.02168888888888897, 0.35555555555555557, 0.021688888888888726, 0.02168888888888886, 0.02168888888888903, 0.02168888888888891], [0.0948501508228169, 0.021688888888888872, 0.02168888888888894, 0.0216888888888889, 0.021688888888889018, 0.02168888888888872, 0.3555555555555552, 0.02168888888888895, 0.021688888888888962, 0.021688888888888893], [0.0948501508228169, 0.021688888888888893, 0.021688888888888928, 0.021688888888888955, 0.02168888888888888, 0.02168888888888885, 0.02168888888888895, 0.3555555555555554, 0.021688888888888872, 0.021688888888888886], [0.0948501508228169, 0.021688888888888844, 0.021688888888888872, 0.021688888888888955, 0.021688888888888824, 0.021688888888889018, 0.021688888888888962, 0.021688888888888872, 0.3555555555555554, 0.021688888888888837], [0.09485015082281689, 0.02168888888888879, 0.021688888888888883, 0.02168888888888893, 0.021688888888888817, 0.021688888888888903, 0.0216888888888889, 0.02168888888888888, 0.021688888888888834, 0.3555555555555555]]}",12000,20260982,0.9416666666666667,0.0021395201088786936,0.793,0.0,0.20500476612847507,all_defined
snap-r6-structured-precise,dominant_benchmark,wild_size,1.151907232150693,"{""noise_sd"": 0.73, ""truth_matrix"": [[6.800000000000001, 0.09485015082281693, 0.09485015082281689, 0.09485015082281689, 0.0948501508228169, 0.09485015082281689, 0.0948501508228169, 0.0948501508228169, 0.0948501508228169, 0.09485015082281689], [0.09485015082281693, 0.35555555555555524, 0.021688888888888747, 0.02168888888888872, 0.02168888888888886, 0.02168888888888881, 0.02168888888888886, 0.021688888888888893, 0.021688888888888844, 0.02168888888888879], [0.09485015082281689, 0.02168888888888874, 0.3555555555555556, 0.02168888888888877, 0.02168888888888885, 0.021688888888888834, 0.021688888888888955, 0.021688888888888928, 0.021688888888888855, 0.021688888888888896], [0.09485015082281689, 0.021688888888888713, 0.02168888888888877, 0.35555555555555524, 0.02168888888888901, 0.021688888888888848, 0.021688888888888907, 0.021688888888888955, 0.021688888888888952, 0.021688888888888924], [0.0948501508228169, 0.021688888888888865, 0.02168888888888886, 0.021688888888889025, 0.3555555555555553, 0.02168888888888894, 0.021688888888889018, 0.021688888888888872, 0.021688888888888817, 0.021688888888888824], [0.09485015082281689, 0.021688888888888824, 0.02168888888888884, 0.021688888888888848, 0.02168888888888897, 0.35555555555555557, 0.021688888888888726, 0.02168888888888886, 0.02168888888888903, 0.02168888888888891], [0.0948501508228169, 0.021688888888888872, 0.02168888888888894, 0.0216888888888889, 0.021688888888889018, 0.02168888888888872, 0.3555555555555552, 0.02168888888888895, 0.021688888888888962, 0.021688888888888893], [0.0948501508228169, 0.021688888888888893, 0.021688888888888928, 0.021688888888888955, 0.02168888888888888, 0.02168888888888885, 0.02168888888888895, 0.3555555555555554, 0.021688888888888872, 0.021688888888888886], [0.0948501508228169, 0.021688888888888844, 0.021688888888888872, 0.021688888888888955, 0.021688888888888824, 0.021688888888889018, 0.021688888888888962, 0.021688888888888872, 0.3555555555555554, 0.021688888888888837], [0.09485015082281689, 0.02168888888888879, 0.021688888888888883, 0.02168888888888893, 0.021688888888888817, 0.021688888888888903, 0.0216888888888889, 0.02168888888888888, 0.021688888888888834, 0.3555555555555555]]}",12000,20260982,0.9528333333333333,0.0019352427113547936,0.42633333333333334,0.007416666666666667,0.30261116553125056,undefined_present
snap-r6-structured-precise,dominant_benchmark,cluster_t_size,1.151907232150693,"{""noise_sd"": 0.73, ""truth_matrix"": [[6.800000000000001, 0.09485015082281693, 0.09485015082281689, 0.09485015082281689, 0.0948501508228169, 0.09485015082281689, 0.0948501508228169, 0.0948501508228169, 0.0948501508228169, 0.09485015082281689], [0.09485015082281693, 0.35555555555555524, 0.021688888888888747, 0.02168888888888872, 0.02168888888888886, 0.02168888888888881, 0.02168888888888886, 0.021688888888888893, 0.021688888888888844, 0.02168888888888879], [0.09485015082281689, 0.02168888888888874, 0.3555555555555556, 0.02168888888888877, 0.02168888888888885, 0.021688888888888834, 0.021688888888888955, 0.021688888888888928, 0.021688888888888855, 0.021688888888888896], [0.09485015082281689, 0.021688888888888713, 0.02168888888888877, 0.35555555555555524, 0.02168888888888901, 0.021688888888888848, 0.021688888888888907, 0.021688888888888955, 0.021688888888888952, 0.021688888888888924], [0.0948501508228169, 0.021688888888888865, 0.02168888888888886, 0.021688888888889025, 0.3555555555555553, 0.02168888888888894, 0.021688888888889018, 0.021688888888888872, 0.021688888888888817, 0.021688888888888824], [0.09485015082281689, 0.021688888888888824, 0.02168888888888884, 0.021688888888888848, 0.02168888888888897, 0.35555555555555557, 0.021688888888888726, 0.02168888888888886, 0.02168888888888903, 0.02168888888888891], [0.0948501508228169, 0.021688888888888872, 0.02168888888888894, 0.0216888888888889, 0.021688888888889018, 0.02168888888888872, 0.3555555555555552, 0.02168888888888895, 0.021688888888888962, 0.021688888888888893], [0.0948501508228169, 0.021688888888888893, 0.021688888888888928, 0.021688888888888955, 0.02168888888888888, 0.02168888888888885, 0.02168888888888895, 0.3555555555555554, 0.021688888888888872, 0.021688888888888886], [0.0948501508228169, 0.021688888888888844, 0.021688888888888872, 0.021688888888888955, 0.021688888888888824, 0.021688888888889018, 0.021688888888888962, 0.021688888888888872, 0.3555555555555554, 0.021688888888888837], [0.09485015082281689, 0.02168888888888879, 0.021688888888888883, 0.02168888888888893, 0.021688888888888817, 0.021688888888888903, 0.0216888888888889, 0.02168888888888888, 0.021688888888888834, 0.3555555555555555]]}",12000,20260982,0.9465833333333333,0.0020527080972236184,0.5609166666666666,0.0,0.258319576546529,all_defined
snap-r6-structured-truth,flat_compound_symmetry,wild_recipe,1.2445882853377654,"{""noise_sd"": 0.73, ""truth_matrix"": [[0.9999999999999999, 0.06100000000000005, 0.060999999999999936, 0.06099999999999998, 0.06099999999999998, 0.06099999999999999, 0.06099999999999998, 0.06099999999999998, 0.06099999999999998, 0.06099999999999998], [0.06100000000000005, 1.0000000000000002, 0.061000000000000006, 0.0609999999999996, 0.06099999999999991, 0.06099999999999985, 0.06099999999999974, 0.06099999999999988, 0.06099999999999987, 0.0609999999999998], [0.061000000000000006, 0.06099999999999999, 1.0000000000000004, 0.060999999999999756, 0.06099999999999985, 0.06100000000000013, 0.060999999999999756, 0.06099999999999985, 0.06099999999999985, 0.06099999999999991], [0.060999999999999985, 0.060999999999999596, 0.060999999999999735, 1.0000000000000002, 0.06099999999999994, 0.060999999999999915, 0.060999999999999915, 0.060999999999999874, 0.061, 0.06099999999999997], [0.060999999999999985, 0.060999999999999915, 0.06099999999999982, 0.06099999999999993, 0.9999999999999994, 0.060999999999999985, 0.06100000000000007, 0.0609999999999999, 0.06099999999999996, 0.06099999999999993], [0.06100000000000005, 0.06099999999999985, 0.06100000000000013, 0.06099999999999991, 0.06099999999999999, 1.0, 0.06099999999999988, 0.060999999999999936, 0.06099999999999995, 0.06099999999999991], [0.060999999999999985, 0.06099999999999972, 0.06099999999999976, 0.0609999999999999, 0.06100000000000007, 0.06099999999999986, 0.9999999999999997, 0.061000000000000096, 0.06099999999999979, 0.0609999999999999], [0.060999999999999985, 0.060999999999999874, 0.06099999999999983, 0.060999999999999874, 0.060999999999999915, 0.0609999999999999, 0.06099999999999997, 0.9999999999999998, 0.06099999999999993, 0.06099999999999989], [0.060999999999999985, 0.060999999999999874, 0.060999999999999846, 0.061, 0.06099999999999996, 0.0609999999999999, 0.060999999999999846, 0.06099999999999996, 0.9999999999999997, 0.060999999999999804], [0.060999999999999985, 0.06099999999999982, 0.06099999999999989, 0.06099999999999997, 0.06099999999999993, 0.060999999999999915, 0.06099999999999996, 0.0609999999999999, 0.06099999999999978, 1.0]]}",4000,20260968,0.93575,0.003876916864597435,0.96475,0.0,0.24072655194897918,all_defined
snap-r6-structured-truth,flat_compound_symmetry,cluster_t_recipe,1.2445882853377654,"{""noise_sd"": 0.73, ""truth_matrix"": [[0.9999999999999999, 0.06100000000000005, 0.060999999999999936, 0.06099999999999998, 0.06099999999999998, 0.06099999999999999, 0.06099999999999998, 0.06099999999999998, 0.06099999999999998, 0.06099999999999998], [0.06100000000000005, 1.0000000000000002, 0.061000000000000006, 0.0609999999999996, 0.06099999999999991, 0.06099999999999985, 0.06099999999999974, 0.06099999999999988, 0.06099999999999987, 0.0609999999999998], [0.061000000000000006, 0.06099999999999999, 1.0000000000000004, 0.060999999999999756, 0.06099999999999985, 0.06100000000000013, 0.060999999999999756, 0.06099999999999985, 0.06099999999999985, 0.06099999999999991], [0.060999999999999985, 0.060999999999999596, 0.060999999999999735, 1.0000000000000002, 0.06099999999999994, 0.060999999999999915, 0.060999999999999915, 0.060999999999999874, 0.061, 0.06099999999999997], [0.060999999999999985, 0.060999999999999915, 0.06099999999999982, 0.06099999999999993, 0.9999999999999994, 0.060999999999999985, 0.06100000000000007, 0.0609999999999999, 0.06099999999999996, 0.06099999999999993], [0.06100000000000005, 0.06099999999999985, 0.06100000000000013, 0.06099999999999991, 0.06099999999999999, 1.0, 0.06099999999999988, 0.060999999999999936, 0.06099999999999995, 0.06099999999999991], [0.060999999999999985, 0.06099999999999972, 0.06099999999999976, 0.0609999999999999, 0.06100000000000007, 0.06099999999999986, 0.9999999999999997, 0.061000000000000096, 0.06099999999999979, 0.0609999999999999], [0.060999999999999985, 0.060999999999999874, 0.06099999999999983, 0.060999999999999874, 0.060999999999999915, 0.0609999999999999, 0.06099999999999997, 0.9999999999999998, 0.06099999999999993, 0.06099999999999989], [0.060999999999999985, 0.060999999999999874, 0.060999999999999846, 0.061, 0.06099999999999996, 0.0609999999999999, 0.060999999999999846, 0.06099999999999996, 0.9999999999999997, 0.060999999999999804], [0.060999999999999985, 0.06099999999999982, 0.06099999999999989, 0.06099999999999997, 0.06099999999999993, 0.060999999999999915, 0.06099999999999996, 0.0609999999999999, 0.06099999999999978, 1.0]]}",4000,20260968,0.936,0.0038698837191833025,0.96475,0.0,0.24031719771884963,all_defined
snap-r6-structured-truth,flat_compound_symmetry,wild_size,1.2445882853377654,"{""noise_sd"": 0.73, ""truth_matrix"": [[0.9999999999999999, 0.06100000000000005, 0.060999999999999936, 0.06099999999999998, 0.06099999999999998, 0.06099999999999999, 0.06099999999999998, 0.06099999999999998, 0.06099999999999998, 0.06099999999999998], [0.06100000000000005, 1.0000000000000002, 0.061000000000000006, 0.0609999999999996, 0.06099999999999991, 0.06099999999999985, 0.06099999999999974, 0.06099999999999988, 0.06099999999999987, 0.0609999999999998], [0.061000000000000006, 0.06099999999999999, 1.0000000000000004, 0.060999999999999756, 0.06099999999999985, 0.06100000000000013, 0.060999999999999756, 0.06099999999999985, 0.06099999999999985, 0.06099999999999991], [0.060999999999999985, 0.060999999999999596, 0.060999999999999735, 1.0000000000000002, 0.06099999999999994, 0.060999999999999915, 0.060999999999999915, 0.060999999999999874, 0.061, 0.06099999999999997], [0.060999999999999985, 0.060999999999999915, 0.06099999999999982, 0.06099999999999993, 0.9999999999999994, 0.060999999999999985, 0.06100000000000007, 0.0609999999999999, 0.06099999999999996, 0.06099999999999993], [0.06100000000000005, 0.06099999999999985, 0.06100000000000013, 0.06099999999999991, 0.06099999999999999, 1.0, 0.06099999999999988, 0.060999999999999936, 0.06099999999999995, 0.06099999999999991], [0.060999999999999985, 0.06099999999999972, 0.06099999999999976, 0.0609999999999999, 0.06100000000000007, 0.06099999999999986, 0.9999999999999997, 0.061000000000000096, 0.06099999999999979, 0.0609999999999999], [0.060999999999999985, 0.060999999999999874, 0.06099999999999983, 0.060999999999999874, 0.060999999999999915, 0.0609999999999999, 0.06099999999999997, 0.9999999999999998, 0.06099999999999993, 0.06099999999999989], [0.060999999999999985, 0.060999999999999874, 0.060999999999999846, 0.061, 0.06099999999999996, 0.0609999999999999, 0.060999999999999846, 0.06099999999999996, 0.9999999999999997, 0.060999999999999804], [0.060999999999999985, 0.06099999999999982, 0.06099999999999989, 0.06099999999999997, 0.06099999999999993, 0.060999999999999915, 0.06099999999999996, 0.0609999999999999, 0.06099999999999978, 1.0]]}",4000,20260968,0.95025,0.003437838619685338,0.62675,0.00725,0.3610001884059777,undefined_present
snap-r6-structured-truth,flat_compound_symmetry,cluster_t_size,1.2445882853377654,"{""noise_sd"": 0.73, ""truth_matrix"": [[0.9999999999999999, 0.06100000000000005, 0.060999999999999936, 0.06099999999999998, 0.06099999999999998, 0.06099999999999999, 0.06099999999999998, 0.06099999999999998, 0.06099999999999998, 0.06099999999999998], [0.06100000000000005, 1.0000000000000002, 0.061000000000000006, 0.0609999999999996, 0.06099999999999991, 0.06099999999999985, 0.06099999999999974, 0.06099999999999988, 0.06099999999999987, 0.0609999999999998], [0.061000000000000006, 0.06099999999999999, 1.0000000000000004, 0.060999999999999756, 0.06099999999999985, 0.06100000000000013, 0.060999999999999756, 0.06099999999999985, 0.06099999999999985, 0.06099999999999991], [0.060999999999999985, 0.060999999999999596, 0.060999999999999735, 1.0000000000000002, 0.06099999999999994, 0.060999999999999915, 0.060999999999999915, 0.060999999999999874, 0.061, 0.06099999999999997], [0.060999999999999985, 0.060999999999999915, 0.06099999999999982, 0.06099999999999993, 0.9999999999999994, 0.060999999999999985, 0.06100000000000007, 0.0609999999999999, 0.06099999999999996, 0.06099999999999993], [0.06100000000000005, 0.06099999999999985, 0.06100000000000013, 0.06099999999999991, 0.06099999999999999, 1.0, 0.06099999999999988, 0.060999999999999936, 0.06099999999999995, 0.06099999999999991], [0.060999999999999985, 0.06099999999999972, 0.06099999999999976, 0.0609999999999999, 0.06100000000000007, 0.06099999999999986, 0.9999999999999997, 0.061000000000000096, 0.06099999999999979, 0.0609999999999999], [0.060999999999999985, 0.060999999999999874, 0.06099999999999983, 0.060999999999999874, 0.060999999999999915, 0.0609999999999999, 0.06099999999999997, 0.9999999999999998, 0.06099999999999993, 0.06099999999999989], [0.060999999999999985, 0.060999999999999874, 0.060999999999999846, 0.061, 0.06099999999999996, 0.0609999999999999, 0.060999999999999846, 0.06099999999999996, 0.9999999999999997, 0.060999999999999804], [0.060999999999999985, 0.06099999999999982, 0.06099999999999989, 0.06099999999999997, 0.06099999999999993, 0.060999999999999915, 0.06099999999999996, 0.0609999999999999, 0.06099999999999978, 1.0]]}",4000,20260968,0.94475,0.003612389704198594,0.813,0.0,0.30390499580029595,all_defined
snap-r6-structured-truth,dominant_benchmark,wild_recipe,1.151907232150693,"{""noise_sd"": 0.73, ""truth_matrix"": [[6.800000000000001, 0.09485015082281693, 0.09485015082281689, 0.09485015082281689, 0.0948501508228169, 0.09485015082281689, 0.0948501508228169, 0.0948501508228169, 0.0948501508228169, 0.09485015082281689], [0.09485015082281693, 0.35555555555555524, 0.021688888888888747, 0.02168888888888872, 0.02168888888888886, 0.02168888888888881, 0.02168888888888886, 0.021688888888888893, 0.021688888888888844, 0.02168888888888879], [0.09485015082281689, 0.02168888888888874, 0.3555555555555556, 0.02168888888888877, 0.02168888888888885, 0.021688888888888834, 0.021688888888888955, 0.021688888888888928, 0.021688888888888855, 0.021688888888888896], [0.09485015082281689, 0.021688888888888713, 0.02168888888888877, 0.35555555555555524, 0.02168888888888901, 0.021688888888888848, 0.021688888888888907, 0.021688888888888955, 0.021688888888888952, 0.021688888888888924], [0.0948501508228169, 0.021688888888888865, 0.02168888888888886, 0.021688888888889025, 0.3555555555555553, 0.02168888888888894, 0.021688888888889018, 0.021688888888888872, 0.021688888888888817, 0.021688888888888824], [0.09485015082281689, 0.021688888888888824, 0.02168888888888884, 0.021688888888888848, 0.02168888888888897, 0.35555555555555557, 0.021688888888888726, 0.02168888888888886, 0.02168888888888903, 0.02168888888888891], [0.0948501508228169, 0.021688888888888872, 0.02168888888888894, 0.0216888888888889, 0.021688888888889018, 0.02168888888888872, 0.3555555555555552, 0.02168888888888895, 0.021688888888888962, 0.021688888888888893], [0.0948501508228169, 0.021688888888888893, 0.021688888888888928, 0.021688888888888955, 0.02168888888888888, 0.02168888888888885, 0.02168888888888895, 0.3555555555555554, 0.021688888888888872, 0.021688888888888886], [0.0948501508228169, 0.021688888888888844, 0.021688888888888872, 0.021688888888888955, 0.021688888888888824, 0.021688888888889018, 0.021688888888888962, 0.021688888888888872, 0.3555555555555554, 0.021688888888888837], [0.09485015082281689, 0.02168888888888879, 0.021688888888888883, 0.02168888888888893, 0.021688888888888817, 0.021688888888888903, 0.0216888888888889, 0.02168888888888888, 0.021688888888888834, 0.3555555555555555]]}",4000,20260968,0.943,0.003665753674212168,0.77825,0.0,0.205573191250352,all_defined
snap-r6-structured-truth,dominant_benchmark,cluster_t_recipe,1.151907232150693,"{""noise_sd"": 0.73, ""truth_matrix"": [[6.800000000000001, 0.09485015082281693, 0.09485015082281689, 0.09485015082281689, 0.0948501508228169, 0.09485015082281689, 0.0948501508228169, 0.0948501508228169, 0.0948501508228169, 0.09485015082281689], [0.09485015082281693, 0.35555555555555524, 0.021688888888888747, 0.02168888888888872, 0.02168888888888886, 0.02168888888888881, 0.02168888888888886, 0.021688888888888893, 0.021688888888888844, 0.02168888888888879], [0.09485015082281689, 0.02168888888888874, 0.3555555555555556, 0.02168888888888877, 0.02168888888888885, 0.021688888888888834, 0.021688888888888955, 0.021688888888888928, 0.021688888888888855, 0.021688888888888896], [0.09485015082281689, 0.021688888888888713, 0.02168888888888877, 0.35555555555555524, 0.02168888888888901, 0.021688888888888848, 0.021688888888888907, 0.021688888888888955, 0.021688888888888952, 0.021688888888888924], [0.0948501508228169, 0.021688888888888865, 0.02168888888888886, 0.021688888888889025, 0.3555555555555553, 0.02168888888888894, 0.021688888888889018, 0.021688888888888872, 0.021688888888888817, 0.021688888888888824], [0.09485015082281689, 0.021688888888888824, 0.02168888888888884, 0.021688888888888848, 0.02168888888888897, 0.35555555555555557, 0.021688888888888726, 0.02168888888888886, 0.02168888888888903, 0.02168888888888891], [0.0948501508228169, 0.021688888888888872, 0.02168888888888894, 0.0216888888888889, 0.021688888888889018, 0.02168888888888872, 0.3555555555555552, 0.02168888888888895, 0.021688888888888962, 0.021688888888888893], [0.0948501508228169, 0.021688888888888893, 0.021688888888888928, 0.021688888888888955, 0.02168888888888888, 0.02168888888888885, 0.02168888888888895, 0.3555555555555554, 0.021688888888888872, 0.021688888888888886], [0.0948501508228169, 0.021688888888888844, 0.021688888888888872, 0.021688888888888955, 0.021688888888888824, 0.021688888888889018, 0.021688888888888962, 0.021688888888888872, 0.3555555555555554, 0.021688888888888837], [0.09485015082281689, 0.02168888888888879, 0.021688888888888883, 0.02168888888888893, 0.021688888888888817, 0.021688888888888903, 0.0216888888888889, 0.02168888888888888, 0.021688888888888834, 0.3555555555555555]]}",4000,20260968,0.9435,0.003650607826102387,0.783,0.0,0.20459336161621045,all_defined
snap-r6-structured-truth,dominant_benchmark,wild_size,1.151907232150693,"{""noise_sd"": 0.73, ""truth_matrix"": [[6.800000000000001, 0.09485015082281693, 0.09485015082281689, 0.09485015082281689, 0.0948501508228169, 0.09485015082281689, 0.0948501508228169, 0.0948501508228169, 0.0948501508228169, 0.09485015082281689], [0.09485015082281693, 0.35555555555555524, 0.021688888888888747, 0.02168888888888872, 0.02168888888888886, 0.02168888888888881, 0.02168888888888886, 0.021688888888888893, 0.021688888888888844, 0.02168888888888879], [0.09485015082281689, 0.02168888888888874, 0.3555555555555556, 0.02168888888888877, 0.02168888888888885, 0.021688888888888834, 0.021688888888888955, 0.021688888888888928, 0.021688888888888855, 0.021688888888888896], [0.09485015082281689, 0.021688888888888713, 0.02168888888888877, 0.35555555555555524, 0.02168888888888901, 0.021688888888888848, 0.021688888888888907, 0.021688888888888955, 0.021688888888888952, 0.021688888888888924], [0.0948501508228169, 0.021688888888888865, 0.02168888888888886, 0.021688888888889025, 0.3555555555555553, 0.02168888888888894, 0.021688888888889018, 0.021688888888888872, 0.021688888888888817, 0.021688888888888824], [0.09485015082281689, 0.021688888888888824, 0.02168888888888884, 0.021688888888888848, 0.02168888888888897, 0.35555555555555557, 0.021688888888888726, 0.02168888888888886, 0.02168888888888903, 0.02168888888888891], [0.0948501508228169, 0.021688888888888872, 0.02168888888888894, 0.0216888888888889, 0.021688888888889018, 0.02168888888888872, 0.3555555555555552, 0.02168888888888895, 0.021688888888888962, 0.021688888888888893], [0.0948501508228169, 0.021688888888888893, 0.021688888888888928, 0.021688888888888955, 0.02168888888888888, 0.02168888888888885, 0.02168888888888895, 0.3555555555555554, 0.021688888888888872, 0.021688888888888886], [0.0948501508228169, 0.021688888888888844, 0.021688888888888872, 0.021688888888888955, 0.021688888888888824, 0.021688888888889018, 0.021688888888888962, 0.021688888888888872, 0.3555555555555554, 0.021688888888888837], [0.09485015082281689, 0.02168888888888879, 0.021688888888888883, 0.02168888888888893, 0.021688888888888817, 0.021688888888888903, 0.0216888888888889, 0.02168888888888888, 0.021688888888888834, 0.3555555555555555]]}",4000,20260968,0.9485,0.0034945582696529753,0.4285,0.0055,0.30690843542696294,undefined_present
snap-r6-structured-truth,dominant_benchmark,cluster_t_size,1.151907232150693,"{""noise_sd"": 0.73, ""truth_matrix"": [[6.800000000000001, 0.09485015082281693, 0.09485015082281689, 0.09485015082281689, 0.0948501508228169, 0.09485015082281689, 0.0948501508228169, 0.0948501508228169, 0.0948501508228169, 0.09485015082281689], [0.09485015082281693, 0.35555555555555524, 0.021688888888888747, 0.02168888888888872, 0.02168888888888886, 0.02168888888888881, 0.02168888888888886, 0.021688888888888893, 0.021688888888888844, 0.02168888888888879], [0.09485015082281689, 0.02168888888888874, 0.3555555555555556, 0.02168888888888877, 0.02168888888888885, 0.021688888888888834, 0.021688888888888955, 0.021688888888888928, 0.021688888888888855, 0.021688888888888896], [0.09485015082281689, 0.021688888888888713, 0.02168888888888877, 0.35555555555555524, 0.02168888888888901, 0.021688888888888848, 0.021688888888888907, 0.021688888888888955, 0.021688888888888952, 0.021688888888888924], [0.0948501508228169, 0.021688888888888865, 0.02168888888888886, 0.021688888888889025, 0.3555555555555553, 0.02168888888888894, 0.021688888888889018, 0.021688888888888872, 0.021688888888888817, 0.021688888888888824], [0.09485015082281689, 0.021688888888888824, 0.02168888888888884, 0.021688888888888848, 0.02168888888888897, 0.35555555555555557, 0.021688888888888726, 0.02168888888888886, 0.02168888888888903, 0.02168888888888891], [0.0948501508228169, 0.021688888888888872, 0.02168888888888894, 0.0216888888888889, 0.021688888888889018, 0.02168888888888872, 0.3555555555555552, 0.02168888888888895, 0.021688888888888962, 0.021688888888888893], [0.0948501508228169, 0.021688888888888893, 0.021688888888888928, 0.021688888888888955, 0.02168888888888888, 0.02168888888888885, 0.02168888888888895, 0.3555555555555554, 0.021688888888888872, 0.021688888888888886], [0.0948501508228169, 0.021688888888888844, 0.021688888888888872, 0.021688888888888955, 0.021688888888888824, 0.021688888888889018, 0.021688888888888962, 0.021688888888888872, 0.3555555555555554, 0.021688888888888837], [0.09485015082281689, 0.02168888888888879, 0.021688888888888883, 0.02168888888888893, 0.021688888888888817, 0.021688888888888903, 0.0216888888888889, 0.02168888888888888, 0.021688888888888834, 0.3555555555555555]]}",4000,20260968,0.94675,0.0035501562465615516,0.57225,0.0,0.25796874283122384,all_defined
snap-r6-structured-truth,negative_links,wild_recipe,0.9926881325567104,"{""noise_sd"": 0.73, ""truth_matrix"": [[6.800000000000001, -0.09485015082281693, -0.09485015082281689, -0.09485015082281689, -0.0948501508228169, -0.09485015082281689, -0.0948501508228169, -0.0948501508228169, -0.0948501508228169, -0.09485015082281689], [-0.09485015082281693, 0.35555555555555524, 0.021688888888888747, 0.02168888888888872, 0.02168888888888886, 0.02168888888888881, 0.02168888888888886, 0.021688888888888893, 0.021688888888888844, 0.02168888888888879], [-0.09485015082281689, 0.02168888888888874, 0.3555555555555556, 0.02168888888888877, 0.02168888888888885, 0.021688888888888834, 0.021688888888888955, 0.021688888888888928, 0.021688888888888855, 0.021688888888888896], [-0.09485015082281689, 0.021688888888888713, 0.02168888888888877, 0.35555555555555524, 0.02168888888888901, 0.021688888888888848, 0.021688888888888907, 0.021688888888888955, 0.021688888888888952, 0.021688888888888924], [-0.0948501508228169, 0.021688888888888865, 0.02168888888888886, 0.021688888888889025, 0.3555555555555553, 0.02168888888888894, 0.021688888888889018, 0.021688888888888872, 0.021688888888888817, 0.021688888888888824], [-0.09485015082281689, 0.021688888888888824, 0.02168888888888884, 0.021688888888888848, 0.02168888888888897, 0.35555555555555557, 0.021688888888888726, 0.02168888888888886, 0.02168888888888903, 0.02168888888888891], [-0.0948501508228169, 0.021688888888888872, 0.02168888888888894, 0.0216888888888889, 0.021688888888889018, 0.02168888888888872, 0.3555555555555552, 0.02168888888888895, 0.021688888888888962, 0.021688888888888893], [-0.0948501508228169, 0.021688888888888893, 0.021688888888888928, 0.021688888888888955, 0.02168888888888888, 0.02168888888888885, 0.02168888888888895, 0.3555555555555554, 0.021688888888888872, 0.021688888888888886], [-0.0948501508228169, 0.021688888888888844, 0.021688888888888872, 0.021688888888888955, 0.021688888888888824, 0.021688888888889018, 0.021688888888888962, 0.021688888888888872, 0.3555555555555554, 0.021688888888888837], [-0.09485015082281689, 0.02168888888888879, 0.021688888888888883, 0.02168888888888893, 0.021688888888888817, 0.021688888888888903, 0.0216888888888889, 0.02168888888888888, 0.021688888888888834, 0.3555555555555555]]}",4000,20260968,0.9455,0.0035892112643309253,0.01075,0.0,0.21071774545116917,all_defined
snap-r6-structured-truth,negative_links,cluster_t_recipe,0.9926881325567104,"{""noise_sd"": 0.73, ""truth_matrix"": [[6.800000000000001, -0.09485015082281693, -0.09485015082281689, -0.09485015082281689, -0.0948501508228169, -0.09485015082281689, -0.0948501508228169, -0.0948501508228169, -0.0948501508228169, -0.09485015082281689], [-0.09485015082281693, 0.35555555555555524, 0.021688888888888747, 0.02168888888888872, 0.02168888888888886, 0.02168888888888881, 0.02168888888888886, 0.021688888888888893, 0.021688888888888844, 0.02168888888888879], [-0.09485015082281689, 0.02168888888888874, 0.3555555555555556, 0.02168888888888877, 0.02168888888888885, 0.021688888888888834, 0.021688888888888955, 0.021688888888888928, 0.021688888888888855, 0.021688888888888896], [-0.09485015082281689, 0.021688888888888713, 0.02168888888888877, 0.35555555555555524, 0.02168888888888901, 0.021688888888888848, 0.021688888888888907, 0.021688888888888955, 0.021688888888888952, 0.021688888888888924], [-0.0948501508228169, 0.021688888888888865, 0.02168888888888886, 0.021688888888889025, 0.3555555555555553, 0.02168888888888894, 0.021688888888889018, 0.021688888888888872, 0.021688888888888817, 0.021688888888888824], [-0.09485015082281689, 0.021688888888888824, 0.02168888888888884, 0.021688888888888848, 0.02168888888888897, 0.35555555555555557, 0.021688888888888726, 0.02168888888888886, 0.02168888888888903, 0.02168888888888891], [-0.0948501508228169, 0.021688888888888872, 0.02168888888888894, 0.0216888888888889, 0.021688888888889018, 0.02168888888888872, 0.3555555555555552, 0.02168888888888895, 0.021688888888888962, 0.021688888888888893], [-0.0948501508228169, 0.021688888888888893, 0.021688888888888928, 0.021688888888888955, 0.02168888888888888, 0.02168888888888885, 0.02168888888888895, 0.3555555555555554, 0.021688888888888872, 0.021688888888888886], [-0.0948501508228169, 0.021688888888888844, 0.021688888888888872, 0.021688888888888955, 0.021688888888888824, 0.021688888888889018, 0.021688888888888962, 0.021688888888888872, 0.3555555555555554, 0.021688888888888837], [-0.09485015082281689, 0.02168888888888879, 0.021688888888888883, 0.02168888888888893, 0.021688888888888817, 0.021688888888888903, 0.0216888888888889, 0.02168888888888888, 0.021688888888888834, 0.3555555555555555]]}",4000,20260968,0.947,0.003542280338990692,0.011,0.0,0.21078050063898812,all_defined
snap-r6-structured-truth,negative_links,wild_size,0.9926881325567104,"{""noise_sd"": 0.73, ""truth_matrix"": [[6.800000000000001, -0.09485015082281693, -0.09485015082281689, -0.09485015082281689, -0.0948501508228169, -0.09485015082281689, -0.0948501508228169, -0.0948501508228169, -0.0948501508228169, -0.09485015082281689], [-0.09485015082281693, 0.35555555555555524, 0.021688888888888747, 0.02168888888888872, 0.02168888888888886, 0.02168888888888881, 0.02168888888888886, 0.021688888888888893, 0.021688888888888844, 0.02168888888888879], [-0.09485015082281689, 0.02168888888888874, 0.3555555555555556, 0.02168888888888877, 0.02168888888888885, 0.021688888888888834, 0.021688888888888955, 0.021688888888888928, 0.021688888888888855, 0.021688888888888896], [-0.09485015082281689, 0.021688888888888713, 0.02168888888888877, 0.35555555555555524, 0.02168888888888901, 0.021688888888888848, 0.021688888888888907, 0.021688888888888955, 0.021688888888888952, 0.021688888888888924], [-0.0948501508228169, 0.021688888888888865, 0.02168888888888886, 0.021688888888889025, 0.3555555555555553, 0.02168888888888894, 0.021688888888889018, 0.021688888888888872, 0.021688888888888817, 0.021688888888888824], [-0.09485015082281689, 0.021688888888888824, 0.02168888888888884, 0.021688888888888848, 0.02168888888888897, 0.35555555555555557, 0.021688888888888726, 0.02168888888888886, 0.02168888888888903, 0.02168888888888891], [-0.0948501508228169, 0.021688888888888872, 0.02168888888888894, 0.0216888888888889, 0.021688888888889018, 0.02168888888888872, 0.3555555555555552, 0.02168888888888895, 0.021688888888888962, 0.021688888888888893], [-0.0948501508228169, 0.021688888888888893, 0.021688888888888928, 0.021688888888888955, 0.02168888888888888, 0.02168888888888885, 0.02168888888888895, 0.3555555555555554, 0.021688888888888872, 0.021688888888888886], [-0.0948501508228169, 0.021688888888888844, 0.021688888888888872, 0.021688888888888955, 0.021688888888888824, 0.021688888888889018, 0.021688888888888962, 0.021688888888888872, 0.3555555555555554, 0.021688888888888837], [-0.09485015082281689, 0.02168888888888879, 0.021688888888888883, 0.02168888888888893, 0.021688888888888817, 0.021688888888888903, 0.0216888888888889, 0.02168888888888888, 0.021688888888888834, 0.3555555555555555]]}",4000,20260968,0.94075,0.003732942455356097,0.01075,0.01425,0.30899027318908634,undefined_present
snap-r6-structured-truth,negative_links,cluster_t_size,0.9926881325567104,"{""noise_sd"": 0.73, ""truth_matrix"": [[6.800000000000001, -0.09485015082281693, -0.09485015082281689, -0.09485015082281689, -0.0948501508228169, -0.09485015082281689, -0.0948501508228169, -0.0948501508228169, -0.0948501508228169, -0.09485015082281689], [-0.09485015082281693, 0.35555555555555524, 0.021688888888888747, 0.02168888888888872, 0.02168888888888886, 0.02168888888888881, 0.02168888888888886, 0.021688888888888893, 0.021688888888888844, 0.02168888888888879], [-0.09485015082281689, 0.02168888888888874, 0.3555555555555556, 0.02168888888888877, 0.02168888888888885, 0.021688888888888834, 0.021688888888888955, 0.021688888888888928, 0.021688888888888855, 0.021688888888888896], [-0.09485015082281689, 0.021688888888888713, 0.02168888888888877, 0.35555555555555524, 0.02168888888888901, 0.021688888888888848, 0.021688888888888907, 0.021688888888888955, 0.021688888888888952, 0.021688888888888924], [-0.0948501508228169, 0.021688888888888865, 0.02168888888888886, 0.021688888888889025, 0.3555555555555553, 0.02168888888888894, 0.021688888888889018, 0.021688888888888872, 0.021688888888888817, 0.021688888888888824], [-0.09485015082281689, 0.021688888888888824, 0.02168888888888884, 0.021688888888888848, 0.02168888888888897, 0.35555555555555557, 0.021688888888888726, 0.02168888888888886, 0.02168888888888903, 0.02168888888888891], [-0.0948501508228169, 0.021688888888888872, 0.02168888888888894, 0.0216888888888889, 0.021688888888889018, 0.02168888888888872, 0.3555555555555552, 0.02168888888888895, 0.021688888888888962, 0.021688888888888893], [-0.0948501508228169, 0.021688888888888893, 0.021688888888888928, 0.021688888888888955, 0.02168888888888888, 0.02168888888888885, 0.02168888888888895, 0.3555555555555554, 0.021688888888888872, 0.021688888888888886], [-0.0948501508228169, 0.021688888888888844, 0.021688888888888872, 0.021688888888888955, 0.021688888888888824, 0.021688888888889018, 0.021688888888888962, 0.021688888888888872, 0.3555555555555554, 0.021688888888888837], [-0.09485015082281689, 0.02168888888888879, 0.021688888888888883, 0.02168888888888893, 0.021688888888888817, 0.021688888888888903, 0.0216888888888889, 0.02168888888888888, 0.021688888888888834, 0.3555555555555555]]}",4000,20260968,0.945,0.003604684452209376,0.0125,0.0,0.26615364442652184,all_defined
snap-r6-structured-truth,two_blocks,wild_recipe,1.2369316876852978,"{""noise_sd"": 0.73, ""truth_matrix"": [[0.9999999999999999, 0.12000000000000006, 0.11999999999999984, 0.11999999999999993, 0.11999999999999979, 0.009999999999999998, 0.009999999999999808, 0.010000000000000026, 0.009999999999999997, 0.009999999999999997], [0.12000000000000004, 1.000000000000001, 0.12000000000000031, 0.12000000000000023, 0.12000000000000015, 0.009999999999999875, 0.00999999999999985, 0.009999999999999903, 0.009999999999999901, 0.009999999999999901], [0.11999999999999982, 0.12000000000000027, 1.0, 0.12000000000000005, 0.12000000000000033, 0.010000000000000096, 0.009999999999999959, 0.009999999999999957, 0.009999999999999927, 0.009999999999999955], [0.11999999999999993, 0.12000000000000025, 0.1200000000000001, 1.0000000000000004, 0.11999999999999975, 0.010000000000000075, 0.009999999999999854, 0.009999999999999797, 0.009999999999999907, 0.009999999999999851], [0.11999999999999979, 0.12000000000000013, 0.12000000000000033, 0.11999999999999977, 1.0000000000000002, 0.009999999999999575, 0.010000000000000021, 0.009999999999999908, 0.009999999999999823, 0.009999999999999851], [0.010000000000000004, 0.009999999999999874, 0.010000000000000078, 0.010000000000000082, 0.009999999999999582, 0.9999999999999998, 0.12000000000000022, 0.11999999999999976, 0.11999999999999977, 0.12000000000000013], [0.009999999999999813, 0.00999999999999985, 0.009999999999999998, 0.009999999999999891, 0.010000000000000057, 0.1200000000000002, 0.9999999999999996, 0.11999999999999984, 0.12000000000000002, 0.1199999999999998], [0.010000000000000031, 0.009999999999999901, 0.00999999999999994, 0.009999999999999776, 0.009999999999999915, 0.11999999999999979, 0.11999999999999986, 1.0, 0.11999999999999977, 0.11999999999999997], [0.010000000000000002, 0.009999999999999898, 0.00999999999999991, 0.009999999999999886, 0.009999999999999802, 0.11999999999999977, 0.12000000000000002, 0.11999999999999977, 1.0000000000000002, 0.11999999999999993], [0.010000000000000002, 0.009999999999999898, 0.009999999999999966, 0.00999999999999983, 0.009999999999999802, 0.12000000000000013, 0.1199999999999998, 0.11999999999999997, 0.11999999999999998, 1.0]]}",4000,20260968,0.94625,0.003565842729986839,0.95925,0.0,0.2411082525714957,all_defined
snap-r6-structured-truth,two_blocks,cluster_t_recipe,1.2369316876852978,"{""noise_sd"": 0.73, ""truth_matrix"": [[0.9999999999999999, 0.12000000000000006, 0.11999999999999984, 0.11999999999999993, 0.11999999999999979, 0.009999999999999998, 0.009999999999999808, 0.010000000000000026, 0.009999999999999997, 0.009999999999999997], [0.12000000000000004, 1.000000000000001, 0.12000000000000031, 0.12000000000000023, 0.12000000000000015, 0.009999999999999875, 0.00999999999999985, 0.009999999999999903, 0.009999999999999901, 0.009999999999999901], [0.11999999999999982, 0.12000000000000027, 1.0, 0.12000000000000005, 0.12000000000000033, 0.010000000000000096, 0.009999999999999959, 0.009999999999999957, 0.009999999999999927, 0.009999999999999955], [0.11999999999999993, 0.12000000000000025, 0.1200000000000001, 1.0000000000000004, 0.11999999999999975, 0.010000000000000075, 0.009999999999999854, 0.009999999999999797, 0.009999999999999907, 0.009999999999999851], [0.11999999999999979, 0.12000000000000013, 0.12000000000000033, 0.11999999999999977, 1.0000000000000002, 0.009999999999999575, 0.010000000000000021, 0.009999999999999908, 0.009999999999999823, 0.009999999999999851], [0.010000000000000004, 0.009999999999999874, 0.010000000000000078, 0.010000000000000082, 0.009999999999999582, 0.9999999999999998, 0.12000000000000022, 0.11999999999999976, 0.11999999999999977, 0.12000000000000013], [0.009999999999999813, 0.00999999999999985, 0.009999999999999998, 0.009999999999999891, 0.010000000000000057, 0.1200000000000002, 0.9999999999999996, 0.11999999999999984, 0.12000000000000002, 0.1199999999999998], [0.010000000000000031, 0.009999999999999901, 0.00999999999999994, 0.009999999999999776, 0.009999999999999915, 0.11999999999999979, 0.11999999999999986, 1.0, 0.11999999999999977, 0.11999999999999997], [0.010000000000000002, 0.009999999999999898, 0.00999999999999991, 0.009999999999999886, 0.009999999999999802, 0.11999999999999977, 0.12000000000000002, 0.11999999999999977, 1.0000000000000002, 0.11999999999999993], [0.010000000000000002, 0.009999999999999898, 0.009999999999999966, 0.00999999999999983, 0.009999999999999802, 0.12000000000000013, 0.1199999999999998, 0.11999999999999997, 0.11999999999999998, 1.0]]}",4000,20260968,0.94675,0.0035501562465615516,0.95925,0.0,0.24071351788600004,all_defined
snap-r6-structured-truth,two_blocks,wild_size,1.2369316876852978,"{""noise_sd"": 0.73, ""truth_matrix"": [[0.9999999999999999, 0.12000000000000006, 0.11999999999999984, 0.11999999999999993, 0.11999999999999979, 0.009999999999999998, 0.009999999999999808, 0.010000000000000026, 0.009999999999999997, 0.009999999999999997], [0.12000000000000004, 1.000000000000001, 0.12000000000000031, 0.12000000000000023, 0.12000000000000015, 0.009999999999999875, 0.00999999999999985, 0.009999999999999903, 0.009999999999999901, 0.009999999999999901], [0.11999999999999982, 0.12000000000000027, 1.0, 0.12000000000000005, 0.12000000000000033, 0.010000000000000096, 0.009999999999999959, 0.009999999999999957, 0.009999999999999927, 0.009999999999999955], [0.11999999999999993, 0.12000000000000025, 0.1200000000000001, 1.0000000000000004, 0.11999999999999975, 0.010000000000000075, 0.009999999999999854, 0.009999999999999797, 0.009999999999999907, 0.009999999999999851], [0.11999999999999979, 0.12000000000000013, 0.12000000000000033, 0.11999999999999977, 1.0000000000000002, 0.009999999999999575, 0.010000000000000021, 0.009999999999999908, 0.009999999999999823, 0.009999999999999851], [0.010000000000000004, 0.009999999999999874, 0.010000000000000078, 0.010000000000000082, 0.009999999999999582, 0.9999999999999998, 0.12000000000000022, 0.11999999999999976, 0.11999999999999977, 0.12000000000000013], [0.009999999999999813, 0.00999999999999985, 0.009999999999999998, 0.009999999999999891, 0.010000000000000057, 0.1200000000000002, 0.9999999999999996, 0.11999999999999984, 0.12000000000000002, 0.1199999999999998], [0.010000000000000031, 0.009999999999999901, 0.00999999999999994, 0.009999999999999776, 0.009999999999999915, 0.11999999999999979, 0.11999999999999986, 1.0, 0.11999999999999977, 0.11999999999999997], [0.010000000000000002, 0.009999999999999898, 0.00999999999999991, 0.009999999999999886, 0.009999999999999802, 0.11999999999999977, 0.12000000000000002, 0.11999999999999977, 1.0000000000000002, 0.11999999999999993], [0.010000000000000002, 0.009999999999999898, 0.009999999999999966, 0.00999999999999983, 0.009999999999999802, 0.12000000000000013, 0.1199999999999998, 0.11999999999999997, 0.11999999999999998, 1.0]]}",4000,20260968,0.94875,0.0034865254014562986,0.59975,0.00875,0.3627933402138497,undefined_present
snap-r6-structured-truth,two_blocks,cluster_t_size,1.2369316876852978,"{""noise_sd"": 0.73, ""truth_matrix"": [[0.9999999999999999, 0.12000000000000006, 0.11999999999999984, 0.11999999999999993, 0.11999999999999979, 0.009999999999999998, 0.009999999999999808, 0.010000000000000026, 0.009999999999999997, 0.009999999999999997], [0.12000000000000004, 1.000000000000001, 0.12000000000000031, 0.12000000000000023, 0.12000000000000015, 0.009999999999999875, 0.00999999999999985, 0.009999999999999903, 0.009999999999999901, 0.009999999999999901], [0.11999999999999982, 0.12000000000000027, 1.0, 0.12000000000000005, 0.12000000000000033, 0.010000000000000096, 0.009999999999999959, 0.009999999999999957, 0.009999999999999927, 0.009999999999999955], [0.11999999999999993, 0.12000000000000025, 0.1200000000000001, 1.0000000000000004, 0.11999999999999975, 0.010000000000000075, 0.009999999999999854, 0.009999999999999797, 0.009999999999999907, 0.009999999999999851], [0.11999999999999979, 0.12000000000000013, 0.12000000000000033, 0.11999999999999977, 1.0000000000000002, 0.009999999999999575, 0.010000000000000021, 0.009999999999999908, 0.009999999999999823, 0.009999999999999851], [0.010000000000000004, 0.009999999999999874, 0.010000000000000078, 0.010000000000000082, 0.009999999999999582, 0.9999999999999998, 0.12000000000000022, 0.11999999999999976, 0.11999999999999977, 0.12000000000000013], [0.009999999999999813, 0.00999999999999985, 0.009999999999999998, 0.009999999999999891, 0.010000000000000057, 0.1200000000000002, 0.9999999999999996, 0.11999999999999984, 0.12000000000000002, 0.1199999999999998], [0.010000000000000031, 0.009999999999999901, 0.00999999999999994, 0.009999999999999776, 0.009999999999999915, 0.11999999999999979, 0.11999999999999986, 1.0, 0.11999999999999977, 0.11999999999999997], [0.010000000000000002, 0.009999999999999898, 0.00999999999999991, 0.009999999999999886, 0.009999999999999802, 0.11999999999999977, 0.12000000000000002, 0.11999999999999977, 1.0000000000000002, 0.11999999999999993], [0.010000000000000002, 0.009999999999999898, 0.009999999999999966, 0.00999999999999983, 0.009999999999999802, 0.12000000000000013, 0.1199999999999998, 0.11999999999999997, 0.11999999999999998, 1.0]]}",4000,20260968,0.9455,0.0035892112643309253,0.777,0.0,0.30573182819137634,all_defined
snap-r6-structured-truth,dominant_negative_blocks,wild_recipe,0.9899622639648871,"{""noise_sd"": 0.73, ""truth_matrix"": [[6.799999999999999, -0.09485015082281696, -0.09485015082281688, -0.09485015082281688, -0.09485015082281688, -0.09485015082281688, -0.09485015082281688, -0.09485015082281688, -0.09485015082281688, -0.09485015082281688], [-0.09485015082281695, 0.35555555555555557, 0.04266666666666665, 0.04266666666666641, 0.042666666666666575, 0.0035555555555555653, 0.0035555555555555826, 0.0035555555555556, 0.0035555555555556104, 0.003555555555555614], [-0.09485015082281689, 0.042666666666666665, 0.35555555555555557, 0.04266666666666658, 0.042666666666666665, 0.003555555555555598, 0.003555555555555466, 0.0035555555555554868, 0.00355555555555548, 0.00355555555555548], [-0.09485015082281689, 0.04266666666666638, 0.04266666666666657, 0.3555555555555556, 0.04266666666666674, 0.0035555555555554816, 0.003555555555555565, 0.003555555555555548, 0.003555555555555548, 0.0035555555555555514], [-0.09485015082281689, 0.04266666666666656, 0.04266666666666665, 0.042666666666666755, 0.3555555555555554, 0.0035555555555554954, 0.0035555555555555197, 0.003555555555555541, 0.0035555555555555445, 0.0035555555555555445], [-0.09485015082281688, 0.0035555555555555666, 0.0035555555555555965, 0.0035555555555554738, 0.0035555555555555015, 0.35555555555555535, 0.04266666666666676, 0.04266666666666668, 0.04266666666666668, 0.04266666666666668], [-0.09485015082281688, 0.003555555555555584, 0.0035555555555554647, 0.003555555555555564, 0.0035555555555555223, 0.042666666666666776, 0.35555555555555535, 0.04266666666666672, 0.04266666666666671, 0.04266666666666671], [-0.09485015082281688, 0.0035555555555555982, 0.003555555555555486, 0.003555555555555547, 0.0035555555555555436, 0.04266666666666668, 0.04266666666666672, 0.35555555555555557, 0.04266666666666662, 0.0426666666666666], [-0.09485015082281688, 0.0035555555555556086, 0.003555555555555479, 0.003555555555555547, 0.0035555555555555436, 0.04266666666666668, 0.04266666666666671, 0.04266666666666663, 0.35555555555555546, 0.042666666666666755], [-0.09485015082281688, 0.003555555555555612, 0.0035555555555554755, 0.0035555555555555505, 0.0035555555555555436, 0.04266666666666668, 0.04266666666666671, 0.04266666666666663, 0.04266666666666674, 0.3555555555555554]]}",4000,20260968,0.944,0.0036353816856005655,0.00875,0.0,0.20979130401439022,all_defined
snap-r6-structured-truth,dominant_negative_blocks,cluster_t_recipe,0.9899622639648871,"{""noise_sd"": 0.73, ""truth_matrix"": [[6.799999999999999, -0.09485015082281696, -0.09485015082281688, -0.09485015082281688, -0.09485015082281688, -0.09485015082281688, -0.09485015082281688, -0.09485015082281688, -0.09485015082281688, -0.09485015082281688], [-0.09485015082281695, 0.35555555555555557, 0.04266666666666665, 0.04266666666666641, 0.042666666666666575, 0.0035555555555555653, 0.0035555555555555826, 0.0035555555555556, 0.0035555555555556104, 0.003555555555555614], [-0.09485015082281689, 0.042666666666666665, 0.35555555555555557, 0.04266666666666658, 0.042666666666666665, 0.003555555555555598, 0.003555555555555466, 0.0035555555555554868, 0.00355555555555548, 0.00355555555555548], [-0.09485015082281689, 0.04266666666666638, 0.04266666666666657, 0.3555555555555556, 0.04266666666666674, 0.0035555555555554816, 0.003555555555555565, 0.003555555555555548, 0.003555555555555548, 0.0035555555555555514], [-0.09485015082281689, 0.04266666666666656, 0.04266666666666665, 0.042666666666666755, 0.3555555555555554, 0.0035555555555554954, 0.0035555555555555197, 0.003555555555555541, 0.0035555555555555445, 0.0035555555555555445], [-0.09485015082281688, 0.0035555555555555666, 0.0035555555555555965, 0.0035555555555554738, 0.0035555555555555015, 0.35555555555555535, 0.04266666666666676, 0.04266666666666668, 0.04266666666666668, 0.04266666666666668], [-0.09485015082281688, 0.003555555555555584, 0.0035555555555554647, 0.003555555555555564, 0.0035555555555555223, 0.042666666666666776, 0.35555555555555535, 0.04266666666666672, 0.04266666666666671, 0.04266666666666671], [-0.09485015082281688, 0.0035555555555555982, 0.003555555555555486, 0.003555555555555547, 0.0035555555555555436, 0.04266666666666668, 0.04266666666666672, 0.35555555555555557, 0.04266666666666662, 0.0426666666666666], [-0.09485015082281688, 0.0035555555555556086, 0.003555555555555479, 0.003555555555555547, 0.0035555555555555436, 0.04266666666666668, 0.04266666666666671, 0.04266666666666663, 0.35555555555555546, 0.042666666666666755], [-0.09485015082281688, 0.003555555555555612, 0.0035555555555554755, 0.0035555555555555505, 0.0035555555555555436, 0.04266666666666668, 0.04266666666666671, 0.04266666666666663, 0.04266666666666674, 0.3555555555555554]]}",4000,20260968,0.94425,0.003627738189974573,0.00875,0.0,0.20858705152355006,all_defined
snap-r6-structured-truth,dominant_negative_blocks,wild_size,0.9899622639648871,"{""noise_sd"": 0.73, ""truth_matrix"": [[6.799999999999999, -0.09485015082281696, -0.09485015082281688, -0.09485015082281688, -0.09485015082281688, -0.09485015082281688, -0.09485015082281688, -0.09485015082281688, -0.09485015082281688, -0.09485015082281688], [-0.09485015082281695, 0.35555555555555557, 0.04266666666666665, 0.04266666666666641, 0.042666666666666575, 0.0035555555555555653, 0.0035555555555555826, 0.0035555555555556, 0.0035555555555556104, 0.003555555555555614], [-0.09485015082281689, 0.042666666666666665, 0.35555555555555557, 0.04266666666666658, 0.042666666666666665, 0.003555555555555598, 0.003555555555555466, 0.0035555555555554868, 0.00355555555555548, 0.00355555555555548], [-0.09485015082281689, 0.04266666666666638, 0.04266666666666657, 0.3555555555555556, 0.04266666666666674, 0.0035555555555554816, 0.003555555555555565, 0.003555555555555548, 0.003555555555555548, 0.0035555555555555514], [-0.09485015082281689, 0.04266666666666656, 0.04266666666666665, 0.042666666666666755, 0.3555555555555554, 0.0035555555555554954, 0.0035555555555555197, 0.003555555555555541, 0.0035555555555555445, 0.0035555555555555445], [-0.09485015082281688, 0.0035555555555555666, 0.0035555555555555965, 0.0035555555555554738, 0.0035555555555555015, 0.35555555555555535, 0.04266666666666676, 0.04266666666666668, 0.04266666666666668, 0.04266666666666668], [-0.09485015082281688, 0.003555555555555584, 0.0035555555555554647, 0.003555555555555564, 0.0035555555555555223, 0.042666666666666776, 0.35555555555555535, 0.04266666666666672, 0.04266666666666671, 0.04266666666666671], [-0.09485015082281688, 0.0035555555555555982, 0.003555555555555486, 0.003555555555555547, 0.0035555555555555436, 0.04266666666666668, 0.04266666666666672, 0.35555555555555557, 0.04266666666666662, 0.0426666666666666], [-0.09485015082281688, 0.0035555555555556086, 0.003555555555555479, 0.003555555555555547, 0.0035555555555555436, 0.04266666666666668, 0.04266666666666671, 0.04266666666666663, 0.35555555555555546, 0.042666666666666755], [-0.09485015082281688, 0.003555555555555612, 0.0035555555555554755, 0.0035555555555555505, 0.0035555555555555436, 0.04266666666666668, 0.04266666666666671, 0.04266666666666663, 0.04266666666666674, 0.3555555555555554]]}",4000,20260968,0.94175,0.0037032734674879203,0.00925,0.017,0.31207681724476327,undefined_present
snap-r6-structured-truth,dominant_negative_blocks,cluster_t_size,0.9899622639648871,"{""noise_sd"": 0.73, ""truth_matrix"": [[6.799999999999999, -0.09485015082281696, -0.09485015082281688, -0.09485015082281688, -0.09485015082281688, -0.09485015082281688, -0.09485015082281688, -0.09485015082281688, -0.09485015082281688, -0.09485015082281688], [-0.09485015082281695, 0.35555555555555557, 0.04266666666666665, 0.04266666666666641, 0.042666666666666575, 0.0035555555555555653, 0.0035555555555555826, 0.0035555555555556, 0.0035555555555556104, 0.003555555555555614], [-0.09485015082281689, 0.042666666666666665, 0.35555555555555557, 0.04266666666666658, 0.042666666666666665, 0.003555555555555598, 0.003555555555555466, 0.0035555555555554868, 0.00355555555555548, 0.00355555555555548], [-0.09485015082281689, 0.04266666666666638, 0.04266666666666657, 0.3555555555555556, 0.04266666666666674, 0.0035555555555554816, 0.003555555555555565, 0.003555555555555548, 0.003555555555555548, 0.0035555555555555514], [-0.09485015082281689, 0.04266666666666656, 0.04266666666666665, 0.042666666666666755, 0.3555555555555554, 0.0035555555555554954, 0.0035555555555555197, 0.003555555555555541, 0.0035555555555555445, 0.0035555555555555445], [-0.09485015082281688, 0.0035555555555555666, 0.0035555555555555965, 0.0035555555555554738, 0.0035555555555555015, 0.35555555555555535, 0.04266666666666676, 0.04266666666666668, 0.04266666666666668, 0.04266666666666668], [-0.09485015082281688, 0.003555555555555584, 0.0035555555555554647, 0.003555555555555564, 0.0035555555555555223, 0.042666666666666776, 0.35555555555555535, 0.04266666666666672, 0.04266666666666671, 0.04266666666666671], [-0.09485015082281688, 0.0035555555555555982, 0.003555555555555486, 0.003555555555555547, 0.0035555555555555436, 0.04266666666666668, 0.04266666666666672, 0.35555555555555557, 0.04266666666666662, 0.0426666666666666], [-0.09485015082281688, 0.0035555555555556086, 0.003555555555555479, 0.003555555555555547, 0.0035555555555555436, 0.04266666666666668, 0.04266666666666671, 0.04266666666666663, 0.35555555555555546, 0.042666666666666755], [-0.09485015082281688, 0.003555555555555612, 0.0035555555555554755, 0.0035555555555555505, 0.0035555555555555436, 0.04266666666666668, 0.04266666666666671, 0.04266666666666663, 0.04266666666666674, 0.3555555555555554]]}",4000,20260968,0.954,0.003312249990565327,0.01025,0.0,0.2633253072190632,all_defined
snap-r6-truth-sweep,lambda_1.00,wild_recipe,1.0,"{""noise_sd"": 0.73, ""rho"": 0.0}",4000,20260985,0.94375,0.0036430048551985223,0.0175,0.0,0.22243620461492009,all_defined
snap-r6-truth-sweep,lambda_1.00,cluster_t_recipe,1.0,"{""noise_sd"": 0.73, ""rho"": 0.0}",4000,20260985,0.944,0.0036353816856005655,0.018,0.0,0.22218652491713664,all_defined
snap-r6-truth-sweep,lambda_1.00,wild_size,1.0,"{""noise_sd"": 0.73, ""rho"": 0.0}",4000,20260985,0.936,0.0038698837191833025,0.01925,0.016,0.32759759437123637,undefined_present
snap-r6-truth-sweep,lambda_1.00,cluster_t_size,1.0,"{""noise_sd"": 0.73, ""rho"": 0.0}",4000,20260985,0.94,0.003754996671103719,0.02475,0.0,0.27819279649027145,all_defined
snap-r6-truth-sweep,lambda_1.05,wild_recipe,1.05,"{""noise_sd"": 0.73, ""rho"": 0.011388888888888888}",4000,20260985,0.93425,0.003918766945736885,0.1085,0.0,0.22578148653959357,all_defined
snap-r6-truth-sweep,lambda_1.05,cluster_t_recipe,1.05,"{""noise_sd"": 0.73, ""rho"": 0.011388888888888888}",4000,20260985,0.93475,0.0039048827607240663,0.106,0.0,0.22584300531055485,all_defined
snap-r6-truth-sweep,lambda_1.05,wild_size,1.05,"{""noise_sd"": 0.73, ""rho"": 0.011388888888888888}",4000,20260985,0.944,0.0036353816856005655,0.06175,0.0125,0.33343700945333454,undefined_present
snap-r6-truth-sweep,lambda_1.05,cluster_t_size,1.05,"{""noise_sd"": 0.73, ""rho"": 0.011388888888888888}",4000,20260985,0.946,0.0035736535926135893,0.08625,0.0,0.28316648801588934,all_defined
snap-r6-truth-sweep,lambda_1.10,wild_recipe,1.1,"{""noise_sd"": 0.73, ""rho"": 0.023333333333333334}",4000,20260985,0.93875,0.003791386207576327,0.327,0.0,0.23182111898352403,all_defined
snap-r6-truth-sweep,lambda_1.10,cluster_t_recipe,1.1,"{""noise_sd"": 0.73, ""rho"": 0.023333333333333334}",4000,20260985,0.94025,0.0037476638556572803,0.33225,0.0,0.2312390304182485,all_defined
snap-r6-truth-sweep,lambda_1.10,wild_size,1.1,"{""noise_sd"": 0.73, ""rho"": 0.023333333333333334}",4000,20260985,0.94775,0.0035185201967588594,0.172,0.00875,0.3458006083492161,undefined_present
snap-r6-truth-sweep,lambda_1.10,cluster_t_size,1.1,"{""noise_sd"": 0.73, ""rho"": 0.023333333333333334}",4000,20260985,0.94525,0.0035969583504677936,0.2245,0.0,0.2916853044637184,all_defined
snap-r6-truth-sweep,lambda_1.2446,wild_recipe,1.2445882853377657,"{""noise_sd"": 0.73, ""rho"": 0.061}",4000,20260985,0.9485,0.0034945582696529753,0.9675,0.0,0.2410993795209302,all_defined
snap-r6-truth-sweep,lambda_1.2446,cluster_t_recipe,1.2445882853377657,"{""noise_sd"": 0.73, ""rho"": 0.061}",4000,20260985,0.94725,0.0035343824602043273,0.9695,0.0,0.24055338299913476,all_defined
snap-r6-truth-sweep,lambda_1.2446,wild_size,1.2445882853377657,"{""noise_sd"": 0.73, ""rho"": 0.061}",4000,20260985,0.94825,0.0035025682541529424,0.6215,0.008,0.361668148132351,undefined_present
snap-r6-truth-sweep,lambda_1.2446,cluster_t_size,1.2445882853377657,"{""noise_sd"": 0.73, ""rho"": 0.061}",4000,20260985,0.9435,0.003650607826102387,0.816,0.0,0.30128511252568435,all_defined
snap-r6-truth-sweep,lambda_1.40,wild_recipe,1.4000000000000001,"{""noise_sd"": 0.73, ""rho"": 0.10666666666666667}",4000,20260985,0.946,0.0035736535926135893,1.0,0.0,0.25080471188138154,all_defined
snap-r6-truth-sweep,lambda_1.40,cluster_t_recipe,1.4000000000000001,"{""noise_sd"": 0.73, ""rho"": 0.10666666666666667}",4000,20260985,0.94425,0.003627738189974573,1.0,0.0,0.24998358028895828,all_defined
snap-r6-truth-sweep,lambda_1.40,wild_size,1.4000000000000001,"{""noise_sd"": 0.73, ""rho"": 0.10666666666666667}",4000,20260985,0.95275,0.0033547517605629186,0.87375,0.0055,0.37090724600335057,undefined_present
snap-r6-truth-sweep,lambda_1.40,cluster_t_size,1.4000000000000001,"{""noise_sd"": 0.73, ""rho"": 0.10666666666666667}",4000,20260985,0.94725,0.0035343824602043273,0.98875,0.0,0.31273291033658324,all_defined
snap-r6-truth-sweep,lambda_1.60,wild_recipe,1.6,"{""noise_sd"": 0.73, ""rho"": 0.17333333333333334}",4000,20260985,0.943,0.003665753674212168,1.0,0.0,0.2592516840124137,all_defined
snap-r6-truth-sweep,lambda_1.60,cluster_t_recipe,1.6,"{""noise_sd"": 0.73, ""rho"": 0.17333333333333334}",4000,20260985,0.942,0.0036958084365940843,1.0,0.0,0.2575610108373525,all_defined
snap-r6-truth-sweep,lambda_1.60,wild_size,1.6,"{""noise_sd"": 0.73, ""rho"": 0.17333333333333334}",4000,20260985,0.95925,0.0031260773143030212,0.96325,0.00375,0.3919423083983362,undefined_present
snap-r6-truth-sweep,lambda_1.60,cluster_t_size,1.6,"{""noise_sd"": 0.73, ""rho"": 0.17333333333333334}",4000,20260985,0.9525,0.0033631737243264726,1.0,0.0,0.3258934801551828,all_defined
snap-r6-two-runs-only,r10_runs2,wild_recipe,1.2445882853377657,"{""noise_sd"": 0.73, ""recipes"": 10, ""rho"": 0.061, ""runs"": 2}",4000,20260975,0.93625,0.0038628337234470752,0.26625,0.0,0.586371365881545,all_defined
snap-r6-two-runs-only,r10_runs2,cluster_t_recipe,1.2445882853377657,"{""noise_sd"": 0.73, ""recipes"": 10, ""rho"": 0.061, ""runs"": 2}",4000,20260975,0.93575,0.003876916864597435,0.2825,0.00025,0.5785774902764818,undefined_present
snap-r6-two-runs-only,r10_runs2,wild_size,1.2445882853377657,"{""noise_sd"": 0.73, ""recipes"": 10, ""rho"": 0.061, ""runs"": 2}",4000,20260975,0.75875,0.0067647697207665535,0.16,0.191,0.7312401218838188,undefined_present
snap-r6-two-runs-only,r10_runs2,cluster_t_size,1.2445882853377657,"{""noise_sd"": 0.73, ""recipes"": 10, ""rho"": 0.061, ""runs"": 2}",4000,20260975,0.9165,0.004374007030172678,0.2125,0.02275,0.6789050882444594,undefined_present
snap-r6-two-runs-only,r10_runs3,wild_recipe,1.2445882853377657,"{""noise_sd"": 0.73, ""recipes"": 10, ""rho"": 0.061, ""runs"": 3}",4000,20260975,0.946,0.0035736535926135893,0.54225,0.0,0.41255472874973864,all_defined
snap-r6-two-runs-only,r10_runs3,cluster_t_recipe,1.2445882853377657,"{""noise_sd"": 0.73, ""recipes"": 10, ""rho"": 0.061, ""runs"": 3}",4000,20260975,0.94225,0.003688324060464318,0.55875,0.0,0.4073799515623768,all_defined
snap-r6-two-runs-only,r10_runs3,wild_size,1.2445882853377657,"{""noise_sd"": 0.73, ""recipes"": 10, ""rho"": 0.061, ""runs"": 3}",4000,20260975,0.8925,0.004897544027367188,0.292,0.06925,0.5610600466121327,undefined_present
snap-r6-two-runs-only,r10_runs3,cluster_t_size,1.2445882853377657,"{""noise_sd"": 0.73, ""recipes"": 10, ""rho"": 0.061, ""runs"": 3}",4000,20260975,0.94575,0.0035814430576235614,0.404,0.00025,0.485881189750875,undefined_present
snap-r6-two-runs-only,r10_runs4,wild_recipe,1.2445882853377657,"{""noise_sd"": 0.73, ""recipes"": 10, ""rho"": 0.061, ""runs"": 4}",4000,20260975,0.9445,0.0036200742395702326,0.746,0.0,0.33792034192836035,all_defined
snap-r6-two-runs-only,r10_runs4,cluster_t_recipe,1.2445882853377657,"{""noise_sd"": 0.73, ""recipes"": 10, ""rho"": 0.061, ""runs"": 4}",4000,20260975,0.94325,0.003658190724251538,0.75775,0.0,0.33379394189584466,all_defined
snap-r6-two-runs-only,r10_runs4,wild_size,1.2445882853377657,"{""noise_sd"": 0.73, ""recipes"": 10, ""rho"": 0.061, ""runs"": 4}",4000,20260975,0.923,0.0042151808976602645,0.439,0.033,0.45651422867519253,undefined_present
snap-r6-two-runs-only,r10_runs4,cluster_t_size,1.2445882853377657,"{""noise_sd"": 0.73, ""recipes"": 10, ""rho"": 0.061, ""runs"": 4}",4000,20260975,0.94525,0.0035969583504677936,0.57825,0.0,0.39522280674703736,all_defined
snap-r6-two-runs-only,r15_runs2,wild_recipe,1.2445882853377657,"{""noise_sd"": 0.73, ""recipes"": 15, ""rho"": 0.061, ""runs"": 2}",4000,20260975,0.94525,0.0035969583504677936,0.4485,0.0,0.45656312149673733,all_defined
snap-r6-two-runs-only,r15_runs2,cluster_t_recipe,1.2445882853377657,"{""noise_sd"": 0.73, ""recipes"": 15, ""rho"": 0.061, ""runs"": 2}",4000,20260975,0.94275,0.0036732967991982357,0.45625,0.0,0.4518646745670628,all_defined
snap-r6-two-runs-only,r15_runs2,wild_size,1.2445882853377657,"{""noise_sd"": 0.73, ""recipes"": 15, ""rho"": 0.061, ""runs"": 2}",4000,20260975,0.85275,0.005602843864949299,0.23625,0.11,0.6270941847649081,undefined_present
snap-r6-two-runs-only,r15_runs2,cluster_t_size,1.2445882853377657,"{""noise_sd"": 0.73, ""recipes"": 15, ""rho"": 0.061, ""runs"": 2}",4000,20260975,0.94475,0.003612389704198594,0.30975,0.00425,0.5589441536063318,undefined_present
snap-r6-two-runs-only,r15_runs3,wild_recipe,1.2445882853377657,"{""noise_sd"": 0.73, ""recipes"": 15, ""rho"": 0.061, ""runs"": 3}",4000,20260975,0.94675,0.0035501562465615516,0.79275,0.0,0.3223229803751954,all_defined
snap-r6-two-runs-only,r15_runs3,cluster_t_recipe,1.2445882853377657,"{""noise_sd"": 0.73, ""recipes"": 15, ""rho"": 0.061, ""runs"": 3}",4000,20260975,0.947,0.003542280338990692,0.793,0.0,0.3212905386824697,all_defined
snap-r6-two-runs-only,r15_runs3,wild_size,1.2445882853377657,"{""noise_sd"": 0.73, ""recipes"": 15, ""rho"": 0.061, ""runs"": 3}",4000,20260975,0.92775,0.004093590645753433,0.4335,0.02975,0.46627224748945906,undefined_present
snap-r6-two-runs-only,r15_runs3,cluster_t_size,1.2445882853377657,"{""noise_sd"": 0.73, ""recipes"": 15, ""rho"": 0.061, ""runs"": 3}",4000,20260975,0.946,0.0035736535926135893,0.58375,0.0,0.39576185053683527,all_defined
snap-r6-two-runs-only,r25_runs2,wild_recipe,1.2445882853377657,"{""noise_sd"": 0.73, ""recipes"": 25, ""rho"": 0.061, ""runs"": 2}",4000,20260975,0.9415,0.003710719269899031,0.736,0.0,0.34154698174583026,all_defined
snap-r6-two-runs-only,r25_runs2,cluster_t_recipe,1.2445882853377657,"{""noise_sd"": 0.73, ""recipes"": 25, ""rho"": 0.061, ""runs"": 2}",4000,20260975,0.93975,0.0037623110417667497,0.741,0.0,0.33911962109366744,all_defined
snap-r6-two-runs-only,r25_runs2,wild_size,1.2445882853377657,"{""noise_sd"": 0.73, ""recipes"": 25, ""rho"": 0.061, ""runs"": 2}",4000,20260975,0.91125,0.004496483000635052,0.38275,0.04025,0.4940197262871324,undefined_present
snap-r6-two-runs-only,r25_runs2,cluster_t_size,1.2445882853377657,"{""noise_sd"": 0.73, ""recipes"": 25, ""rho"": 0.061, ""runs"": 2}",4000,20260975,0.9435,0.003650607826102387,0.516,0.0,0.42718140954759776,all_defined
snap-r6-two-runs-only,r25_runs4,wild_recipe,1.2445882853377657,"{""noise_sd"": 0.73, ""recipes"": 25, ""rho"": 0.061, ""runs"": 4}",4000,20260975,0.94875,0.0034865254014562986,0.9965,0.0,0.1977271220972524,all_defined
snap-r6-two-runs-only,r25_runs4,cluster_t_recipe,1.2445882853377657,"{""noise_sd"": 0.73, ""recipes"": 25, ""rho"": 0.061, ""runs"": 4}",4000,20260975,0.9475,0.0035264624625820132,0.997,0.0,0.197649319404665,all_defined
snap-r6-two-runs-only,r25_runs4,wild_size,1.2445882853377657,"{""noise_sd"": 0.73, ""recipes"": 25, ""rho"": 0.061, ""runs"": 4}",4000,20260975,0.96075,0.003070400523547376,0.77525,0.00225,0.29174205373481055,undefined_present
snap-r6-two-runs-only,r25_runs4,cluster_t_size,1.2445882853377657,"{""noise_sd"": 0.73, ""recipes"": 25, ""rho"": 0.061, ""runs"": 4}",4000,20260975,0.95375,0.0033208032725531938,0.93425,0.0,0.24802503071651916,all_defined
snap-r6-unequal-noise,equal_noise,wild_recipe,1.2445882853377657,"{""noise_sd"": 0.73, ""rho"": 0.061}",4000,20260966,0.94625,0.003565842729986839,0.96425,0.0,0.24277004527648238,all_defined
snap-r6-unequal-noise,equal_noise,cluster_t_recipe,1.2445882853377657,"{""noise_sd"": 0.73, ""rho"": 0.061}",4000,20260966,0.947,0.003542280338990692,0.96425,0.0,0.24164400685750398,all_defined
snap-r6-unequal-noise,equal_noise,wild_size,1.2445882853377657,"{""noise_sd"": 0.73, ""rho"": 0.061}",4000,20260966,0.94825,0.0035025682541529424,0.6325,0.00775,0.3620515698375748,undefined_present
snap-r6-unequal-noise,equal_noise,cluster_t_size,1.2445882853377657,"{""noise_sd"": 0.73, ""rho"": 0.061}",4000,20260966,0.9465,0.0035580103288214327,0.8045,0.0,0.3056026219322071,all_defined
snap-r6-unequal-noise,observed_counts,wild_recipe,1.2445882853377657,"{""noise_sd"": [0.9151255975811902, 0.6427192256435829, 0.54786131170886, 0.8965751082758701, 0.3126326995936803, 0.26438086851622017, 1.4010689455956429, 0.7307549330109429, 0.7087323060621793, 0.8801490040118307], ""rho"": 0.061}",4000,20260966,0.9445,0.0036200742395702326,0.9575,0.0,0.24925282243327562,all_defined
snap-r6-unequal-noise,observed_counts,cluster_t_recipe,1.2445882853377657,"{""noise_sd"": [0.9151255975811902, 0.6427192256435829, 0.54786131170886, 0.8965751082758701, 0.3126326995936803, 0.26438086851622017, 1.4010689455956429, 0.7307549330109429, 0.7087323060621793, 0.8801490040118307], ""rho"": 0.061}",4000,20260966,0.94325,0.003658190724251538,0.9575,0.0,0.24817261521452294,all_defined
snap-r6-unequal-noise,observed_counts,wild_size,1.2445882853377657,"{""noise_sd"": [0.9151255975811902, 0.6427192256435829, 0.54786131170886, 0.8965751082758701, 0.3126326995936803, 0.26438086851622017, 1.4010689455956429, 0.7307549330109429, 0.7087323060621793, 0.8801490040118307], ""rho"": 0.061}",4000,20260966,0.9495,0.003462287899640929,0.6065,0.008,0.36863200907911414,undefined_present
snap-r6-unequal-noise,observed_counts,cluster_t_size,1.2445882853377657,"{""noise_sd"": [0.9151255975811902, 0.6427192256435829, 0.54786131170886, 0.8965751082758701, 0.3126326995936803, 0.26438086851622017, 1.4010689455956429, 0.7307549330109429, 0.7087323060621793, 0.8801490040118307], ""rho"": 0.061}",4000,20260966,0.945,0.003604684452209376,0.7865,0.0,0.311077167585857,all_defined
snap-r6-unequal-noise,half_spread,wild_recipe,1.2445882853377657,"{""noise_sd"": [0.8225627987905951, 0.6863596128217914, 0.63893065585443, 0.813287554137935, 0.5213163497968402, 0.4971904342581101, 1.0655344727978215, 0.7303774665054714, 0.7193661530310896, 0.8050745020059153], ""rho"": 0.061}",4000,20260966,0.94075,0.003732942455356097,0.96675,0.0,0.2422080577368967,all_defined
snap-r6-unequal-noise,half_spread,cluster_t_recipe,1.2445882853377657,"{""noise_sd"": [0.8225627987905951, 0.6863596128217914, 0.63893065585443, 0.813287554137935, 0.5213163497968402, 0.4971904342581101, 1.0655344727978215, 0.7303774665054714, 0.7193661530310896, 0.8050745020059153], ""rho"": 0.061}",4000,20260966,0.939,0.003784144553264319,0.967,0.0,0.2422344521572698,all_defined
snap-r6-unequal-noise,half_spread,wild_size,1.2445882853377657,"{""noise_sd"": [0.8225627987905951, 0.6863596128217914, 0.63893065585443, 0.813287554137935, 0.5213163497968402, 0.4971904342581101, 1.0655344727978215, 0.7303774665054714, 0.7193661530310896, 0.8050745020059153], ""rho"": 0.061}",4000,20260966,0.954,0.003312249990565327,0.6365,0.008,0.3562650728328046,undefined_present
snap-r6-unequal-noise,half_spread,cluster_t_size,1.2445882853377657,"{""noise_sd"": [0.8225627987905951, 0.6863596128217914, 0.63893065585443, 0.813287554137935, 0.5213163497968402, 0.4971904342581101, 1.0655344727978215, 0.7303774665054714, 0.7193661530310896, 0.8050745020059153], ""rho"": 0.061}",4000,20260966,0.94675,0.0035501562465615516,0.81375,0.0,0.3001113305296367,all_defined
snap-r6-unequal-noise,double_spread,wild_recipe,1.2445882853377657,"{""noise_sd"": [1.1002511951623803, 0.5554384512871657, 0.36572262341772, 1.0631502165517401, -0.10473460081263937, -0.2012382629675595, 2.0721378911912858, 0.7315098660218857, 0.6874646121243586, 1.0302980080236614], ""rho"": 0.061}",4000,20260966,0.94825,0.0035025682541529424,0.91325,0.0,0.2723859806030544,all_defined
snap-r6-unequal-noise,double_spread,cluster_t_recipe,1.2445882853377657,"{""noise_sd"": [1.1002511951623803, 0.5554384512871657, 0.36572262341772, 1.0631502165517401, -0.10473460081263937, -0.2012382629675595, 2.0721378911912858, 0.7315098660218857, 0.6874646121243586, 1.0302980080236614], ""rho"": 0.061}",4000,20260966,0.94775,0.0035185201967588594,0.91575,0.0,0.27158731568337846,all_defined
snap-r6-unequal-noise,double_spread,wild_size,1.2445882853377657,"{""noise_sd"": [1.1002511951623803, 0.5554384512871657, 0.36572262341772, 1.0631502165517401, -0.10473460081263937, -0.2012382629675595, 2.0721378911912858, 0.7315098660218857, 0.6874646121243586, 1.0302980080236614], ""rho"": 0.061}",4000,20260966,0.94175,0.0037032734674879203,0.54275,0.01725,0.400133525996183,undefined_present
snap-r6-unequal-noise,double_spread,cluster_t_size,1.2445882853377657,"{""noise_sd"": [1.1002511951623803, 0.5554384512871657, 0.36572262341772, 1.0631502165517401, -0.10473460081263937, -0.2012382629675595, 2.0721378911912858, 0.7315098660218857, 0.6874646121243586, 1.0302980080236614], ""rho"": 0.061}",4000,20260966,0.949,0.003478469491026191,0.702,0.0,0.3429136142314965,all_defined
snap-r6-variants,margin_like_cross_half_error_corr_0.1,wild_rademacher,1.2445882853377657,{},4000,20260918,0.9405,0.0037403124869454423,,0.0,0.23462370457075798,all_defined
snap-r6-variants,margin_like_cross_half_error_corr_0.1,wild_mammen,1.2445882853377657,{},4000,20260918,0.937,0.003841581705495796,,0.0,0.22529257194511998,all_defined
snap-r6-variants,margin_like_cross_half_error_corr_0.1,wild_webb,1.2445882853377657,{},4000,20260918,0.94075,0.003732942455356097,,0.0,0.23407470691503107,all_defined
snap-r6-variants,margin_like_cross_half_error_corr_0.1,wild_cr3,1.2445882853377657,{},4000,20260918,0.94725,0.0035343824602043273,,0.0,0.24502400775026012,all_defined
snap-r6-variants,margin_like_cross_half_error_corr_0.1,cluster_t_cr1,1.2445882853377657,{},4000,20260918,0.94,0.003754996671103719,,0.0,0.23391646726570625,all_defined
snap-r6-variants,margin_like_cross_half_error_corr_0.1,centred,1.2445882853377657,{},4000,20260918,0.94075,0.003732942455356097,,0.0,0.23485790407741514,all_defined
snap-r6-variants,margin_like_one_dominant_recipe,wild_rademacher,1.2445882853377657,{},4000,20260918,0.9395,0.003769607075014583,,0.0,0.26658615462311214,all_defined
snap-r6-variants,margin_like_one_dominant_recipe,wild_mammen,1.2445882853377657,{},4000,20260918,0.923,0.0042151808976602645,,0.0,0.246094758013795,all_defined
snap-r6-variants,margin_like_one_dominant_recipe,wild_webb,1.2445882853377657,{},4000,20260918,0.9375,0.0038273277230987156,,0.0,0.2642127008853369,all_defined
snap-r6-variants,margin_like_one_dominant_recipe,wild_cr3,1.2445882853377657,{},4000,20260918,0.9575,0.0031895826529500684,,0.0,0.29964749702444227,all_defined
snap-r6-variants,margin_like_one_dominant_recipe,cluster_t_cr1,1.2445882853377657,{},4000,20260918,0.927,0.004113119254288647,,0.0,0.24426937904757073,all_defined
snap-r6-variants,margin_like_one_dominant_recipe,centred,1.2445882853377657,{},4000,20260918,0.9565,0.0032252034819527276,,0.0,0.26475077188738716,all_defined
snap-r6-variants,margin_like,wild_rademacher,1.2445882853377657,{},4000,20260918,0.9455,0.0035892112643309253,,0.0,0.24168154343117,all_defined
snap-r6-variants,margin_like,wild_mammen,1.2445882853377657,{},4000,20260918,0.94075,0.003732942455356097,,0.0,0.23165675410115572,all_defined
snap-r6-variants,margin_like,wild_webb,1.2445882853377657,{},4000,20260918,0.944,0.0036353816856005655,,0.0,0.24106692353558934,all_defined
snap-r6-variants,margin_like,wild_cr3,1.2445882853377657,{},4000,20260918,0.9525,0.0033631737243264726,,0.0,0.25232596137807994,all_defined
snap-r6-variants,margin_like,cluster_t_cr1,1.2445882853377657,{},4000,20260918,0.94525,0.0035969583504677936,,0.0,0.24089120367122263,all_defined
snap-r6-variants,margin_like,centred,1.2445882853377657,{},4000,20260918,0.946,0.0035736535926135893,,0.0,0.24191484718368228,all_defined
snap-r6-variants,accuracy_like,wild_rademacher,1.0779610382569493,{},4000,20260918,0.946,0.0035736535926135893,,0.0005,0.3970188729867842,undefined_present
snap-r6-variants,accuracy_like,wild_mammen,1.0779610382569493,{},4000,20260918,0.9385,0.003798609943123932,,0.00025,0.3779744785697927,undefined_present
snap-r6-variants,accuracy_like,wild_webb,1.0779610382569493,{},4000,20260918,0.9465,0.0035580103288214327,,0.0005,0.39536726479115875,undefined_present
snap-r6-variants,accuracy_like,wild_cr3,1.0779610382569493,{},4000,20260918,0.95525,0.0032690762265508567,,0.0005,0.4156170774690554,undefined_present
snap-r6-variants,accuracy_like,cluster_t_cr1,1.0779610382569493,{},4000,20260918,0.9475,0.0035264624625820132,,0.0005,0.3973976347814467,undefined_present
snap-r6-variants,accuracy_like,centred,1.0779610382569493,{},4000,20260918,0.947,0.003542280338990692,,0.0,0.40105853709427813,all_defined
snap-r6-variants-b,null_margin_noise,wild_rademacher,1.0,{},4000,20260918,0.937,0.003841581705495796,,0.0,0.22327951391300171,all_defined
snap-r6-variants-b,null_margin_noise,wild_mammen,1.0,{},4000,20260918,0.9285,0.0040739339096259285,,0.0,0.21390804713578992,all_defined
snap-r6-variants-b,null_margin_noise,wild_webb,1.0,{},4000,20260918,0.93475,0.0039048827607240663,,0.0,0.22277304405328158,all_defined
snap-r6-variants-b,null_margin_noise,wild_cr3,1.0,{},4000,20260918,0.94725,0.0035343824602043273,,0.0,0.23303896591470685,all_defined
snap-r6-variants-b,null_margin_noise,cluster_t_cr1,1.0,{},4000,20260918,0.93625,0.0038628337234470752,,0.0,0.22291343486102683,all_defined
snap-r6-variants-b,null_margin_noise,centred,1.0,{},4000,20260918,0.937,0.003841581705495796,,0.0,0.2235309036638965,all_defined
snap-r6-variants-b,null_accuracy_noise,wild_rademacher,1.0,{},4000,20260918,0.951,0.003413173010557773,,0.00025,0.4077353537797491,undefined_present
snap-r6-variants-b,null_accuracy_noise,wild_mammen,1.0,{},4000,20260918,0.94225,0.003688324060464318,,0.0,0.38838976981089485,all_defined
snap-r6-variants-b,null_accuracy_noise,wild_webb,1.0,{},4000,20260918,0.95025,0.003437838619685338,,0.00025,0.4068962468072551,undefined_present
snap-r6-variants-b,null_accuracy_noise,wild_cr3,1.0,{},4000,20260918,0.95775,0.003180602832011567,,0.00025,0.42718867966821394,undefined_present
snap-r6-variants-b,null_accuracy_noise,cluster_t_cr1,1.0,{},4000,20260918,0.94975,0.0034541618918342556,,0.00025,0.4085324299661929,undefined_present
snap-r6-variants-b,null_accuracy_noise,centred,1.0,{},4000,20260918,0.95075,0.003421419204803762,,0.0,0.41267650641518877,all_defined
snap-r6-variants-b,margin_like_boolq_trace,wild_rademacher,1.1519072321506927,{},4000,20260918,0.94625,0.003565842729986839,,0.0,0.17207728323490168,all_defined
snap-r6-variants-b,margin_like_boolq_trace,wild_mammen,1.1519072321506927,{},4000,20260918,0.9365,0.0038557667849598992,,0.0,0.16442269819961775,all_defined
snap-r6-variants-b,margin_like_boolq_trace,wild_webb,1.1519072321506927,{},4000,20260918,0.94575,0.0035814430576235614,,0.0,0.171396441262334,all_defined
snap-r6-variants-b,margin_like_boolq_trace,wild_cr3,1.1519072321506927,{},4000,20260918,0.95575,0.0032516125807051494,,0.0,0.18028449951639747,all_defined
snap-r6-variants-b,margin_like_boolq_trace,cluster_t_cr1,1.1519072321506927,{},4000,20260918,0.9445,0.0036200742395702326,,0.0,0.17046793176869623,all_defined
snap-r6-variants-b,margin_like_boolq_trace,centred,1.1519072321506927,{},4000,20260918,0.94725,0.0035343824602043273,,0.0,0.17203379324947188,all_defined
snap-r6-variants-b,accuracy_like_boolq_trace,wild_rademacher,1.0308411390725625,{},4000,20260918,0.949,0.003478469491026191,,0.0,0.15619657333163317,all_defined
snap-r6-variants-b,accuracy_like_boolq_trace,wild_mammen,1.0308411390725625,{},4000,20260918,0.9365,0.0038557667849598992,,0.0,0.14933484197712932,all_defined
snap-r6-variants-b,accuracy_like_boolq_trace,wild_webb,1.0308411390725625,{},4000,20260918,0.94825,0.0035025682541529424,,0.0,0.15576254250631388,all_defined
snap-r6-variants-b,accuracy_like_boolq_trace,wild_cr3,1.0308411390725625,{},4000,20260918,0.957,0.0032074522599720807,,0.0,0.16399480209572276,all_defined
snap-r6-variants-b,accuracy_like_boolq_trace,cluster_t_cr1,1.0308411390725625,{},4000,20260918,0.94575,0.0035814430576235614,,0.0,0.15521327941965335,all_defined
snap-r6-variants-b,accuracy_like_boolq_trace,centred,1.0308411390725625,{},4000,20260918,0.9465,0.0035580103288214327,,0.0,0.15737691045276742,all_defined
snap-r6-variants-b,margin_like_recipe_shared,wild_rademacher,1.2445882853377657,{},4000,20260918,0.93875,0.003791386207576327,,0.0,0.3084127423574919,all_defined
snap-r6-variants-b,margin_like_recipe_shared,wild_mammen,1.2445882853377657,{},4000,20260918,0.932,0.003980452235613435,,0.0,0.29427475322367785,all_defined
snap-r6-variants-b,margin_like_recipe_shared,wild_webb,1.2445882853377657,{},4000,20260918,0.93775,0.0038201746524210126,,0.0,0.30812790230977144,all_defined
snap-r6-variants-b,margin_like_recipe_shared,wild_cr3,1.2445882853377657,{},4000,20260918,0.9475,0.0035264624625820132,,0.0,0.3230473092092063,all_defined
snap-r6-variants-b,margin_like_recipe_shared,cluster_t_cr1,1.2445882853377657,{},4000,20260918,0.93725,0.0038344633751021787,,0.0,0.30805537807336714,all_defined
snap-r6-variants-b,margin_like_recipe_shared,centred,1.2445882853377657,{},4000,20260918,0.937,0.003841581705495796,,0.0,0.3098537711419328,all_defined
snap-r6-variants-b,margin_like_heavy_tails,wild_rademacher,1.2445882853377657,{},4000,20260918,0.9315,0.00399398766898447,,0.00275,0.32174955857299103,undefined_present
snap-r6-variants-b,margin_like_heavy_tails,wild_mammen,1.2445882853377657,{},4000,20260918,0.9155,0.004397719579509363,,0.00225,0.299962036882889,undefined_present
snap-r6-variants-b,margin_like_heavy_tails,wild_webb,1.2445882853377657,{},4000,20260918,0.93025,0.004027559357104498,,0.00275,0.3204418120292518,undefined_present
snap-r6-variants-b,margin_like_heavy_tails,wild_cr3,1.2445882853377657,{},4000,20260918,0.9425,0.0036808202210920327,,0.00525,0.3415696801273227,undefined_present
snap-r6-variants-b,margin_like_heavy_tails,cluster_t_cr1,1.2445882853377657,{},4000,20260918,0.923,0.0042151808976602645,,0.00075,0.31080383638347575,undefined_present
snap-r6-variants-b,margin_like_heavy_tails,centred,1.2445882853377657,{},4000,20260918,0.9425,0.0036808202210920327,,0.00175,0.31722405373983475,undefined_present
snap-r6-variants-b,accuracy_like_cross_half_error_corr_0.1,wild_rademacher,1.0779610382569493,{},4000,20260918,0.94225,0.003688324060464318,,0.0,0.33854892215991866,all_defined
snap-r6-variants-b,accuracy_like_cross_half_error_corr_0.1,wild_mammen,1.0779610382569493,{},4000,20260918,0.93725,0.0038344633751021787,,0.0,0.3237971622070515,all_defined
snap-r6-variants-b,accuracy_like_cross_half_error_corr_0.1,wild_webb,1.0779610382569493,{},4000,20260918,0.94275,0.0036732967991982357,,0.0,0.3378617583385381,all_defined
snap-r6-variants-b,accuracy_like_cross_half_error_corr_0.1,wild_cr3,1.0779610382569493,{},4000,20260918,0.951,0.003413173010557773,,0.0,0.3546059260208111,all_defined
snap-r6-variants-b,accuracy_like_cross_half_error_corr_0.1,cluster_t_cr1,1.0779610382569493,{},4000,20260918,0.943,0.003665753674212168,,0.0,0.3397846166253977,all_defined
snap-r6-variants-b,accuracy_like_cross_half_error_corr_0.1,centred,1.0779610382569493,{},4000,20260918,0.94475,0.003612389704198594,,0.0,0.34235941079629506,all_defined
snap-r6-variants-b,rho_0.2_margin_noise,wild_rademacher,1.6733200530681511,{},4000,20260918,0.94675,0.0035501562465615516,,0.0,0.26219118179114986,all_defined
snap-r6-variants-b,rho_0.2_margin_noise,wild_mammen,1.6733200530681511,{},4000,20260918,0.9365,0.0038557667849598992,,0.0,0.25072923542476133,all_defined
snap-r6-variants-b,rho_0.2_margin_noise,wild_webb,1.6733200530681511,{},4000,20260918,0.94475,0.003612389704198594,,0.0,0.26132977189136974,all_defined
snap-r6-variants-b,rho_0.2_margin_noise,wild_cr3,1.6733200530681511,{},4000,20260918,0.9555,0.003260358492558755,,0.0,0.2740345975666223,all_defined
snap-r6-variants-b,rho_0.2_margin_noise,cluster_t_cr1,1.6733200530681511,{},4000,20260918,0.9445,0.0036200742395702326,,0.0,0.26020157496689666,all_defined
snap-r6-variants-b,rho_0.2_margin_noise,centred,1.6733200530681511,{},4000,20260918,0.944,0.0036353816856005655,,0.0,0.26187071176536647,all_defined
snap-r6-variants-c,margin_like,wild_rademacher,1.2445882853377657,{},10000,20260928,0.9472,0.002236339866835986,,0.0,0.24204263406907833,all_defined
snap-r6-variants-c,margin_like,wild_cr3,1.2445882853377657,{},10000,20260928,0.9556,0.00205982135147687,,0.0,0.25298942060296215,all_defined
snap-r6-variants-c,accuracy_like,wild_rademacher,1.0779610382569493,{},10000,20260928,0.9504,0.0021711711125565387,,0.0002,0.3972306317413991,undefined_present
snap-r6-variants-c,accuracy_like,wild_cr3,1.0779610382569493,{},10000,20260928,0.9594,0.0019736169841182453,,0.0002,0.415911922028805,undefined_present
snap-r6-variants-c,margin_like_cross_half_error_corr_0.1,wild_rademacher,1.2445882853377657,{},10000,20260928,0.9292,0.002564904676591315,,0.0,0.23493396069063444,all_defined
snap-r6-variants-c,margin_like_cross_half_error_corr_0.1,wild_cr3,1.2445882853377657,{},10000,20260928,0.9401,0.0023730147492166996,,0.0,0.24558060355346145,all_defined
snap-r6-variants-c,margin_like_one_dominant_recipe,wild_rademacher,1.2445882853377657,{},10000,20260928,0.9424,0.0023298549311062265,,0.0,0.2644540125821226,all_defined
snap-r6-variants-c,margin_like_one_dominant_recipe,wild_cr3,1.2445882853377657,{},10000,20260928,0.9567,0.002035315945989713,,0.0,0.29812090358320587,all_defined
snap-r6-variants-c,null_margin_noise,wild_rademacher,1.0,{},10000,20260928,0.9484,0.0022121808244354706,,0.0,0.2236872123699416,all_defined
snap-r6-variants-c,null_margin_noise,wild_cr3,1.0,{},10000,20260928,0.9562,0.0020464984730021165,,0.0,0.2335418285368973,all_defined
snap-r6-variants-c,null_accuracy_noise,wild_rademacher,1.0,{},10000,20260928,0.9474,0.0022323359962156232,,0.001,0.40479454970900475,undefined_present
snap-r6-variants-c,null_accuracy_noise,wild_cr3,1.0,{},10000,20260928,0.9547,0.00207961318518613,,0.0012,0.4235222846260167,undefined_present
snap-r6-variants-c,margin_like_boolq_trace,wild_rademacher,1.1519072321506927,{},10000,20260928,0.9451,0.002277849643852727,,0.0,0.17222726131084454,all_defined
snap-r6-variants-c,margin_like_boolq_trace,wild_cr3,1.1519072321506927,{},10000,20260928,0.9542,0.0020905109423296486,,0.0,0.18050259722189244,all_defined
snap-r6-variants-c,accuracy_like_boolq_trace,wild_rademacher,1.0308411390725625,{},10000,20260928,0.9447,0.002285648923172586,,0.0,0.15492867181175862,all_defined
snap-r6-variants-c,accuracy_like_boolq_trace,wild_cr3,1.0308411390725625,{},10000,20260928,0.9542,0.0020905109423296486,,0.0,0.16248381755963415,all_defined
snap-r6-variants-c,margin_like_recipe_shared,wild_rademacher,1.2445882853377657,{},10000,20260928,0.9434,0.0023107669722410348,,0.0,0.31046831678052306,all_defined
snap-r6-variants-c,margin_like_recipe_shared,wild_cr3,1.2445882853377657,{},10000,20260928,0.9512,0.002154496692965667,,0.0,0.3252924266932423,all_defined
snap-r6-variants-c,margin_like_heavy_tails,wild_rademacher,1.2445882853377657,{},10000,20260928,0.9357,0.0024528658748492554,,0.0031,0.3208215853399936,undefined_present
snap-r6-variants-c,margin_like_heavy_tails,wild_cr3,1.2445882853377657,{},10000,20260928,0.9452,0.002275894549402497,,0.0071,0.3406419373034856,undefined_present
snap-r6-variants-c,accuracy_like_cross_half_error_corr_0.1,wild_rademacher,1.0779610382569493,{},10000,20260928,0.9423,0.0023317527742022733,,0.0,0.3357157898682951,all_defined
snap-r6-variants-c,accuracy_like_cross_half_error_corr_0.1,wild_cr3,1.0779610382569493,{},10000,20260928,0.9504,0.0021711711125565387,,0.0,0.35124595411887255,all_defined
snap-r6-variants-c,rho_0.2_margin_noise,wild_rademacher,1.6733200530681511,{},10000,20260928,0.9454,0.002271977992851163,,0.0,0.2616484682470305,all_defined
snap-r6-variants-c,rho_0.2_margin_noise,wild_cr3,1.6733200530681511,{},10000,20260928,0.9535,0.0021056531053333543,,0.0,0.2737278532732723,all_defined
snap-r6-webb-weights,recipes_05,rademacher,1.2445882853377657,"{""noise_sd"": 0.73, ""recipes"": 5, ""rho"": 0.061}",4000,20260967,0.7595,0.00675758370277424,0.15475,0.191,0.7252604933574244,undefined_present
snap-r6-webb-weights,recipes_05,mammen,1.2445882853377657,"{""noise_sd"": 0.73, ""recipes"": 5, ""rho"": 0.061}",4000,20260967,0.87275,0.0052691896317175755,0.363,0.01125,0.5336428923057669,undefined_present
snap-r6-webb-weights,recipes_05,webb,1.2445882853377657,"{""noise_sd"": 0.73, ""recipes"": 5, ""rho"": 0.061}",4000,20260967,0.83025,0.0059358010727280945,0.19825,0.1035,0.6786740972232976,undefined_present
snap-r6-webb-weights,recipes_05,webb_cr3,1.2445882853377657,"{""noise_sd"": 0.73, ""recipes"": 5, ""rho"": 0.061}",4000,20260967,0.7405,0.00693108487179316,0.1125,0.22475,0.81375451879284,undefined_present
snap-r6-webb-weights,recipes_05,cluster_t_recipe,1.2445882853377657,"{""noise_sd"": 0.73, ""recipes"": 5, ""rho"": 0.061}",4000,20260967,0.90825,0.0045643164192461505,0.21025,0.02525,0.6805641441625299,undefined_present
snap-r6-webb-weights,recipes_10,rademacher,1.2445882853377657,"{""noise_sd"": 0.73, ""recipes"": 10, ""rho"": 0.061}",4000,20260967,0.94075,0.003732942455356097,0.543,0.0,0.41470801065773766,all_defined
snap-r6-webb-weights,recipes_10,mammen,1.2445882853377657,"{""noise_sd"": 0.73, ""recipes"": 10, ""rho"": 0.061}",4000,20260967,0.91125,0.004496483000635052,0.70225,0.0,0.35606615070328795,all_defined
snap-r6-webb-weights,recipes_10,webb,1.2445882853377657,"{""noise_sd"": 0.73, ""recipes"": 10, ""rho"": 0.061}",4000,20260967,0.93875,0.003791386207576327,0.552,0.0,0.41068574759561044,all_defined
snap-r6-webb-weights,recipes_10,webb_cr3,1.2445882853377657,"{""noise_sd"": 0.73, ""recipes"": 10, ""rho"": 0.061}",4000,20260967,0.96175,0.00303261180750191,0.4455,0.0,0.4608695178272517,all_defined
snap-r6-webb-weights,recipes_10,cluster_t_recipe,1.2445882853377657,"{""noise_sd"": 0.73, ""recipes"": 10, ""rho"": 0.061}",4000,20260967,0.94,0.003754996671103719,0.56125,0.0,0.4102401524118276,all_defined
snap-r6-webb-weights,recipes_15,rademacher,1.2445882853377657,"{""noise_sd"": 0.73, ""recipes"": 15, ""rho"": 0.061}",4000,20260967,0.94125,0.003718145959345866,0.78675,0.0,0.3220819913187928,all_defined
snap-r6-webb-weights,recipes_15,mammen,1.2445882853377657,"{""noise_sd"": 0.73, ""recipes"": 15, ""rho"": 0.061}",4000,20260967,0.92425,0.004183656818502205,0.86575,0.0,0.2943720259470758,all_defined
snap-r6-webb-weights,recipes_15,webb,1.2445882853377657,"{""noise_sd"": 0.73, ""recipes"": 15, ""rho"": 0.061}",4000,20260967,0.9395,0.003769607075014583,0.791,0.0,0.32034087025112046,all_defined
snap-r6-webb-weights,recipes_15,webb_cr3,1.2445882853377657,"{""noise_sd"": 0.73, ""recipes"": 15, ""rho"": 0.061}",4000,20260967,0.9515,0.0033966067626382654,0.73625,0.0,0.34517132264115313,all_defined
snap-r6-webb-weights,recipes_15,cluster_t_recipe,1.2445882853377657,"{""noise_sd"": 0.73, ""recipes"": 15, ""rho"": 0.061}",4000,20260967,0.94,0.003754996671103719,0.79175,0.0,0.31964535851540643,all_defined
snap-r6-webb-weights,recipes_25,rademacher,1.2445882853377657,"{""noise_sd"": 0.73, ""recipes"": 25, ""rho"": 0.061}",4000,20260967,0.94825,0.0035025682541529424,0.97175,0.0,0.24187768826325273,all_defined
snap-r6-webb-weights,recipes_25,mammen,1.2445882853377657,"{""noise_sd"": 0.73, ""recipes"": 25, ""rho"": 0.061}",4000,20260967,0.93875,0.003791386207576327,0.98475,0.0,0.2317159080602107,all_defined
snap-r6-webb-weights,recipes_25,webb,1.2445882853377657,"{""noise_sd"": 0.73, ""recipes"": 25, ""rho"": 0.061}",4000,20260967,0.9475,0.0035264624625820132,0.97175,0.0,0.24117774112217416,all_defined
snap-r6-webb-weights,recipes_25,webb_cr3,1.2445882853377657,"{""noise_sd"": 0.73, ""recipes"": 25, ""rho"": 0.061}",4000,20260967,0.95675,0.003216342546278304,0.9655,0.0,0.2520744359593283,all_defined
snap-r6-webb-weights,recipes_25,cluster_t_recipe,1.2445882853377657,"{""noise_sd"": 0.73, ""recipes"": 25, ""rho"": 0.061}",4000,20260967,0.94775,0.0035185201967588594,0.97125,0.0,0.24112267711493718,all_defined
